[INFO] [launch]: All log files can be found below /root/.ros/log/2026-09-12-19-38-48-514164-80b7eafd4c38-186
[INFO] [launch]: Default logging verbosity is set to INFO
[INFO] [robot_state_publisher-1]: process started with pid [189]
[INFO] [move_group-2]: process started with pid [190]
[robot_state_publisher-1] [WARN] [1789241928.721732382] [kdl_parser]: The root link panda_link0 has an inertia specified in the URDF, but KDL does not support a root link with an inertia.  As a workaround, you can add an extra dummy link to your URDF.
[robot_state_publisher-1] [INFO] [1789241928.721880959] [robot_state_publisher]: Robot initialized
[move_group-2] [INFO] [1789241928.768486888] [move_group.moveit.moveit.ros.rdf_loader]: Loaded robot model in 0 seconds
[move_group-2] [INFO] [1789241928.768653576] [move_group.moveit.moveit.core.robot_model]: Loading robot model 'panda'...
[move_group-2] [WARN] [1789241928.774793439] [kdl_parser]: The root link panda_link0 has an inertia specified in the URDF, but KDL does not support a root link with an inertia.  As a workaround, you can add an extra dummy link to your URDF.
[move_group-2] [INFO] [1789241928.774894463] [move_group.moveit.moveit.kinematics.kdl_kinematics_plugin]: Joint weights for group 'panda_arm': 1 1 1 1 1 1 1
[move_group-2] [INFO] [1789241928.800730173] [move_group.moveit.moveit.ros.planning_scene_monitor]: Publishing maintained planning scene on 'monitored_planning_scene'
[move_group-2] [INFO] [1789241928.800989502] [move_group.moveit.moveit.ros.moveit_cpp]: Listening to 'joint_states' for joint states
[move_group-2] [INFO] [1789241928.801919905] [move_group.moveit.moveit.ros.current_state_monitor]: Listening to joint states on topic 'joint_states'
[move_group-2] [INFO] [1789241928.802229346] [move_group.moveit.moveit.ros.planning_scene_monitor]: Listening to '/attached_collision_object' for attached collision objects
[move_group-2] [INFO] [1789241928.802254658] [move_group.moveit.moveit.ros.planning_scene_monitor]: Stopping existing planning scene publisher.
[move_group-2] [INFO] [1789241928.802430019] [move_group.moveit.moveit.ros.planning_scene_monitor]: Stopped publishing maintained planning scene.
[move_group-2] [INFO] [1789241928.802730084] [move_group.moveit.moveit.ros.planning_scene_monitor]: Publishing maintained planning scene on 'monitored_planning_scene'
[move_group-2] [INFO] [1789241928.802840452] [move_group.moveit.moveit.ros.planning_scene_monitor]: Starting planning scene monitor
[move_group-2] [INFO] [1789241928.803443271] [move_group.moveit.moveit.ros.planning_scene_monitor]: Listening to '/planning_scene'
[move_group-2] [INFO] [1789241928.803467911] [move_group.moveit.moveit.ros.planning_scene_monitor]: Starting world geometry update monitor for collision objects, attached objects, octomap updates.
[move_group-2] [INFO] [1789241928.803693991] [move_group.moveit.moveit.ros.planning_scene_monitor]: Listening to 'collision_object'
[move_group-2] [INFO] [1789241928.803939016] [move_group.moveit.moveit.ros.planning_scene_monitor]: Listening to 'planning_scene_world' for planning scene world geometry
[move_group-2] [WARN] [1789241928.804145289] [move_group.moveit.moveit.ros.occupancy_map_monitor]: Resolution not specified for Octomap. Assuming resolution = 0.1 instead
[move_group-2] [ERROR] [1789241928.804175145] [move_group.moveit.moveit.ros.occupancy_map_monitor]: No 3D sensor plugin(s) defined for octomap updates
[move_group-2] [INFO] [1789241928.809222108] [move_group.moveit.moveit.ros.planning_pipeline]: Successfully loaded planner 'CHOMP'
[move_group-2] [INFO] [1789241928.809913502] [move_group]: Try loading adapter 'default_planning_request_adapters/ResolveConstraintFrames'
[move_group-2] [INFO] [1789241928.810505536] [move_group]: Loaded adapter 'default_planning_request_adapters/ResolveConstraintFrames'
[move_group-2] [INFO] [1789241928.810531360] [move_group]: Try loading adapter 'default_planning_request_adapters/ValidateWorkspaceBounds'
[move_group-2] [INFO] [1789241928.810662433] [move_group]: Loaded adapter 'default_planning_request_adapters/ValidateWorkspaceBounds'
[move_group-2] [INFO] [1789241928.810676033] [move_group]: Try loading adapter 'default_planning_request_adapters/CheckStartStateBounds'
[move_group-2] [INFO] [1789241928.810697313] [move_group]: Loaded adapter 'default_planning_request_adapters/CheckStartStateBounds'
[move_group-2] [INFO] [1789241928.810704449] [move_group]: Try loading adapter 'default_planning_request_adapters/CheckStartStateCollision'
[move_group-2] [INFO] [1789241928.810721153] [move_group]: Loaded adapter 'default_planning_request_adapters/CheckStartStateCollision'
[move_group-2] [INFO] [1789241928.811353123] [move_group]: Try loading adapter 'default_planning_response_adapters/AddTimeOptimalParameterization'
[move_group-2] [INFO] [1789241928.812917161] [move_group]: Loaded adapter 'default_planning_response_adapters/AddTimeOptimalParameterization'
[move_group-2] [INFO] [1789241928.825093653] [move_group.moveit.moveit.ros.planning_pipeline]: Successfully loaded planner 'OMPL'
[move_group-2] [INFO] [1789241928.825889528] [move_group]: Try loading adapter 'default_planning_request_adapters/ResolveConstraintFrames'
[move_group-2] [INFO] [1789241928.825986360] [move_group]: Loaded adapter 'default_planning_request_adapters/ResolveConstraintFrames'
[move_group-2] [INFO] [1789241928.825998328] [move_group]: Try loading adapter 'default_planning_request_adapters/ValidateWorkspaceBounds'
[move_group-2] [INFO] [1789241928.826202009] [move_group]: Loaded adapter 'default_planning_request_adapters/ValidateWorkspaceBounds'
[move_group-2] [INFO] [1789241928.826219545] [move_group]: Try loading adapter 'default_planning_request_adapters/CheckStartStateBounds'
[move_group-2] [INFO] [1789241928.826240921] [move_group]: Loaded adapter 'default_planning_request_adapters/CheckStartStateBounds'
[move_group-2] [INFO] [1789241928.826249977] [move_group]: Try loading adapter 'default_planning_request_adapters/CheckStartStateCollision'
[move_group-2] [INFO] [1789241928.826264697] [move_group]: Loaded adapter 'default_planning_request_adapters/CheckStartStateCollision'
[move_group-2] [INFO] [1789241928.826901596] [move_group]: Try loading adapter 'default_planning_response_adapters/AddTimeOptimalParameterization'
[move_group-2] [INFO] [1789241928.827188669] [move_group]: Loaded adapter 'default_planning_response_adapters/AddTimeOptimalParameterization'
[move_group-2] [INFO] [1789241928.827209629] [move_group]: Try loading adapter 'default_planning_response_adapters/ValidateSolution'
[move_group-2] [INFO] [1789241928.829105892] [move_group]: Loaded adapter 'default_planning_response_adapters/ValidateSolution'
[move_group-2] [INFO] [1789241928.829132868] [move_group]: Try loading adapter 'default_planning_response_adapters/DisplayMotionPath'
[move_group-2] [INFO] [1789241928.829545381] [move_group]: Loaded adapter 'default_planning_response_adapters/DisplayMotionPath'
[move_group-2] [INFO] [1789241928.831519980] [move_group.moveit.moveit.planners.pilz.joint_limits_aggregator]: Reading limits from namespace robot_description_planning
[move_group-2] [WARN] [1789241928.832081038] [move_group.moveit.moveit.planners.pilz.joint_limits_aggregator]: Multi-DOF-Joint 'virtual_joint' not supported.
[move_group-2] [WARN] [1789241928.832121775] [move_group.moveit.moveit.planners.pilz.joint_limits_aggregator]: Multi-DOF-Joint 'virtual_joint' not supported.
[move_group-2] [INFO] [1789241928.835070009] [move_group.moveit.moveit.planners.pilz.command_planner]: Available plugins: pilz_industrial_motion_planner/PlanningContextLoaderCIRC pilz_industrial_motion_planner/PlanningContextLoaderLIN pilz_industrial_motion_planner/PlanningContextLoaderPTP 
[move_group-2] [INFO] [1789241928.835108410] [move_group.moveit.moveit.planners.pilz.command_planner]: About to load: pilz_industrial_motion_planner/PlanningContextLoaderCIRC
[move_group-2] [INFO] [1789241928.836158237] [move_group.moveit.moveit.planners.pilz.command_planner]: Registered Algorithm [CIRC]
[move_group-2] [INFO] [1789241928.836191517] [move_group.moveit.moveit.planners.pilz.command_planner]: About to load: pilz_industrial_motion_planner/PlanningContextLoaderLIN
[move_group-2] [INFO] [1789241928.836825632] [move_group.moveit.moveit.planners.pilz.command_planner]: Registered Algorithm [LIN]
[move_group-2] [INFO] [1789241928.836858400] [move_group.moveit.moveit.planners.pilz.command_planner]: About to load: pilz_industrial_motion_planner/PlanningContextLoaderPTP
[move_group-2] [INFO] [1789241928.837447874] [move_group.moveit.moveit.planners.pilz.command_planner]: Registered Algorithm [PTP]
[move_group-2] [INFO] [1789241928.837478658] [move_group.moveit.moveit.ros.planning_pipeline]: Successfully loaded planner 'Pilz Industrial Motion Planner'
[move_group-2] [INFO] [1789241928.838174373] [move_group]: Try loading adapter 'default_planning_request_adapters/ValidateWorkspaceBounds'
[move_group-2] [INFO] [1789241928.838400773] [move_group]: Loaded adapter 'default_planning_request_adapters/ValidateWorkspaceBounds'
[move_group-2] [INFO] [1789241928.838422405] [move_group]: Try loading adapter 'default_planning_request_adapters/CheckStartStateBounds'
[move_group-2] [INFO] [1789241928.838445830] [move_group]: Loaded adapter 'default_planning_request_adapters/CheckStartStateBounds'
[move_group-2] [INFO] [1789241928.838455302] [move_group]: Try loading adapter 'default_planning_request_adapters/CheckStartStateCollision'
[move_group-2] [INFO] [1789241928.838467686] [move_group]: Loaded adapter 'default_planning_request_adapters/CheckStartStateCollision'
[move_group-2] [WARN] [1789241928.838474758] [move_group.moveit.moveit.ros.planning_pipeline]: No planning response adapter names specified.
[move_group-2] [INFO] [1789241928.840783054] [move_group.moveit.moveit.ros.planning_pipeline]: Successfully loaded planner 'STOMP'
[move_group-2] [INFO] [1789241928.841456273] [move_group]: Try loading adapter 'default_planning_request_adapters/ResolveConstraintFrames'
[move_group-2] [INFO] [1789241928.841535185] [move_group]: Loaded adapter 'default_planning_request_adapters/ResolveConstraintFrames'
[move_group-2] [INFO] [1789241928.841547473] [move_group]: Try loading adapter 'default_planning_request_adapters/ValidateWorkspaceBounds'
[move_group-2] [INFO] [1789241928.841682737] [move_group]: Loaded adapter 'default_planning_request_adapters/ValidateWorkspaceBounds'
[move_group-2] [INFO] [1789241928.841697297] [move_group]: Try loading adapter 'default_planning_request_adapters/CheckStartStateBounds'
[move_group-2] [INFO] [1789241928.841719153] [move_group]: Loaded adapter 'default_planning_request_adapters/CheckStartStateBounds'
[move_group-2] [INFO] [1789241928.841726449] [move_group]: Try loading adapter 'default_planning_request_adapters/CheckStartStateCollision'
[move_group-2] [INFO] [1789241928.841738258] [move_group]: Loaded adapter 'default_planning_request_adapters/CheckStartStateCollision'
[move_group-2] [INFO] [1789241928.842351732] [move_group]: Try loading adapter 'default_planning_response_adapters/AddTimeOptimalParameterization'
[move_group-2] [INFO] [1789241928.842647221] [move_group]: Loaded adapter 'default_planning_response_adapters/AddTimeOptimalParameterization'
[move_group-2] [INFO] [1789241928.842665493] [move_group]: Try loading adapter 'default_planning_response_adapters/ValidateSolution'
[move_group-2] [INFO] [1789241928.842956694] [move_group]: Loaded adapter 'default_planning_response_adapters/ValidateSolution'
[move_group-2] [INFO] [1789241928.842974486] [move_group]: Try loading adapter 'default_planning_response_adapters/DisplayMotionPath'
[move_group-2] [INFO] [1789241928.843174583] [move_group]: Loaded adapter 'default_planning_response_adapters/DisplayMotionPath'
[move_group-2] [INFO] [1789241928.876174062] [move_group.moveit.moveit.plugins.simple_controller_manager]: Added FollowJointTrajectory controller for panda_arm_controller
[move_group-2] [INFO] [1789241928.876267887] [move_group.moveit.moveit.plugins.simple_controller_manager]: panda_hand_controller will command a max effort of: 0
[move_group-2] [ERROR] [1789241928.878172598] [move_group.moveit.moveit.plugins.simple_controller_manager]: Parallel Gripper requires exactly two joints, 1 are specified
[move_group-2] [INFO] [1789241928.880798751] [move_group.moveit.moveit.plugins.simple_controller_manager]: Returned 1 controllers in list
[move_group-2] [INFO] [1789241928.880857663] [move_group.moveit.moveit.plugins.simple_controller_manager]: Returned 1 controllers in list
[move_group-2] [INFO] [1789241928.881395969] [move_group.moveit.moveit.ros.trajectory_execution_manager]: Trajectory execution is managing controllers
[move_group-2] [INFO] [1789241928.881439458] [move_group]: MoveGroup debug mode is ON
[move_group-2] [INFO] [1789241928.897285467] [move_group.moveit.moveit.planners.pilz.move_group_sequence_action]: initialize move group sequence action
[move_group-2] [INFO] [1789241928.899535395] [move_group.moveit.moveit.planners.pilz.joint_limits_aggregator]: Reading limits from namespace robot_description_planning
[move_group-2] [WARN] [1789241928.899600131] [move_group.moveit.moveit.planners.pilz.joint_limits_aggregator]: Multi-DOF-Joint 'virtual_joint' not supported.
[move_group-2] [WARN] [1789241928.899629315] [move_group.moveit.moveit.planners.pilz.joint_limits_aggregator]: Multi-DOF-Joint 'virtual_joint' not supported.
[move_group-2] [INFO] [1789241928.899801604] [move_group.moveit.moveit.planners.pilz.joint_limits_aggregator]: Reading limits from namespace robot_description_planning
[move_group-2] [WARN] [1789241928.899832260] [move_group.moveit.moveit.planners.pilz.joint_limits_aggregator]: Multi-DOF-Joint 'virtual_joint' not supported.
[move_group-2] [WARN] [1789241928.899848676] [move_group.moveit.moveit.planners.pilz.joint_limits_aggregator]: Multi-DOF-Joint 'virtual_joint' not supported.
[move_group-2] [INFO] [1789241928.900494695] [move_group.moveit.moveit.ros.move_group.executable]: 
[move_group-2] 
[move_group-2] ********************************************************
[move_group-2] * MoveGroup using: 
[move_group-2] *     - apply_planning_scene_service
[move_group-2] *     - clear_octomap_service
[move_group-2] *     - get_group_urdf
[move_group-2] *     - load_geometry_from_file
[move_group-2] *     - CartesianPathService
[move_group-2] *     - execute_trajectory_action
[move_group-2] *     - get_planning_scene_service
[move_group-2] *     - kinematics_service
[move_group-2] *     - move_action
[move_group-2] *     - motion_plan_service
[move_group-2] *     - query_planners_service
[move_group-2] *     - state_validation_service
[move_group-2] *     - save_geometry_to_file
[move_group-2] *     - SequenceAction
[move_group-2] *     - SequenceService
[move_group-2] ********************************************************
[move_group-2] 
[move_group-2] [INFO] [1789241928.900568071] [move_group.moveit.moveit.ros.move_group.context]: MoveGroup context using pipeline ompl
[move_group-2] [INFO] [1789241928.900585223] [move_group.moveit.moveit.ros.move_group.context]: MoveGroup context initialization complete
[move_group-2] [WARN] [1789241929.070290255] [move_group.moveit.moveit.ros.current_state_monitor]: Unable to update multi-DOF joint 'virtual_joint':Failure to lookup transform between 'world'and 'panda_link0' with TF exception: "world" passed to lookupTransform argument target_frame does not exist. 
[move_group-2] [ERROR] [1789241956.623607280] [move_group.moveit.moveit.core.robot_model]: Group '' not found in model 'panda'
[move_group-2] [INFO] [1789242638.286656269] [move_group.moveit.moveit.ros.move_group.cartesian_path_service_capability]: Received request to compute Cartesian path
[move_group-2] [INFO] [1789242638.286832557] [move_group.moveit.moveit.ros.move_group.cartesian_path_service_capability]: Attempting to follow 1 waypoints for link 'panda_hand' using a step of 0.005000 m and jump threshold 0.000000 (in global reference frame)
[move_group-2] [INFO] [1789242638.288298259] [move_group.moveit.moveit.ros.move_group.cartesian_path_service_capability]: Computed Cartesian path with 12 points (followed 100.000000% of requested trajectory)
[move_group-2] [INFO] [1789242702.786088069] [move_group.moveit.moveit.ros.move_group.cartesian_path_service_capability]: Received request to compute Cartesian path
[move_group-2] [INFO] [1789242702.786296774] [move_group.moveit.moveit.ros.move_group.cartesian_path_service_capability]: Attempting to follow 1 waypoints for link 'panda_hand' using a step of 0.005000 m and jump threshold 0.000000 (in global reference frame)
[move_group-2] [INFO] [1789242702.804955561] [move_group.moveit.moveit.ros.move_group.cartesian_path_service_capability]: Computed Cartesian path with 134 points (followed 100.000000% of requested trajectory)
[move_group-2] [INFO] [1789242714.785923369] [move_group.moveit.moveit.ros.move_group.cartesian_path_service_capability]: Received request to compute Cartesian path
[move_group-2] [INFO] [1789242714.786161834] [move_group.moveit.moveit.ros.move_group.cartesian_path_service_capability]: Attempting to follow 1 waypoints for link 'panda_hand' using a step of 0.005000 m and jump threshold 0.000000 (in global reference frame)
[move_group-2] [INFO] [1789242714.798703288] [move_group.moveit.moveit.ros.move_group.cartesian_path_service_capability]: Computed Cartesian path with 124 points (followed 100.000000% of requested trajectory)
[move_group-2] [INFO] [1789242730.785592633] [move_group.moveit.moveit.ros.move_group.cartesian_path_service_capability]: Received request to compute Cartesian path
[move_group-2] [INFO] [1789242730.785779354] [move_group.moveit.moveit.ros.move_group.cartesian_path_service_capability]: Attempting to follow 1 waypoints for link 'panda_hand' using a step of 0.005000 m and jump threshold 0.000000 (in global reference frame)
[move_group-2] [INFO] [1789242730.793034068] [move_group.moveit.moveit.ros.move_group.cartesian_path_service_capability]: Computed Cartesian path with 83 points (followed 100.000000% of requested trajectory)
[move_group-2] [INFO] [1789242941.286821351] [move_group.moveit.moveit.ros.move_group.cartesian_path_service_capability]: Received request to compute Cartesian path
[move_group-2] [INFO] [1789242941.286997256] [move_group.moveit.moveit.ros.move_group.cartesian_path_service_capability]: Attempting to follow 1 waypoints for link 'panda_hand' using a step of 0.005000 m and jump threshold 0.000000 (in global reference frame)
[move_group-2] [INFO] [1789242941.289405937] [move_group.moveit.moveit.ros.move_group.cartesian_path_service_capability]: Computed Cartesian path with 28 points (followed 100.000000% of requested trajectory)
[move_group-2] [INFO] [1789242953.286304385] [move_group.moveit.moveit.ros.move_group.cartesian_path_service_capability]: Received request to compute Cartesian path
[move_group-2] [INFO] [1789242953.286511425] [move_group.moveit.moveit.ros.move_group.cartesian_path_service_capability]: Attempting to follow 1 waypoints for link 'panda_hand' using a step of 0.005000 m and jump threshold 0.000000 (in global reference frame)
[move_group-2] [INFO] [1789242953.287755366] [move_group.moveit.moveit.ros.move_group.cartesian_path_service_capability]: Computed Cartesian path with 15 points (followed 100.000000% of requested trajectory)
[move_group-2] [INFO] [1789242967.285794702] [move_group.moveit.moveit.ros.move_group.cartesian_path_service_capability]: Received request to compute Cartesian path
[move_group-2] [INFO] [1789242967.286019599] [move_group.moveit.moveit.ros.move_group.cartesian_path_service_capability]: Attempting to follow 1 waypoints for link 'panda_hand' using a step of 0.005000 m and jump threshold 0.000000 (in global reference frame)
[move_group-2] [INFO] [1789242967.288552920] [move_group.moveit.moveit.ros.move_group.cartesian_path_service_capability]: Computed Cartesian path with 30 points (followed 100.000000% of requested trajectory)
[move_group-2] [INFO] [1789243338.786246350] [move_group.moveit.moveit.ros.move_group.cartesian_path_service_capability]: Received request to compute Cartesian path
[move_group-2] [INFO] [1789243338.786457455] [move_group.moveit.moveit.ros.move_group.cartesian_path_service_capability]: Attempting to follow 1 waypoints for link 'panda_hand' using a step of 0.005000 m and jump threshold 0.000000 (in global reference frame)
[move_group-2] [INFO] [1789243338.788833719] [move_group.moveit.moveit.ros.move_group.cartesian_path_service_capability]: Computed Cartesian path with 27 points (followed 100.000000% of requested trajectory)
[move_group-2] [INFO] [1789243355.286427840] [move_group.moveit.moveit.ros.move_group.cartesian_path_service_capability]: Received request to compute Cartesian path
[move_group-2] [INFO] [1789243355.286643169] [move_group.moveit.moveit.ros.move_group.cartesian_path_service_capability]: Attempting to follow 1 waypoints for link 'panda_hand' using a step of 0.005000 m and jump threshold 0.000000 (in global reference frame)
[move_group-2] [INFO] [1789243355.288953929] [move_group.moveit.moveit.ros.move_group.cartesian_path_service_capability]: Computed Cartesian path with 26 points (followed 100.000000% of requested trajectory)
[move_group-2] [INFO] [1789243470.286719565] [move_group.moveit.moveit.ros.move_group.cartesian_path_service_capability]: Received request to compute Cartesian path
[move_group-2] [INFO] [1789243470.286910222] [move_group.moveit.moveit.ros.move_group.cartesian_path_service_capability]: Attempting to follow 1 waypoints for link 'panda_hand' using a step of 0.005000 m and jump threshold 0.000000 (in global reference frame)
[move_group-2] [INFO] [1789243470.289945465] [move_group.moveit.moveit.ros.move_group.cartesian_path_service_capability]: Computed Cartesian path with 36 points (followed 100.000000% of requested trajectory)
[move_group-2] [INFO] [1789243495.786623851] [move_group.moveit.moveit.ros.move_group.cartesian_path_service_capability]: Received request to compute Cartesian path
[move_group-2] [INFO] [1789243495.786827659] [move_group.moveit.moveit.ros.move_group.cartesian_path_service_capability]: Attempting to follow 1 waypoints for link 'panda_hand' using a step of 0.005000 m and jump threshold 0.000000 (in global reference frame)
[move_group-2] [INFO] [1789243495.789512629] [move_group.moveit.moveit.ros.move_group.cartesian_path_service_capability]: Computed Cartesian path with 31 points (followed 100.000000% of requested trajectory)
[move_group-2] [INFO] [1789243804.285988240] [move_group.moveit.moveit.ros.move_group.cartesian_path_service_capability]: Received request to compute Cartesian path
[move_group-2] [INFO] [1789243804.286187504] [move_group.moveit.moveit.ros.move_group.cartesian_path_service_capability]: Attempting to follow 1 waypoints for link 'panda_hand' using a step of 0.005000 m and jump threshold 0.000000 (in global reference frame)
[move_group-2] [INFO] [1789243804.288830234] [move_group.moveit.moveit.ros.move_group.cartesian_path_service_capability]: Computed Cartesian path with 31 points (followed 100.000000% of requested trajectory)
[move_group-2] [INFO] [1789243826.285942737] [move_group.moveit.moveit.ros.move_group.cartesian_path_service_capability]: Received request to compute Cartesian path
[move_group-2] [INFO] [1789243826.286146002] [move_group.moveit.moveit.ros.move_group.cartesian_path_service_capability]: Attempting to follow 1 waypoints for link 'panda_hand' using a step of 0.005000 m and jump threshold 0.000000 (in global reference frame)
[move_group-2] [INFO] [1789243826.288699643] [move_group.moveit.moveit.ros.move_group.cartesian_path_service_capability]: Computed Cartesian path with 32 points (followed 100.000000% of requested trajectory)
[move_group-2] [INFO] [1789243842.785886947] [move_group.moveit.moveit.ros.move_group.cartesian_path_service_capability]: Received request to compute Cartesian path
[move_group-2] [INFO] [1789243842.786110691] [move_group.moveit.moveit.ros.move_group.cartesian_path_service_capability]: Attempting to follow 1 waypoints for link 'panda_hand' using a step of 0.005000 m and jump threshold 0.000000 (in global reference frame)
[move_group-2] [INFO] [1789243842.787421544] [move_group.moveit.moveit.ros.move_group.cartesian_path_service_capability]: Computed Cartesian path with 16 points (followed 100.000000% of requested trajectory)
[move_group-2] [INFO] [1789243857.285924671] [move_group.moveit.moveit.ros.move_group.cartesian_path_service_capability]: Received request to compute Cartesian path
[move_group-2] [INFO] [1789243857.286140608] [move_group.moveit.moveit.ros.move_group.cartesian_path_service_capability]: Attempting to follow 2 waypoints for link 'panda_hand' using a step of 0.005000 m and jump threshold 0.000000 (in global reference frame)
[move_group-2] [INFO] [1789243857.291118834] [move_group.moveit.moveit.ros.move_group.cartesian_path_service_capability]: Computed Cartesian path with 52 points (followed 100.000000% of requested trajectory)
[move_group-2] [INFO] [1789244294.285682062] [move_group.moveit.moveit.ros.move_group.cartesian_path_service_capability]: Received request to compute Cartesian path
[move_group-2] [INFO] [1789244294.285873294] [move_group.moveit.moveit.ros.move_group.cartesian_path_service_capability]: Attempting to follow 1 waypoints for link 'panda_hand' using a step of 0.005000 m and jump threshold 0.000000 (in global reference frame)
[move_group-2] [INFO] [1789244294.286394256] [move_group.moveit.moveit.ros.move_group.cartesian_path_service_capability]: Computed Cartesian path with 4 points (followed 100.000000% of requested trajectory)
[move_group-2] [INFO] [1789244302.285582475] [move_group.moveit.moveit.ros.move_group.cartesian_path_service_capability]: Received request to compute Cartesian path
[move_group-2] [INFO] [1789244302.285781611] [move_group.moveit.moveit.ros.move_group.cartesian_path_service_capability]: Attempting to follow 1 waypoints for link 'panda_hand' using a step of 0.005000 m and jump threshold 0.000000 (in global reference frame)
[move_group-2] [INFO] [1789244302.286393998] [move_group.moveit.moveit.ros.move_group.cartesian_path_service_capability]: Computed Cartesian path with 5 points (followed 100.000000% of requested trajectory)
[move_group-2] [INFO] [1789244310.285839593] [move_group.moveit.moveit.ros.move_group.cartesian_path_service_capability]: Received request to compute Cartesian path
[move_group-2] [INFO] [1789244310.286019145] [move_group.moveit.moveit.ros.move_group.cartesian_path_service_capability]: Attempting to follow 1 waypoints for link 'panda_hand' using a step of 0.005000 m and jump threshold 0.000000 (in global reference frame)
[move_group-2] [INFO] [1789244310.286621068] [move_group.moveit.moveit.ros.move_group.cartesian_path_service_capability]: Computed Cartesian path with 5 points (followed 100.000000% of requested trajectory)
[move_group-2] terminate called after throwing an instance of 'std::runtime_error'
[move_group-2]   what():  Box dimensions must be non-negative.
[move_group-2] Stack trace (most recent call last) in thread 328:
[move_group-2] #22   Object "/usr/lib/aarch64-linux-gnu/ld-linux-aarch64.so.1", at 0xffffffffffffffff, in 
[move_group-2] #21   Object "/usr/lib/aarch64-linux-gnu/libc.so.6", at 0xe7242dbbba0b, in 
[move_group-2] #20   Object "/usr/lib/aarch64-linux-gnu/libc.so.6", at 0xe7242db5582b, in 
[move_group-2] #19   Object "/usr/lib/aarch64-linux-gnu/libstdc++.so.6.0.33", at 0xe7242ddb1adf, in 
[move_group-2] #18   Object "/opt/ros/jazzy/lib/librclcpp.so", at 0xe7242e11c21b, in rclcpp::executors::MultiThreadedExecutor::run(unsigned long)
[move_group-2] #17   Object "/opt/ros/jazzy/lib/librclcpp.so", at 0xe7242e0e8e33, in rclcpp::Executor::execute_any_executable(rclcpp::AnyExecutable&)
[move_group-2] #16   Object "/opt/ros/jazzy/lib/librclcpp.so", at 0xe7242e0e3ffb, in rclcpp::Executor::execute_service(std::shared_ptr<rclcpp::ServiceBase>)
[move_group-2] #15   Object "/opt/ros/jazzy/lib/librclcpp.so", at 0xe7242e1ec567, in 
[move_group-2] #14   Object "/opt/ros/jazzy/lib/libmoveit_move_group_default_capabilities.so.2.12.4", at 0xe723e9e555ff, in 
[move_group-2] #13   Object "/opt/ros/jazzy/lib/libmoveit_move_group_default_capabilities.so.2.12.4", at 0xe723e9e548bf, in move_group::ApplyPlanningSceneService::applyScene(std::shared_ptr<rmw_request_id_s> const&, std::shared_ptr<moveit_msgs::srv::ApplyPlanningScene_Request_<std::allocator<void> > > const&, std::shared_ptr<moveit_msgs::srv::ApplyPlanningScene_Response_<std::allocator<void> > > const&)
[move_group-2] #12   Object "/opt/ros/jazzy/lib/libmoveit_planning_scene_monitor.so.2.12.4", at 0xe7242e465003, in planning_scene_monitor::PlanningSceneMonitor::newPlanningSceneMessage(moveit_msgs::msg::PlanningScene_<std::allocator<void> > const&)
[move_group-2] #11   Object "/opt/ros/jazzy/lib/libmoveit_planning_scene.so.2.12.4", at 0xe7242d5b65c7, in planning_scene::PlanningScene::setPlanningSceneDiffMsg(moveit_msgs::msg::PlanningScene_<std::allocator<void> > const&)
[move_group-2] #10   Object "/opt/ros/jazzy/lib/libmoveit_planning_scene.so.2.12.4", at 0xe7242d5be12b, in planning_scene::PlanningScene::processCollisionObjectAdd(moveit_msgs::msg::CollisionObject_<std::allocator<void> > const&)
[move_group-2] #9    Object "/opt/ros/jazzy/lib/libmoveit_planning_scene.so.2.12.4", at 0xe7242d5bcef7, in planning_scene::PlanningScene::shapesAndPosesFromCollisionObjectMessage(moveit_msgs::msg::CollisionObject_<std::allocator<void> > const&, Eigen::Transform<double, 3, 1, 0>&, std::vector<std::shared_ptr<shapes::Shape const>, std::allocator<std::shared_ptr<shapes::Shape const> > >&, std::vector<Eigen::Transform<double, 3, 1, 0>, Eigen::aligned_allocator<Eigen::Transform<double, 3, 1, 0> > >&)
[move_group-2] #8    Object "/opt/ros/jazzy/lib/libgeometric_shapes.so.2.3.4", at 0xe7242d30c57f, in shapes::constructShapeFromMsg(shape_msgs::msg::SolidPrimitive_<std::allocator<void> > const&)
[move_group-2] #7    Object "/opt/ros/jazzy/lib/libgeometric_shapes.so.2.3.4", at 0xe7242d3120ff, in shapes::Box::Box(double, double, double)
[move_group-2] #6    Object "/usr/lib/aarch64-linux-gnu/libstdc++.so.6.0.33", at 0xe7242dd7a907, in __cxa_throw
[move_group-2] #5    Object "/usr/lib/aarch64-linux-gnu/libstdc++.so.6.0.33", at 0xe7242dd70e03, in std::terminate()
[move_group-2] #4    Object "/usr/lib/aarch64-linux-gnu/libstdc++.so.6.0.33", at 0xe7242dd7a56f, in 
[move_group-2] #3    Object "/usr/lib/aarch64-linux-gnu/libstdc++.so.6.0.33", at 0xe7242dd7d4d7, in __gnu_cxx::__verbose_terminate_handler()
[move_group-2] #2    Object "/usr/lib/aarch64-linux-gnu/libc.so.6", at 0xe7242daf7dff, in abort
[move_group-2] #1    Object "/usr/lib/aarch64-linux-gnu/libc.so.6", at 0xe7242db0cb3b, in raise
[move_group-2] #0    Object "/usr/lib/aarch64-linux-gnu/libc.so.6", at 0xe7242db574d8, in 
[move_group-2] Aborted (Signal sent by tkill() 190 0)
[ERROR] [move_group-2]: process has died [pid 190, exit code -6, cmd '/opt/ros/jazzy/lib/moveit_ros_move_group/move_group --ros-args --params-file /tmp/launch_params_92utr06l --params-file /tmp/launch_params_w7psfgoj --params-file /tmp/launch_params_38ogrib6 -r /panda_hand_controller/gripper_action:=/franka_gripper/gripper_action'].
[INFO] [move_group-2]: process started with pid [381]
[move_group-2] [INFO] [1789244517.791316230] [move_group.moveit.moveit.ros.rdf_loader]: Loaded robot model in 0 seconds
[move_group-2] [INFO] [1789244517.791430374] [move_group.moveit.moveit.core.robot_model]: Loading robot model 'panda'...
[move_group-2] [WARN] [1789244517.796618649] [kdl_parser]: The root link panda_link0 has an inertia specified in the URDF, but KDL does not support a root link with an inertia.  As a workaround, you can add an extra dummy link to your URDF.
[move_group-2] [INFO] [1789244517.796708409] [move_group.moveit.moveit.kinematics.kdl_kinematics_plugin]: Joint weights for group 'panda_arm': 1 1 1 1 1 1 1
[move_group-2] [INFO] [1789244517.818721577] [move_group.moveit.moveit.ros.planning_scene_monitor]: Publishing maintained planning scene on 'monitored_planning_scene'
[move_group-2] [INFO] [1789244517.818889418] [move_group.moveit.moveit.ros.moveit_cpp]: Listening to 'joint_states' for joint states
[move_group-2] [INFO] [1789244517.819889613] [move_group.moveit.moveit.ros.current_state_monitor]: Listening to joint states on topic 'joint_states'
[move_group-2] [INFO] [1789244517.820235022] [move_group.moveit.moveit.ros.planning_scene_monitor]: Listening to '/attached_collision_object' for attached collision objects
[move_group-2] [INFO] [1789244517.820256431] [move_group.moveit.moveit.ros.planning_scene_monitor]: Stopping existing planning scene publisher.
[move_group-2] [INFO] [1789244517.820385967] [move_group.moveit.moveit.ros.planning_scene_monitor]: Stopped publishing maintained planning scene.
[move_group-2] [INFO] [1789244517.820766992] [move_group.moveit.moveit.ros.planning_scene_monitor]: Publishing maintained planning scene on 'monitored_planning_scene'
[move_group-2] [INFO] [1789244517.820876113] [move_group.moveit.moveit.ros.planning_scene_monitor]: Starting planning scene monitor
[move_group-2] [INFO] [1789244517.821480595] [move_group.moveit.moveit.ros.planning_scene_monitor]: Listening to '/planning_scene'
[move_group-2] [INFO] [1789244517.821500403] [move_group.moveit.moveit.ros.planning_scene_monitor]: Starting world geometry update monitor for collision objects, attached objects, octomap updates.
[move_group-2] [INFO] [1789244517.821796564] [move_group.moveit.moveit.ros.planning_scene_monitor]: Listening to 'collision_object'
[move_group-2] [INFO] [1789244517.822131765] [move_group.moveit.moveit.ros.planning_scene_monitor]: Listening to 'planning_scene_world' for planning scene world geometry
[move_group-2] [WARN] [1789244517.822252726] [move_group.moveit.moveit.ros.occupancy_map_monitor]: Resolution not specified for Octomap. Assuming resolution = 0.1 instead
[move_group-2] [ERROR] [1789244517.822273430] [move_group.moveit.moveit.ros.occupancy_map_monitor]: No 3D sensor plugin(s) defined for octomap updates
[move_group-2] [INFO] [1789244517.826576645] [move_group.moveit.moveit.ros.planning_pipeline]: Successfully loaded planner 'CHOMP'
[move_group-2] [INFO] [1789244517.827234056] [move_group]: Try loading adapter 'default_planning_request_adapters/ResolveConstraintFrames'
[move_group-2] [INFO] [1789244517.827732170] [move_group]: Loaded adapter 'default_planning_request_adapters/ResolveConstraintFrames'
[move_group-2] [INFO] [1789244517.827753642] [move_group]: Try loading adapter 'default_planning_request_adapters/ValidateWorkspaceBounds'
[move_group-2] [INFO] [1789244517.827878282] [move_group]: Loaded adapter 'default_planning_request_adapters/ValidateWorkspaceBounds'
[move_group-2] [INFO] [1789244517.827892298] [move_group]: Try loading adapter 'default_planning_request_adapters/CheckStartStateBounds'
[move_group-2] [INFO] [1789244517.827913514] [move_group]: Loaded adapter 'default_planning_request_adapters/CheckStartStateBounds'
[move_group-2] [INFO] [1789244517.827920010] [move_group]: Try loading adapter 'default_planning_request_adapters/CheckStartStateCollision'
[move_group-2] [INFO] [1789244517.827935082] [move_group]: Loaded adapter 'default_planning_request_adapters/CheckStartStateCollision'
[move_group-2] [INFO] [1789244517.828548780] [move_group]: Try loading adapter 'default_planning_response_adapters/AddTimeOptimalParameterization'
[move_group-2] [INFO] [1789244517.829822513] [move_group]: Loaded adapter 'default_planning_response_adapters/AddTimeOptimalParameterization'
[move_group-2] [INFO] [1789244517.839576020] [move_group.moveit.moveit.ros.planning_pipeline]: Successfully loaded planner 'OMPL'
[move_group-2] [INFO] [1789244517.840273431] [move_group]: Try loading adapter 'default_planning_request_adapters/ResolveConstraintFrames'
[move_group-2] [INFO] [1789244517.840357271] [move_group]: Loaded adapter 'default_planning_request_adapters/ResolveConstraintFrames'
[move_group-2] [INFO] [1789244517.840367319] [move_group]: Try loading adapter 'default_planning_request_adapters/ValidateWorkspaceBounds'
[move_group-2] [INFO] [1789244517.840521112] [move_group]: Loaded adapter 'default_planning_request_adapters/ValidateWorkspaceBounds'
[move_group-2] [INFO] [1789244517.840538360] [move_group]: Try loading adapter 'default_planning_request_adapters/CheckStartStateBounds'
[move_group-2] [INFO] [1789244517.840561944] [move_group]: Loaded adapter 'default_planning_request_adapters/CheckStartStateBounds'
[move_group-2] [INFO] [1789244517.840568280] [move_group]: Try loading adapter 'default_planning_request_adapters/CheckStartStateCollision'
[move_group-2] [INFO] [1789244517.840581240] [move_group]: Loaded adapter 'default_planning_request_adapters/CheckStartStateCollision'
[move_group-2] [INFO] [1789244517.841200314] [move_group]: Try loading adapter 'default_planning_response_adapters/AddTimeOptimalParameterization'
[move_group-2] [INFO] [1789244517.841449627] [move_group]: Loaded adapter 'default_planning_response_adapters/AddTimeOptimalParameterization'
[move_group-2] [INFO] [1789244517.841465467] [move_group]: Try loading adapter 'default_planning_response_adapters/ValidateSolution'
[move_group-2] [INFO] [1789244517.842940064] [move_group]: Loaded adapter 'default_planning_response_adapters/ValidateSolution'
[move_group-2] [INFO] [1789244517.842967905] [move_group]: Try loading adapter 'default_planning_response_adapters/DisplayMotionPath'
[move_group-2] [INFO] [1789244517.843419330] [move_group]: Loaded adapter 'default_planning_response_adapters/DisplayMotionPath'
[move_group-2] [INFO] [1789244517.845145992] [move_group.moveit.moveit.planners.pilz.joint_limits_aggregator]: Reading limits from namespace robot_description_planning
[move_group-2] [WARN] [1789244517.845736363] [move_group.moveit.moveit.planners.pilz.joint_limits_aggregator]: Multi-DOF-Joint 'virtual_joint' not supported.
[move_group-2] [WARN] [1789244517.845770571] [move_group.moveit.moveit.planners.pilz.joint_limits_aggregator]: Multi-DOF-Joint 'virtual_joint' not supported.
[move_group-2] [INFO] [1789244517.848681461] [move_group.moveit.moveit.planners.pilz.command_planner]: Available plugins: pilz_industrial_motion_planner/PlanningContextLoaderCIRC pilz_industrial_motion_planner/PlanningContextLoaderLIN pilz_industrial_motion_planner/PlanningContextLoaderPTP 
[move_group-2] [INFO] [1789244517.848717205] [move_group.moveit.moveit.planners.pilz.command_planner]: About to load: pilz_industrial_motion_planner/PlanningContextLoaderCIRC
[move_group-2] [INFO] [1789244517.849546424] [move_group.moveit.moveit.planners.pilz.command_planner]: Registered Algorithm [CIRC]
[move_group-2] [INFO] [1789244517.849578040] [move_group.moveit.moveit.planners.pilz.command_planner]: About to load: pilz_industrial_motion_planner/PlanningContextLoaderLIN
[move_group-2] [INFO] [1789244517.850142970] [move_group.moveit.moveit.planners.pilz.command_planner]: Registered Algorithm [LIN]
[move_group-2] [INFO] [1789244517.850175451] [move_group.moveit.moveit.planners.pilz.command_planner]: About to load: pilz_industrial_motion_planner/PlanningContextLoaderPTP
[move_group-2] [INFO] [1789244517.850702684] [move_group.moveit.moveit.planners.pilz.command_planner]: Registered Algorithm [PTP]
[move_group-2] [INFO] [1789244517.850733533] [move_group.moveit.moveit.ros.planning_pipeline]: Successfully loaded planner 'Pilz Industrial Motion Planner'
[move_group-2] [INFO] [1789244517.851388543] [move_group]: Try loading adapter 'default_planning_request_adapters/ValidateWorkspaceBounds'
[move_group-2] [INFO] [1789244517.851607648] [move_group]: Loaded adapter 'default_planning_request_adapters/ValidateWorkspaceBounds'
[move_group-2] [INFO] [1789244517.851626688] [move_group]: Try loading adapter 'default_planning_request_adapters/CheckStartStateBounds'
[move_group-2] [INFO] [1789244517.851649984] [move_group]: Loaded adapter 'default_planning_request_adapters/CheckStartStateBounds'
[move_group-2] [INFO] [1789244517.851656032] [move_group]: Try loading adapter 'default_planning_request_adapters/CheckStartStateCollision'
[move_group-2] [INFO] [1789244517.851669152] [move_group]: Loaded adapter 'default_planning_request_adapters/CheckStartStateCollision'
[move_group-2] [WARN] [1789244517.851676192] [move_group.moveit.moveit.ros.planning_pipeline]: No planning response adapter names specified.
[move_group-2] [INFO] [1789244517.853690599] [move_group.moveit.moveit.ros.planning_pipeline]: Successfully loaded planner 'STOMP'
[move_group-2] [INFO] [1789244517.854362314] [move_group]: Try loading adapter 'default_planning_request_adapters/ResolveConstraintFrames'
[move_group-2] [INFO] [1789244517.854441130] [move_group]: Loaded adapter 'default_planning_request_adapters/ResolveConstraintFrames'
[move_group-2] [INFO] [1789244517.854452394] [move_group]: Try loading adapter 'default_planning_request_adapters/ValidateWorkspaceBounds'
[move_group-2] [INFO] [1789244517.854593739] [move_group]: Loaded adapter 'default_planning_request_adapters/ValidateWorkspaceBounds'
[move_group-2] [INFO] [1789244517.854610571] [move_group]: Try loading adapter 'default_planning_request_adapters/CheckStartStateBounds'
[move_group-2] [INFO] [1789244517.854635179] [move_group]: Loaded adapter 'default_planning_request_adapters/CheckStartStateBounds'
[move_group-2] [INFO] [1789244517.854642123] [move_group]: Try loading adapter 'default_planning_request_adapters/CheckStartStateCollision'
[move_group-2] [INFO] [1789244517.854654251] [move_group]: Loaded adapter 'default_planning_request_adapters/CheckStartStateCollision'
[move_group-2] [INFO] [1789244517.855267149] [move_group]: Try loading adapter 'default_planning_response_adapters/AddTimeOptimalParameterization'
[move_group-2] [INFO] [1789244517.855585358] [move_group]: Loaded adapter 'default_planning_response_adapters/AddTimeOptimalParameterization'
[move_group-2] [INFO] [1789244517.855605550] [move_group]: Try loading adapter 'default_planning_response_adapters/ValidateSolution'
[move_group-2] [INFO] [1789244517.855876367] [move_group]: Loaded adapter 'default_planning_response_adapters/ValidateSolution'
[move_group-2] [INFO] [1789244517.855896687] [move_group]: Try loading adapter 'default_planning_response_adapters/DisplayMotionPath'
[move_group-2] [INFO] [1789244517.856141488] [move_group]: Loaded adapter 'default_planning_response_adapters/DisplayMotionPath'
[move_group-2] [INFO] [1789244517.887006496] [move_group.moveit.moveit.plugins.simple_controller_manager]: Added FollowJointTrajectory controller for panda_arm_controller
[move_group-2] [INFO] [1789244517.887077824] [move_group.moveit.moveit.plugins.simple_controller_manager]: panda_hand_controller will command a max effort of: 0
[move_group-2] [ERROR] [1789244517.888941767] [move_group.moveit.moveit.plugins.simple_controller_manager]: Parallel Gripper requires exactly two joints, 1 are specified
[move_group-2] [INFO] [1789244517.891334095] [move_group.moveit.moveit.plugins.simple_controller_manager]: Returned 1 controllers in list
[move_group-2] [INFO] [1789244517.891377647] [move_group.moveit.moveit.plugins.simple_controller_manager]: Returned 1 controllers in list
[move_group-2] [INFO] [1789244517.891819441] [move_group.moveit.moveit.ros.trajectory_execution_manager]: Trajectory execution is managing controllers
[move_group-2] [INFO] [1789244517.891847313] [move_group]: MoveGroup debug mode is ON
[move_group-2] [INFO] [1789244517.906060068] [move_group.moveit.moveit.planners.pilz.move_group_sequence_action]: initialize move group sequence action
[move_group-2] [INFO] [1789244517.908191788] [move_group.moveit.moveit.planners.pilz.joint_limits_aggregator]: Reading limits from namespace robot_description_planning
[move_group-2] [WARN] [1789244517.908248364] [move_group.moveit.moveit.planners.pilz.joint_limits_aggregator]: Multi-DOF-Joint 'virtual_joint' not supported.
[move_group-2] [WARN] [1789244517.908269868] [move_group.moveit.moveit.planners.pilz.joint_limits_aggregator]: Multi-DOF-Joint 'virtual_joint' not supported.
[move_group-2] [INFO] [1789244517.908417165] [move_group.moveit.moveit.planners.pilz.joint_limits_aggregator]: Reading limits from namespace robot_description_planning
[move_group-2] [WARN] [1789244517.908452045] [move_group.moveit.moveit.planners.pilz.joint_limits_aggregator]: Multi-DOF-Joint 'virtual_joint' not supported.
[move_group-2] [WARN] [1789244517.908467085] [move_group.moveit.moveit.planners.pilz.joint_limits_aggregator]: Multi-DOF-Joint 'virtual_joint' not supported.
[move_group-2] [INFO] [1789244517.909103695] [move_group.moveit.moveit.ros.move_group.executable]: 
[move_group-2] 
[move_group-2] ********************************************************
[move_group-2] * MoveGroup using: 
[move_group-2] *     - apply_planning_scene_service
[move_group-2] *     - clear_octomap_service
[move_group-2] *     - get_group_urdf
[move_group-2] *     - load_geometry_from_file
[move_group-2] *     - CartesianPathService
[move_group-2] *     - execute_trajectory_action
[move_group-2] *     - get_planning_scene_service
[move_group-2] *     - kinematics_service
[move_group-2] *     - move_action
[move_group-2] *     - motion_plan_service
[move_group-2] *     - query_planners_service
[move_group-2] *     - state_validation_service
[move_group-2] *     - save_geometry_to_file
[move_group-2] *     - SequenceAction
[move_group-2] *     - SequenceService
[move_group-2] ********************************************************
[move_group-2] 
[move_group-2] [INFO] [1789244517.909161456] [move_group.moveit.moveit.ros.move_group.context]: MoveGroup context using pipeline ompl
[move_group-2] [INFO] [1789244517.909174608] [move_group.moveit.moveit.ros.move_group.context]: MoveGroup context initialization complete
[move_group-2] [WARN] [1789244518.868249624] [move_group.moveit.moveit.ros.current_state_monitor]: Unable to update multi-DOF joint 'virtual_joint':Failure to lookup transform between 'world'and 'panda_link0' with TF exception: "world" passed to lookupTransform argument target_frame does not exist. 
[move_group-2] [WARN] [1789244521.284833775] [move_group.moveit.moveit.ros.planning_scene_monitor]: The complete state of the robot is not yet known.  Missing virtual_joint
[move_group-2] terminate called after throwing an instance of 'std::runtime_error'
[move_group-2]   what():  Box dimensions must be non-negative.
[move_group-2] Stack trace (most recent call last) in thread 450:
[move_group-2] #22   Object "/usr/lib/aarch64-linux-gnu/ld-linux-aarch64.so.1", at 0xffffffffffffffff, in 
[move_group-2] #21   Object "/usr/lib/aarch64-linux-gnu/libc.so.6", at 0xfb09d2a0ba0b, in 
[move_group-2] #20   Object "/usr/lib/aarch64-linux-gnu/libc.so.6", at 0xfb09d29a582b, in 
[move_group-2] #19   Object "/usr/lib/aarch64-linux-gnu/libstdc++.so.6.0.33", at 0xfb09d2c01adf, in 
[move_group-2] #18   Object "/opt/ros/jazzy/lib/librclcpp.so", at 0xfb09d2f6c21b, in rclcpp::executors::MultiThreadedExecutor::run(unsigned long)
[move_group-2] #17   Object "/opt/ros/jazzy/lib/librclcpp.so", at 0xfb09d2f38e33, in rclcpp::Executor::execute_any_executable(rclcpp::AnyExecutable&)
[move_group-2] #16   Object "/opt/ros/jazzy/lib/librclcpp.so", at 0xfb09d2f33ffb, in rclcpp::Executor::execute_service(std::shared_ptr<rclcpp::ServiceBase>)
[move_group-2] #15   Object "/opt/ros/jazzy/lib/librclcpp.so", at 0xfb09d303c567, in 
[move_group-2] #14   Object "/opt/ros/jazzy/lib/libmoveit_move_group_default_capabilities.so.2.12.4", at 0xfb098ec955ff, in 
[move_group-2] #13   Object "/opt/ros/jazzy/lib/libmoveit_move_group_default_capabilities.so.2.12.4", at 0xfb098ec948bf, in move_group::ApplyPlanningSceneService::applyScene(std::shared_ptr<rmw_request_id_s> const&, std::shared_ptr<moveit_msgs::srv::ApplyPlanningScene_Request_<std::allocator<void> > > const&, std::shared_ptr<moveit_msgs::srv::ApplyPlanningScene_Response_<std::allocator<void> > > const&)
[move_group-2] #12   Object "/opt/ros/jazzy/lib/libmoveit_planning_scene_monitor.so.2.12.4", at 0xfb09d32b5003, in planning_scene_monitor::PlanningSceneMonitor::newPlanningSceneMessage(moveit_msgs::msg::PlanningScene_<std::allocator<void> > const&)
[move_group-2] #11   Object "/opt/ros/jazzy/lib/libmoveit_planning_scene.so.2.12.4", at 0xfb09d24065c7, in planning_scene::PlanningScene::setPlanningSceneDiffMsg(moveit_msgs::msg::PlanningScene_<std::allocator<void> > const&)
[move_group-2] #10   Object "/opt/ros/jazzy/lib/libmoveit_planning_scene.so.2.12.4", at 0xfb09d240e12b, in planning_scene::PlanningScene::processCollisionObjectAdd(moveit_msgs::msg::CollisionObject_<std::allocator<void> > const&)
[move_group-2] #9    Object "/opt/ros/jazzy/lib/libmoveit_planning_scene.so.2.12.4", at 0xfb09d240cef7, in planning_scene::PlanningScene::shapesAndPosesFromCollisionObjectMessage(moveit_msgs::msg::CollisionObject_<std::allocator<void> > const&, Eigen::Transform<double, 3, 1, 0>&, std::vector<std::shared_ptr<shapes::Shape const>, std::allocator<std::shared_ptr<shapes::Shape const> > >&, std::vector<Eigen::Transform<double, 3, 1, 0>, Eigen::aligned_allocator<Eigen::Transform<double, 3, 1, 0> > >&)
[move_group-2] #8    Object "/opt/ros/jazzy/lib/libgeometric_shapes.so.2.3.4", at 0xfb09d215c57f, in shapes::constructShapeFromMsg(shape_msgs::msg::SolidPrimitive_<std::allocator<void> > const&)
[move_group-2] #7    Object "/opt/ros/jazzy/lib/libgeometric_shapes.so.2.3.4", at 0xfb09d21620ff, in shapes::Box::Box(double, double, double)
[move_group-2] #6    Object "/usr/lib/aarch64-linux-gnu/libstdc++.so.6.0.33", at 0xfb09d2bca907, in __cxa_throw
[move_group-2] #5    Object "/usr/lib/aarch64-linux-gnu/libstdc++.so.6.0.33", at 0xfb09d2bc0e03, in std::terminate()
[move_group-2] #4    Object "/usr/lib/aarch64-linux-gnu/libstdc++.so.6.0.33", at 0xfb09d2bca56f, in 
[move_group-2] #3    Object "/usr/lib/aarch64-linux-gnu/libstdc++.so.6.0.33", at 0xfb09d2bcd4d7, in __gnu_cxx::__verbose_terminate_handler()
[move_group-2] #2    Object "/usr/lib/aarch64-linux-gnu/libc.so.6", at 0xfb09d2947dff, in abort
[move_group-2] #1    Object "/usr/lib/aarch64-linux-gnu/libc.so.6", at 0xfb09d295cb3b, in raise
[move_group-2] #0    Object "/usr/lib/aarch64-linux-gnu/libc.so.6", at 0xfb09d29a74d8, in 
[move_group-2] Aborted (Signal sent by tkill() 381 0)
[ERROR] [move_group-2]: process has died [pid 381, exit code -6, cmd '/opt/ros/jazzy/lib/moveit_ros_move_group/move_group --ros-args --params-file /tmp/launch_params_92utr06l --params-file /tmp/launch_params_w7psfgoj --params-file /tmp/launch_params_38ogrib6 -r /panda_hand_controller/gripper_action:=/franka_gripper/gripper_action'].
[INFO] [move_group-2]: process started with pid [551]
[move_group-2] [INFO] [1789244547.789479901] [move_group.moveit.moveit.ros.rdf_loader]: Loaded robot model in 0 seconds
[move_group-2] [INFO] [1789244547.789594653] [move_group.moveit.moveit.core.robot_model]: Loading robot model 'panda'...
[move_group-2] [WARN] [1789244547.794749520] [kdl_parser]: The root link panda_link0 has an inertia specified in the URDF, but KDL does not support a root link with an inertia.  As a workaround, you can add an extra dummy link to your URDF.
[move_group-2] [INFO] [1789244547.794838256] [move_group.moveit.moveit.kinematics.kdl_kinematics_plugin]: Joint weights for group 'panda_arm': 1 1 1 1 1 1 1
[move_group-2] [INFO] [1789244547.816938464] [move_group.moveit.moveit.ros.planning_scene_monitor]: Publishing maintained planning scene on 'monitored_planning_scene'
[move_group-2] [INFO] [1789244547.817140097] [move_group.moveit.moveit.ros.moveit_cpp]: Listening to 'joint_states' for joint states
[move_group-2] [INFO] [1789244547.818229733] [move_group.moveit.moveit.ros.current_state_monitor]: Listening to joint states on topic 'joint_states'
[move_group-2] [INFO] [1789244547.818604742] [move_group.moveit.moveit.ros.planning_scene_monitor]: Listening to '/attached_collision_object' for attached collision objects
[move_group-2] [INFO] [1789244547.818627526] [move_group.moveit.moveit.ros.planning_scene_monitor]: Stopping existing planning scene publisher.
[move_group-2] [INFO] [1789244547.818767495] [move_group.moveit.moveit.ros.planning_scene_monitor]: Stopped publishing maintained planning scene.
[move_group-2] [INFO] [1789244547.819171720] [move_group.moveit.moveit.ros.planning_scene_monitor]: Publishing maintained planning scene on 'monitored_planning_scene'
[move_group-2] [INFO] [1789244547.819297353] [move_group.moveit.moveit.ros.planning_scene_monitor]: Starting planning scene monitor
[move_group-2] [INFO] [1789244547.819966731] [move_group.moveit.moveit.ros.planning_scene_monitor]: Listening to '/planning_scene'
[move_group-2] [INFO] [1789244547.819993451] [move_group.moveit.moveit.ros.planning_scene_monitor]: Starting world geometry update monitor for collision objects, attached objects, octomap updates.
[move_group-2] [INFO] [1789244547.820349484] [move_group.moveit.moveit.ros.planning_scene_monitor]: Listening to 'collision_object'
[move_group-2] [INFO] [1789244547.820672206] [move_group.moveit.moveit.ros.planning_scene_monitor]: Listening to 'planning_scene_world' for planning scene world geometry
[move_group-2] [WARN] [1789244547.820810542] [move_group.moveit.moveit.ros.occupancy_map_monitor]: Resolution not specified for Octomap. Assuming resolution = 0.1 instead
[move_group-2] [ERROR] [1789244547.820832654] [move_group.moveit.moveit.ros.occupancy_map_monitor]: No 3D sensor plugin(s) defined for octomap updates
[move_group-2] [INFO] [1789244547.825516159] [move_group.moveit.moveit.ros.planning_pipeline]: Successfully loaded planner 'CHOMP'
[move_group-2] [INFO] [1789244547.826207618] [move_group]: Try loading adapter 'default_planning_request_adapters/ResolveConstraintFrames'
[move_group-2] [INFO] [1789244547.826721507] [move_group]: Loaded adapter 'default_planning_request_adapters/ResolveConstraintFrames'
[move_group-2] [INFO] [1789244547.826744004] [move_group]: Try loading adapter 'default_planning_request_adapters/ValidateWorkspaceBounds'
[move_group-2] [INFO] [1789244547.826876740] [move_group]: Loaded adapter 'default_planning_request_adapters/ValidateWorkspaceBounds'
[move_group-2] [INFO] [1789244547.826889956] [move_group]: Try loading adapter 'default_planning_request_adapters/CheckStartStateBounds'
[move_group-2] [INFO] [1789244547.826909988] [move_group]: Loaded adapter 'default_planning_request_adapters/CheckStartStateBounds'
[move_group-2] [INFO] [1789244547.826915844] [move_group]: Try loading adapter 'default_planning_request_adapters/CheckStartStateCollision'
[move_group-2] [INFO] [1789244547.826930564] [move_group]: Loaded adapter 'default_planning_request_adapters/CheckStartStateCollision'
[move_group-2] [INFO] [1789244547.827556454] [move_group]: Try loading adapter 'default_planning_response_adapters/AddTimeOptimalParameterization'
[move_group-2] [INFO] [1789244547.828859179] [move_group]: Loaded adapter 'default_planning_response_adapters/AddTimeOptimalParameterization'
[move_group-2] [INFO] [1789244547.838770607] [move_group.moveit.moveit.ros.planning_pipeline]: Successfully loaded planner 'OMPL'
[move_group-2] [INFO] [1789244547.839543378] [move_group]: Try loading adapter 'default_planning_request_adapters/ResolveConstraintFrames'
[move_group-2] [INFO] [1789244547.839632530] [move_group]: Loaded adapter 'default_planning_request_adapters/ResolveConstraintFrames'
[move_group-2] [INFO] [1789244547.839643794] [move_group]: Try loading adapter 'default_planning_request_adapters/ValidateWorkspaceBounds'
[move_group-2] [INFO] [1789244547.839775923] [move_group]: Loaded adapter 'default_planning_request_adapters/ValidateWorkspaceBounds'
[move_group-2] [INFO] [1789244547.839789459] [move_group]: Try loading adapter 'default_planning_request_adapters/CheckStartStateBounds'
[move_group-2] [INFO] [1789244547.839808659] [move_group]: Loaded adapter 'default_planning_request_adapters/CheckStartStateBounds'
[move_group-2] [INFO] [1789244547.839815635] [move_group]: Try loading adapter 'default_planning_request_adapters/CheckStartStateCollision'
[move_group-2] [INFO] [1789244547.839828595] [move_group]: Loaded adapter 'default_planning_request_adapters/CheckStartStateCollision'
[move_group-2] [INFO] [1789244547.840467349] [move_group]: Try loading adapter 'default_planning_response_adapters/AddTimeOptimalParameterization'
[move_group-2] [INFO] [1789244547.840772214] [move_group]: Loaded adapter 'default_planning_response_adapters/AddTimeOptimalParameterization'
[move_group-2] [INFO] [1789244547.840799574] [move_group]: Try loading adapter 'default_planning_response_adapters/ValidateSolution'
[move_group-2] [INFO] [1789244547.842345660] [move_group]: Loaded adapter 'default_planning_response_adapters/ValidateSolution'
[move_group-2] [INFO] [1789244547.842370396] [move_group]: Try loading adapter 'default_planning_response_adapters/DisplayMotionPath'
[move_group-2] [INFO] [1789244547.842803134] [move_group]: Loaded adapter 'default_planning_response_adapters/DisplayMotionPath'
[move_group-2] [INFO] [1789244547.844635716] [move_group.moveit.moveit.planners.pilz.joint_limits_aggregator]: Reading limits from namespace robot_description_planning
[move_group-2] [WARN] [1789244547.845276486] [move_group.moveit.moveit.planners.pilz.joint_limits_aggregator]: Multi-DOF-Joint 'virtual_joint' not supported.
[move_group-2] [WARN] [1789244547.845313415] [move_group.moveit.moveit.planners.pilz.joint_limits_aggregator]: Multi-DOF-Joint 'virtual_joint' not supported.
[move_group-2] [INFO] [1789244547.848133745] [move_group.moveit.moveit.planners.pilz.command_planner]: Available plugins: pilz_industrial_motion_planner/PlanningContextLoaderCIRC pilz_industrial_motion_planner/PlanningContextLoaderLIN pilz_industrial_motion_planner/PlanningContextLoaderPTP 
[move_group-2] [INFO] [1789244547.848169105] [move_group.moveit.moveit.planners.pilz.command_planner]: About to load: pilz_industrial_motion_planner/PlanningContextLoaderCIRC
[move_group-2] [INFO] [1789244547.849003540] [move_group.moveit.moveit.planners.pilz.command_planner]: Registered Algorithm [CIRC]
[move_group-2] [INFO] [1789244547.849037140] [move_group.moveit.moveit.planners.pilz.command_planner]: About to load: pilz_industrial_motion_planner/PlanningContextLoaderLIN
[move_group-2] [INFO] [1789244547.849589750] [move_group.moveit.moveit.planners.pilz.command_planner]: Registered Algorithm [LIN]
[move_group-2] [INFO] [1789244547.849621974] [move_group.moveit.moveit.planners.pilz.command_planner]: About to load: pilz_industrial_motion_planner/PlanningContextLoaderPTP
[move_group-2] [INFO] [1789244547.850151256] [move_group.moveit.moveit.planners.pilz.command_planner]: Registered Algorithm [PTP]
[move_group-2] [INFO] [1789244547.850180760] [move_group.moveit.moveit.ros.planning_pipeline]: Successfully loaded planner 'Pilz Industrial Motion Planner'
[move_group-2] [INFO] [1789244547.850829882] [move_group]: Try loading adapter 'default_planning_request_adapters/ValidateWorkspaceBounds'
[move_group-2] [INFO] [1789244547.851041979] [move_group]: Loaded adapter 'default_planning_request_adapters/ValidateWorkspaceBounds'
[move_group-2] [INFO] [1789244547.851070619] [move_group]: Try loading adapter 'default_planning_request_adapters/CheckStartStateBounds'
[move_group-2] [INFO] [1789244547.851096155] [move_group]: Loaded adapter 'default_planning_request_adapters/CheckStartStateBounds'
[move_group-2] [INFO] [1789244547.851103675] [move_group]: Try loading adapter 'default_planning_request_adapters/CheckStartStateCollision'
[move_group-2] [INFO] [1789244547.851116988] [move_group]: Loaded adapter 'default_planning_request_adapters/CheckStartStateCollision'
[move_group-2] [WARN] [1789244547.851123068] [move_group.moveit.moveit.ros.planning_pipeline]: No planning response adapter names specified.
[move_group-2] [INFO] [1789244547.853177603] [move_group.moveit.moveit.ros.planning_pipeline]: Successfully loaded planner 'STOMP'
[move_group-2] [INFO] [1789244547.853851141] [move_group]: Try loading adapter 'default_planning_request_adapters/ResolveConstraintFrames'
[move_group-2] [INFO] [1789244547.853917062] [move_group]: Loaded adapter 'default_planning_request_adapters/ResolveConstraintFrames'
[move_group-2] [INFO] [1789244547.853928806] [move_group]: Try loading adapter 'default_planning_request_adapters/ValidateWorkspaceBounds'
[move_group-2] [INFO] [1789244547.854095078] [move_group]: Loaded adapter 'default_planning_request_adapters/ValidateWorkspaceBounds'
[move_group-2] [INFO] [1789244547.854114950] [move_group]: Try loading adapter 'default_planning_request_adapters/CheckStartStateBounds'
[move_group-2] [INFO] [1789244547.854137350] [move_group]: Loaded adapter 'default_planning_request_adapters/CheckStartStateBounds'
[move_group-2] [INFO] [1789244547.854143686] [move_group]: Try loading adapter 'default_planning_request_adapters/CheckStartStateCollision'
[move_group-2] [INFO] [1789244547.854156038] [move_group]: Loaded adapter 'default_planning_request_adapters/CheckStartStateCollision'
[move_group-2] [INFO] [1789244547.854764297] [move_group]: Try loading adapter 'default_planning_response_adapters/AddTimeOptimalParameterization'
[move_group-2] [INFO] [1789244547.855064298] [move_group]: Loaded adapter 'default_planning_response_adapters/AddTimeOptimalParameterization'
[move_group-2] [INFO] [1789244547.855085866] [move_group]: Try loading adapter 'default_planning_response_adapters/ValidateSolution'
[move_group-2] [INFO] [1789244547.855354379] [move_group]: Loaded adapter 'default_planning_response_adapters/ValidateSolution'
[move_group-2] [INFO] [1789244547.855371179] [move_group]: Try loading adapter 'default_planning_response_adapters/DisplayMotionPath'
[move_group-2] [INFO] [1789244547.855589836] [move_group]: Loaded adapter 'default_planning_response_adapters/DisplayMotionPath'
[move_group-2] [INFO] [1789244547.886640604] [move_group.moveit.moveit.plugins.simple_controller_manager]: Added FollowJointTrajectory controller for panda_arm_controller
[move_group-2] [INFO] [1789244547.886695100] [move_group.moveit.moveit.plugins.simple_controller_manager]: panda_hand_controller will command a max effort of: 0
[move_group-2] [ERROR] [1789244547.888547043] [move_group.moveit.moveit.plugins.simple_controller_manager]: Parallel Gripper requires exactly two joints, 1 are specified
[move_group-2] [INFO] [1789244547.890936203] [move_group.moveit.moveit.plugins.simple_controller_manager]: Returned 1 controllers in list
[move_group-2] [INFO] [1789244547.890980907] [move_group.moveit.moveit.plugins.simple_controller_manager]: Returned 1 controllers in list
[move_group-2] [INFO] [1789244547.891449613] [move_group.moveit.moveit.ros.trajectory_execution_manager]: Trajectory execution is managing controllers
[move_group-2] [INFO] [1789244547.891480717] [move_group]: MoveGroup debug mode is ON
[move_group-2] [INFO] [1789244547.905627040] [move_group.moveit.moveit.planners.pilz.move_group_sequence_action]: initialize move group sequence action
[move_group-2] [INFO] [1789244547.907802024] [move_group.moveit.moveit.planners.pilz.joint_limits_aggregator]: Reading limits from namespace robot_description_planning
[move_group-2] [WARN] [1789244547.907858152] [move_group.moveit.moveit.planners.pilz.joint_limits_aggregator]: Multi-DOF-Joint 'virtual_joint' not supported.
[move_group-2] [WARN] [1789244547.907879337] [move_group.moveit.moveit.planners.pilz.joint_limits_aggregator]: Multi-DOF-Joint 'virtual_joint' not supported.
[move_group-2] [INFO] [1789244547.908029929] [move_group.moveit.moveit.planners.pilz.joint_limits_aggregator]: Reading limits from namespace robot_description_planning
[move_group-2] [WARN] [1789244547.908070729] [move_group.moveit.moveit.planners.pilz.joint_limits_aggregator]: Multi-DOF-Joint 'virtual_joint' not supported.
[move_group-2] [WARN] [1789244547.908089129] [move_group.moveit.moveit.planners.pilz.joint_limits_aggregator]: Multi-DOF-Joint 'virtual_joint' not supported.
[move_group-2] [INFO] [1789244547.908731852] [move_group.moveit.moveit.ros.move_group.executable]: 
[move_group-2] 
[move_group-2] ********************************************************
[move_group-2] * MoveGroup using: 
[move_group-2] *     - apply_planning_scene_service
[move_group-2] *     - clear_octomap_service
[move_group-2] *     - get_group_urdf
[move_group-2] *     - load_geometry_from_file
[move_group-2] *     - CartesianPathService
[move_group-2] *     - execute_trajectory_action
[move_group-2] *     - get_planning_scene_service
[move_group-2] *     - kinematics_service
[move_group-2] *     - move_action
[move_group-2] *     - motion_plan_service
[move_group-2] *     - query_planners_service
[move_group-2] *     - state_validation_service
[move_group-2] *     - save_geometry_to_file
[move_group-2] *     - SequenceAction
[move_group-2] *     - SequenceService
[move_group-2] ********************************************************
[move_group-2] 
[move_group-2] [INFO] [1789244547.908785836] [move_group.moveit.moveit.ros.move_group.context]: MoveGroup context using pipeline ompl
[move_group-2] [INFO] [1789244547.908798956] [move_group.moveit.moveit.ros.move_group.context]: MoveGroup context initialization complete
[move_group-2] [WARN] [1789244548.536277830] [move_group.moveit.moveit.ros.current_state_monitor]: Unable to update multi-DOF joint 'virtual_joint':Failure to lookup transform between 'world'and 'panda_link0' with TF exception: "world" passed to lookupTransform argument target_frame does not exist. 
[move_group-2] [WARN] [1789244551.285544143] [move_group.moveit.moveit.ros.planning_scene_monitor]: The complete state of the robot is not yet known.  Missing virtual_joint
[move_group-2] terminate called after throwing an instance of 'std::runtime_error'
[move_group-2]   what():  Box dimensions must be non-negative.
[move_group-2] Stack trace (most recent call last) in thread 658:
[move_group-2] #22   Object "/usr/lib/aarch64-linux-gnu/ld-linux-aarch64.so.1", at 0xffffffffffffffff, in 
[move_group-2] #21   Object "/usr/lib/aarch64-linux-gnu/libc.so.6", at 0xe62027bcba0b, in 
[move_group-2] #20   Object "/usr/lib/aarch64-linux-gnu/libc.so.6", at 0xe62027b6582b, in 
[move_group-2] #19   Object "/usr/lib/aarch64-linux-gnu/libstdc++.so.6.0.33", at 0xe62027dc1adf, in 
[move_group-2] #18   Object "/opt/ros/jazzy/lib/librclcpp.so", at 0xe6202812c21b, in rclcpp::executors::MultiThreadedExecutor::run(unsigned long)
[move_group-2] #17   Object "/opt/ros/jazzy/lib/librclcpp.so", at 0xe620280f8e33, in rclcpp::Executor::execute_any_executable(rclcpp::AnyExecutable&)
[move_group-2] #16   Object "/opt/ros/jazzy/lib/librclcpp.so", at 0xe620280f3ffb, in rclcpp::Executor::execute_service(std::shared_ptr<rclcpp::ServiceBase>)
[move_group-2] #15   Object "/opt/ros/jazzy/lib/librclcpp.so", at 0xe620281fc567, in 
[move_group-2] #14   Object "/opt/ros/jazzy/lib/libmoveit_move_group_default_capabilities.so.2.12.4", at 0xe61ff46855ff, in 
[move_group-2] #13   Object "/opt/ros/jazzy/lib/libmoveit_move_group_default_capabilities.so.2.12.4", at 0xe61ff46848bf, in move_group::ApplyPlanningSceneService::applyScene(std::shared_ptr<rmw_request_id_s> const&, std::shared_ptr<moveit_msgs::srv::ApplyPlanningScene_Request_<std::allocator<void> > > const&, std::shared_ptr<moveit_msgs::srv::ApplyPlanningScene_Response_<std::allocator<void> > > const&)
[move_group-2] #12   Object "/opt/ros/jazzy/lib/libmoveit_planning_scene_monitor.so.2.12.4", at 0xe62028475003, in planning_scene_monitor::PlanningSceneMonitor::newPlanningSceneMessage(moveit_msgs::msg::PlanningScene_<std::allocator<void> > const&)
[move_group-2] #11   Object "/opt/ros/jazzy/lib/libmoveit_planning_scene.so.2.12.4", at 0xe620275c65c7, in planning_scene::PlanningScene::setPlanningSceneDiffMsg(moveit_msgs::msg::PlanningScene_<std::allocator<void> > const&)
[move_group-2] #10   Object "/opt/ros/jazzy/lib/libmoveit_planning_scene.so.2.12.4", at 0xe620275ce12b, in planning_scene::PlanningScene::processCollisionObjectAdd(moveit_msgs::msg::CollisionObject_<std::allocator<void> > const&)
[move_group-2] #9    Object "/opt/ros/jazzy/lib/libmoveit_planning_scene.so.2.12.4", at 0xe620275ccef7, in planning_scene::PlanningScene::shapesAndPosesFromCollisionObjectMessage(moveit_msgs::msg::CollisionObject_<std::allocator<void> > const&, Eigen::Transform<double, 3, 1, 0>&, std::vector<std::shared_ptr<shapes::Shape const>, std::allocator<std::shared_ptr<shapes::Shape const> > >&, std::vector<Eigen::Transform<double, 3, 1, 0>, Eigen::aligned_allocator<Eigen::Transform<double, 3, 1, 0> > >&)
[move_group-2] #8    Object "/opt/ros/jazzy/lib/libgeometric_shapes.so.2.3.4", at 0xe6202731c57f, in shapes::constructShapeFromMsg(shape_msgs::msg::SolidPrimitive_<std::allocator<void> > const&)
[move_group-2] #7    Object "/opt/ros/jazzy/lib/libgeometric_shapes.so.2.3.4", at 0xe620273220ff, in shapes::Box::Box(double, double, double)
[move_group-2] #6    Object "/usr/lib/aarch64-linux-gnu/libstdc++.so.6.0.33", at 0xe62027d8a907, in __cxa_throw
[move_group-2] #5    Object "/usr/lib/aarch64-linux-gnu/libstdc++.so.6.0.33", at 0xe62027d80e03, in std::terminate()
[move_group-2] #4    Object "/usr/lib/aarch64-linux-gnu/libstdc++.so.6.0.33", at 0xe62027d8a56f, in 
[move_group-2] #3    Object "/usr/lib/aarch64-linux-gnu/libstdc++.so.6.0.33", at 0xe62027d8d4d7, in __gnu_cxx::__verbose_terminate_handler()
[move_group-2] #2    Object "/usr/lib/aarch64-linux-gnu/libc.so.6", at 0xe62027b07dff, in abort
[move_group-2] #1    Object "/usr/lib/aarch64-linux-gnu/libc.so.6", at 0xe62027b1cb3b, in raise
[move_group-2] #0    Object "/usr/lib/aarch64-linux-gnu/libc.so.6", at 0xe62027b674d8, in 
[move_group-2] Aborted (Signal sent by tkill() 551 0)
[ERROR] [move_group-2]: process has died [pid 551, exit code -6, cmd '/opt/ros/jazzy/lib/moveit_ros_move_group/move_group --ros-args --params-file /tmp/launch_params_92utr06l --params-file /tmp/launch_params_w7psfgoj --params-file /tmp/launch_params_38ogrib6 -r /panda_hand_controller/gripper_action:=/franka_gripper/gripper_action'].
[INFO] [move_group-2]: process started with pid [721]
[move_group-2] [INFO] [1789244577.807881725] [move_group.moveit.moveit.ros.rdf_loader]: Loaded robot model in 0 seconds
[move_group-2] [INFO] [1789244577.808008413] [move_group.moveit.moveit.core.robot_model]: Loading robot model 'panda'...
[move_group-2] [WARN] [1789244577.813487889] [kdl_parser]: The root link panda_link0 has an inertia specified in the URDF, but KDL does not support a root link with an inertia.  As a workaround, you can add an extra dummy link to your URDF.
[move_group-2] [INFO] [1789244577.813579281] [move_group.moveit.moveit.kinematics.kdl_kinematics_plugin]: Joint weights for group 'panda_arm': 1 1 1 1 1 1 1
[move_group-2] [INFO] [1789244577.835974530] [move_group.moveit.moveit.ros.planning_scene_monitor]: Publishing maintained planning scene on 'monitored_planning_scene'
[move_group-2] [INFO] [1789244577.836175843] [move_group.moveit.moveit.ros.moveit_cpp]: Listening to 'joint_states' for joint states
[move_group-2] [INFO] [1789244577.837241639] [move_group.moveit.moveit.ros.current_state_monitor]: Listening to joint states on topic 'joint_states'
[move_group-2] [INFO] [1789244577.837610440] [move_group.moveit.moveit.ros.planning_scene_monitor]: Listening to '/attached_collision_object' for attached collision objects
[move_group-2] [INFO] [1789244577.837631208] [move_group.moveit.moveit.ros.planning_scene_monitor]: Stopping existing planning scene publisher.
[move_group-2] [INFO] [1789244577.837744233] [move_group.moveit.moveit.ros.planning_scene_monitor]: Stopped publishing maintained planning scene.
[move_group-2] [INFO] [1789244577.838039882] [move_group.moveit.moveit.ros.planning_scene_monitor]: Publishing maintained planning scene on 'monitored_planning_scene'
[move_group-2] [INFO] [1789244577.838154858] [move_group.moveit.moveit.ros.planning_scene_monitor]: Starting planning scene monitor
[move_group-2] [INFO] [1789244577.838782380] [move_group.moveit.moveit.ros.planning_scene_monitor]: Listening to '/planning_scene'
[move_group-2] [INFO] [1789244577.838803085] [move_group.moveit.moveit.ros.planning_scene_monitor]: Starting world geometry update monitor for collision objects, attached objects, octomap updates.
[move_group-2] [INFO] [1789244577.839099310] [move_group.moveit.moveit.ros.planning_scene_monitor]: Listening to 'collision_object'
[move_group-2] [INFO] [1789244577.839392815] [move_group.moveit.moveit.ros.planning_scene_monitor]: Listening to 'planning_scene_world' for planning scene world geometry
[move_group-2] [WARN] [1789244577.839529967] [move_group.moveit.moveit.ros.occupancy_map_monitor]: Resolution not specified for Octomap. Assuming resolution = 0.1 instead
[move_group-2] [ERROR] [1789244577.839549839] [move_group.moveit.moveit.ros.occupancy_map_monitor]: No 3D sensor plugin(s) defined for octomap updates
[move_group-2] [INFO] [1789244577.844168832] [move_group.moveit.moveit.ros.planning_pipeline]: Successfully loaded planner 'CHOMP'
[move_group-2] [INFO] [1789244577.844879778] [move_group]: Try loading adapter 'default_planning_request_adapters/ResolveConstraintFrames'
[move_group-2] [INFO] [1789244577.845414532] [move_group]: Loaded adapter 'default_planning_request_adapters/ResolveConstraintFrames'
[move_group-2] [INFO] [1789244577.845438692] [move_group]: Try loading adapter 'default_planning_request_adapters/ValidateWorkspaceBounds'
[move_group-2] [INFO] [1789244577.845574213] [move_group]: Loaded adapter 'default_planning_request_adapters/ValidateWorkspaceBounds'
[move_group-2] [INFO] [1789244577.845586693] [move_group]: Try loading adapter 'default_planning_request_adapters/CheckStartStateBounds'
[move_group-2] [INFO] [1789244577.845607333] [move_group]: Loaded adapter 'default_planning_request_adapters/CheckStartStateBounds'
[move_group-2] [INFO] [1789244577.845613861] [move_group]: Try loading adapter 'default_planning_request_adapters/CheckStartStateCollision'
[move_group-2] [INFO] [1789244577.845628517] [move_group]: Loaded adapter 'default_planning_request_adapters/CheckStartStateCollision'
[move_group-2] [INFO] [1789244577.846273895] [move_group]: Try loading adapter 'default_planning_response_adapters/AddTimeOptimalParameterization'
[move_group-2] [INFO] [1789244577.847630412] [move_group]: Loaded adapter 'default_planning_response_adapters/AddTimeOptimalParameterization'
[move_group-2] [INFO] [1789244577.857639345] [move_group.moveit.moveit.ros.planning_pipeline]: Successfully loaded planner 'OMPL'
[move_group-2] [INFO] [1789244577.858361939] [move_group]: Try loading adapter 'default_planning_request_adapters/ResolveConstraintFrames'
[move_group-2] [INFO] [1789244577.858446419] [move_group]: Loaded adapter 'default_planning_request_adapters/ResolveConstraintFrames'
[move_group-2] [INFO] [1789244577.858457780] [move_group]: Try loading adapter 'default_planning_request_adapters/ValidateWorkspaceBounds'
[move_group-2] [INFO] [1789244577.858576340] [move_group]: Loaded adapter 'default_planning_request_adapters/ValidateWorkspaceBounds'
[move_group-2] [INFO] [1789244577.858592692] [move_group]: Try loading adapter 'default_planning_request_adapters/CheckStartStateBounds'
[move_group-2] [INFO] [1789244577.858612500] [move_group]: Loaded adapter 'default_planning_request_adapters/CheckStartStateBounds'
[move_group-2] [INFO] [1789244577.858619412] [move_group]: Try loading adapter 'default_planning_request_adapters/CheckStartStateCollision'
[move_group-2] [INFO] [1789244577.858631668] [move_group]: Loaded adapter 'default_planning_request_adapters/CheckStartStateCollision'
[move_group-2] [INFO] [1789244577.859247510] [move_group]: Try loading adapter 'default_planning_response_adapters/AddTimeOptimalParameterization'
[move_group-2] [INFO] [1789244577.859512087] [move_group]: Loaded adapter 'default_planning_response_adapters/AddTimeOptimalParameterization'
[move_group-2] [INFO] [1789244577.859529047] [move_group]: Try loading adapter 'default_planning_response_adapters/ValidateSolution'
[move_group-2] [INFO] [1789244577.861033213] [move_group]: Loaded adapter 'default_planning_response_adapters/ValidateSolution'
[move_group-2] [INFO] [1789244577.861067549] [move_group]: Try loading adapter 'default_planning_response_adapters/DisplayMotionPath'
[move_group-2] [INFO] [1789244577.861510655] [move_group]: Loaded adapter 'default_planning_response_adapters/DisplayMotionPath'
[move_group-2] [INFO] [1789244577.863329253] [move_group.moveit.moveit.planners.pilz.joint_limits_aggregator]: Reading limits from namespace robot_description_planning
[move_group-2] [WARN] [1789244577.863930407] [move_group.moveit.moveit.planners.pilz.joint_limits_aggregator]: Multi-DOF-Joint 'virtual_joint' not supported.
[move_group-2] [WARN] [1789244577.863964615] [move_group.moveit.moveit.planners.pilz.joint_limits_aggregator]: Multi-DOF-Joint 'virtual_joint' not supported.
[move_group-2] [INFO] [1789244577.866708337] [move_group.moveit.moveit.planners.pilz.command_planner]: Available plugins: pilz_industrial_motion_planner/PlanningContextLoaderCIRC pilz_industrial_motion_planner/PlanningContextLoaderLIN pilz_industrial_motion_planner/PlanningContextLoaderPTP 
[move_group-2] [INFO] [1789244577.866741809] [move_group.moveit.moveit.planners.pilz.command_planner]: About to load: pilz_industrial_motion_planner/PlanningContextLoaderCIRC
[move_group-2] [INFO] [1789244577.867580532] [move_group.moveit.moveit.planners.pilz.command_planner]: Registered Algorithm [CIRC]
[move_group-2] [INFO] [1789244577.867611541] [move_group.moveit.moveit.planners.pilz.command_planner]: About to load: pilz_industrial_motion_planner/PlanningContextLoaderLIN
[move_group-2] [INFO] [1789244577.868176055] [move_group.moveit.moveit.planners.pilz.command_planner]: Registered Algorithm [LIN]
[move_group-2] [INFO] [1789244577.868205655] [move_group.moveit.moveit.planners.pilz.command_planner]: About to load: pilz_industrial_motion_planner/PlanningContextLoaderPTP
[move_group-2] [INFO] [1789244577.868715353] [move_group.moveit.moveit.planners.pilz.command_planner]: Registered Algorithm [PTP]
[move_group-2] [INFO] [1789244577.868745881] [move_group.moveit.moveit.ros.planning_pipeline]: Successfully loaded planner 'Pilz Industrial Motion Planner'
[move_group-2] [INFO] [1789244577.869451227] [move_group]: Try loading adapter 'default_planning_request_adapters/ValidateWorkspaceBounds'
[move_group-2] [INFO] [1789244577.869673372] [move_group]: Loaded adapter 'default_planning_request_adapters/ValidateWorkspaceBounds'
[move_group-2] [INFO] [1789244577.869691164] [move_group]: Try loading adapter 'default_planning_request_adapters/CheckStartStateBounds'
[move_group-2] [INFO] [1789244577.869714332] [move_group]: Loaded adapter 'default_planning_request_adapters/CheckStartStateBounds'
[move_group-2] [INFO] [1789244577.869720988] [move_group]: Try loading adapter 'default_planning_request_adapters/CheckStartStateCollision'
[move_group-2] [INFO] [1789244577.869732540] [move_group]: Loaded adapter 'default_planning_request_adapters/CheckStartStateCollision'
[move_group-2] [WARN] [1789244577.869738684] [move_group.moveit.moveit.ros.planning_pipeline]: No planning response adapter names specified.
[move_group-2] [INFO] [1789244577.871847332] [move_group.moveit.moveit.ros.planning_pipeline]: Successfully loaded planner 'STOMP'
[move_group-2] [INFO] [1789244577.872502246] [move_group]: Try loading adapter 'default_planning_request_adapters/ResolveConstraintFrames'
[move_group-2] [INFO] [1789244577.872577479] [move_group]: Loaded adapter 'default_planning_request_adapters/ResolveConstraintFrames'
[move_group-2] [INFO] [1789244577.872588615] [move_group]: Try loading adapter 'default_planning_request_adapters/ValidateWorkspaceBounds'
[move_group-2] [INFO] [1789244577.872725895] [move_group]: Loaded adapter 'default_planning_request_adapters/ValidateWorkspaceBounds'
[move_group-2] [INFO] [1789244577.872741543] [move_group]: Try loading adapter 'default_planning_request_adapters/CheckStartStateBounds'
[move_group-2] [INFO] [1789244577.872761223] [move_group]: Loaded adapter 'default_planning_request_adapters/CheckStartStateBounds'
[move_group-2] [INFO] [1789244577.872768071] [move_group]: Try loading adapter 'default_planning_request_adapters/CheckStartStateCollision'
[move_group-2] [INFO] [1789244577.872781351] [move_group]: Loaded adapter 'default_planning_request_adapters/CheckStartStateCollision'
[move_group-2] [INFO] [1789244577.873408586] [move_group]: Try loading adapter 'default_planning_response_adapters/AddTimeOptimalParameterization'
[move_group-2] [INFO] [1789244577.873712331] [move_group]: Loaded adapter 'default_planning_response_adapters/AddTimeOptimalParameterization'
[move_group-2] [INFO] [1789244577.873728971] [move_group]: Try loading adapter 'default_planning_response_adapters/ValidateSolution'
[move_group-2] [INFO] [1789244577.874035884] [move_group]: Loaded adapter 'default_planning_response_adapters/ValidateSolution'
[move_group-2] [INFO] [1789244577.874063276] [move_group]: Try loading adapter 'default_planning_response_adapters/DisplayMotionPath'
[move_group-2] [INFO] [1789244577.874308717] [move_group]: Loaded adapter 'default_planning_response_adapters/DisplayMotionPath'
[move_group-2] [INFO] [1789244577.905738558] [move_group.moveit.moveit.plugins.simple_controller_manager]: Added FollowJointTrajectory controller for panda_arm_controller
[move_group-2] [INFO] [1789244577.905806015] [move_group.moveit.moveit.plugins.simple_controller_manager]: panda_hand_controller will command a max effort of: 0
[move_group-2] [ERROR] [1789244577.907973926] [move_group.moveit.moveit.plugins.simple_controller_manager]: Parallel Gripper requires exactly two joints, 1 are specified
[move_group-2] [INFO] [1789244577.910771312] [move_group.moveit.moveit.plugins.simple_controller_manager]: Returned 1 controllers in list
[move_group-2] [INFO] [1789244577.910812913] [move_group.moveit.moveit.plugins.simple_controller_manager]: Returned 1 controllers in list
[move_group-2] [INFO] [1789244577.911368627] [move_group.moveit.moveit.ros.trajectory_execution_manager]: Trajectory execution is managing controllers
[move_group-2] [INFO] [1789244577.911400083] [move_group]: MoveGroup debug mode is ON
[move_group-2] [INFO] [1789244577.928431440] [move_group.moveit.moveit.planners.pilz.move_group_sequence_action]: initialize move group sequence action
[move_group-2] [INFO] [1789244577.930998746] [move_group.moveit.moveit.planners.pilz.joint_limits_aggregator]: Reading limits from namespace robot_description_planning
[move_group-2] [WARN] [1789244577.931091034] [move_group.moveit.moveit.planners.pilz.joint_limits_aggregator]: Multi-DOF-Joint 'virtual_joint' not supported.
[move_group-2] [WARN] [1789244577.931117882] [move_group.moveit.moveit.planners.pilz.joint_limits_aggregator]: Multi-DOF-Joint 'virtual_joint' not supported.
[move_group-2] [INFO] [1789244577.931280731] [move_group.moveit.moveit.planners.pilz.joint_limits_aggregator]: Reading limits from namespace robot_description_planning
[move_group-2] [WARN] [1789244577.931313275] [move_group.moveit.moveit.planners.pilz.joint_limits_aggregator]: Multi-DOF-Joint 'virtual_joint' not supported.
[move_group-2] [WARN] [1789244577.931327579] [move_group.moveit.moveit.planners.pilz.joint_limits_aggregator]: Multi-DOF-Joint 'virtual_joint' not supported.
[move_group-2] [INFO] [1789244577.932037693] [move_group.moveit.moveit.ros.move_group.executable]: 
[move_group-2] 
[move_group-2] ********************************************************
[move_group-2] * MoveGroup using: 
[move_group-2] *     - apply_planning_scene_service
[move_group-2] *     - clear_octomap_service
[move_group-2] *     - get_group_urdf
[move_group-2] *     - load_geometry_from_file
[move_group-2] *     - CartesianPathService
[move_group-2] *     - execute_trajectory_action
[move_group-2] *     - get_planning_scene_service
[move_group-2] *     - kinematics_service
[move_group-2] *     - move_action
[move_group-2] *     - motion_plan_service
[move_group-2] *     - query_planners_service
[move_group-2] *     - state_validation_service
[move_group-2] *     - save_geometry_to_file
[move_group-2] *     - SequenceAction
[move_group-2] *     - SequenceService
[move_group-2] ********************************************************
[move_group-2] 
[move_group-2] [INFO] [1789244577.932103902] [move_group.moveit.moveit.ros.move_group.context]: MoveGroup context using pipeline ompl
[move_group-2] [INFO] [1789244577.932118462] [move_group.moveit.moveit.ros.move_group.context]: MoveGroup context initialization complete
[move_group-2] [WARN] [1789244578.796172494] [move_group.moveit.moveit.ros.current_state_monitor]: Unable to update multi-DOF joint 'virtual_joint':Failure to lookup transform between 'world'and 'panda_link0' with TF exception: "world" passed to lookupTransform argument target_frame does not exist. 
[move_group-2] [WARN] [1789244581.284998379] [move_group.moveit.moveit.ros.planning_scene_monitor]: The complete state of the robot is not yet known.  Missing virtual_joint
[move_group-2] terminate called after throwing an instance of 'std::runtime_error'
[move_group-2]   what():  Box dimensions must be non-negative.
[move_group-2] Stack trace (most recent call last) in thread 887:
[move_group-2] #22   Object "/usr/lib/aarch64-linux-gnu/ld-linux-aarch64.so.1", at 0xffffffffffffffff, in 
[move_group-2] #21   Object "/usr/lib/aarch64-linux-gnu/libc.so.6", at 0xe70031e3ba0b, in 
[move_group-2] #20   Object "/usr/lib/aarch64-linux-gnu/libc.so.6", at 0xe70031dd582b, in 
[move_group-2] #19   Object "/usr/lib/aarch64-linux-gnu/libstdc++.so.6.0.33", at 0xe70032031adf, in 
[move_group-2] #18   Object "/opt/ros/jazzy/lib/librclcpp.so", at 0xe7003239c21b, in rclcpp::executors::MultiThreadedExecutor::run(unsigned long)
[move_group-2] #17   Object "/opt/ros/jazzy/lib/librclcpp.so", at 0xe70032368e33, in rclcpp::Executor::execute_any_executable(rclcpp::AnyExecutable&)
[move_group-2] #16   Object "/opt/ros/jazzy/lib/librclcpp.so", at 0xe70032363ffb, in rclcpp::Executor::execute_service(std::shared_ptr<rclcpp::ServiceBase>)
[move_group-2] #15   Object "/opt/ros/jazzy/lib/librclcpp.so", at 0xe7003246c567, in 
[move_group-2] #14   Object "/opt/ros/jazzy/lib/libmoveit_move_group_default_capabilities.so.2.12.4", at 0xe6ffedfc55ff, in 
[move_group-2] #13   Object "/opt/ros/jazzy/lib/libmoveit_move_group_default_capabilities.so.2.12.4", at 0xe6ffedfc48bf, in move_group::ApplyPlanningSceneService::applyScene(std::shared_ptr<rmw_request_id_s> const&, std::shared_ptr<moveit_msgs::srv::ApplyPlanningScene_Request_<std::allocator<void> > > const&, std::shared_ptr<moveit_msgs::srv::ApplyPlanningScene_Response_<std::allocator<void> > > const&)
[move_group-2] #12   Object "/opt/ros/jazzy/lib/libmoveit_planning_scene_monitor.so.2.12.4", at 0xe700326e5003, in planning_scene_monitor::PlanningSceneMonitor::newPlanningSceneMessage(moveit_msgs::msg::PlanningScene_<std::allocator<void> > const&)
[move_group-2] #11   Object "/opt/ros/jazzy/lib/libmoveit_planning_scene.so.2.12.4", at 0xe700318365c7, in planning_scene::PlanningScene::setPlanningSceneDiffMsg(moveit_msgs::msg::PlanningScene_<std::allocator<void> > const&)
[move_group-2] #10   Object "/opt/ros/jazzy/lib/libmoveit_planning_scene.so.2.12.4", at 0xe7003183e12b, in planning_scene::PlanningScene::processCollisionObjectAdd(moveit_msgs::msg::CollisionObject_<std::allocator<void> > const&)
[move_group-2] #9    Object "/opt/ros/jazzy/lib/libmoveit_planning_scene.so.2.12.4", at 0xe7003183cef7, in planning_scene::PlanningScene::shapesAndPosesFromCollisionObjectMessage(moveit_msgs::msg::CollisionObject_<std::allocator<void> > const&, Eigen::Transform<double, 3, 1, 0>&, std::vector<std::shared_ptr<shapes::Shape const>, std::allocator<std::shared_ptr<shapes::Shape const> > >&, std::vector<Eigen::Transform<double, 3, 1, 0>, Eigen::aligned_allocator<Eigen::Transform<double, 3, 1, 0> > >&)
[move_group-2] #8    Object "/opt/ros/jazzy/lib/libgeometric_shapes.so.2.3.4", at 0xe7003158c57f, in shapes::constructShapeFromMsg(shape_msgs::msg::SolidPrimitive_<std::allocator<void> > const&)
[move_group-2] #7    Object "/opt/ros/jazzy/lib/libgeometric_shapes.so.2.3.4", at 0xe700315920ff, in shapes::Box::Box(double, double, double)
[move_group-2] #6    Object "/usr/lib/aarch64-linux-gnu/libstdc++.so.6.0.33", at 0xe70031ffa907, in __cxa_throw
[move_group-2] #5    Object "/usr/lib/aarch64-linux-gnu/libstdc++.so.6.0.33", at 0xe70031ff0e03, in std::terminate()
[move_group-2] #4    Object "/usr/lib/aarch64-linux-gnu/libstdc++.so.6.0.33", at 0xe70031ffa56f, in 
[move_group-2] #3    Object "/usr/lib/aarch64-linux-gnu/libstdc++.so.6.0.33", at 0xe70031ffd4d7, in __gnu_cxx::__verbose_terminate_handler()
[move_group-2] #2    Object "/usr/lib/aarch64-linux-gnu/libc.so.6", at 0xe70031d77dff, in abort
[move_group-2] #1    Object "/usr/lib/aarch64-linux-gnu/libc.so.6", at 0xe70031d8cb3b, in raise
[move_group-2] #0    Object "/usr/lib/aarch64-linux-gnu/libc.so.6", at 0xe70031dd74d8, in 
[move_group-2] Aborted (Signal sent by tkill() 721 0)
[ERROR] [move_group-2]: process has died [pid 721, exit code -6, cmd '/opt/ros/jazzy/lib/moveit_ros_move_group/move_group --ros-args --params-file /tmp/launch_params_92utr06l --params-file /tmp/launch_params_w7psfgoj --params-file /tmp/launch_params_38ogrib6 -r /panda_hand_controller/gripper_action:=/franka_gripper/gripper_action'].
[INFO] [move_group-2]: process started with pid [891]
[move_group-2] [INFO] [1789244607.811823561] [move_group.moveit.moveit.ros.rdf_loader]: Loaded robot model in 0 seconds
[move_group-2] [INFO] [1789244607.811936393] [move_group.moveit.moveit.core.robot_model]: Loading robot model 'panda'...
[move_group-2] [WARN] [1789244607.817142076] [kdl_parser]: The root link panda_link0 has an inertia specified in the URDF, but KDL does not support a root link with an inertia.  As a workaround, you can add an extra dummy link to your URDF.
[move_group-2] [INFO] [1789244607.817229052] [move_group.moveit.moveit.kinematics.kdl_kinematics_plugin]: Joint weights for group 'panda_arm': 1 1 1 1 1 1 1
[move_group-2] [INFO] [1789244607.837932327] [move_group.moveit.moveit.ros.planning_scene_monitor]: Publishing maintained planning scene on 'monitored_planning_scene'
[move_group-2] [INFO] [1789244607.838132712] [move_group.moveit.moveit.ros.moveit_cpp]: Listening to 'joint_states' for joint states
[move_group-2] [INFO] [1789244607.838930602] [move_group.moveit.moveit.ros.current_state_monitor]: Listening to joint states on topic 'joint_states'
[move_group-2] [INFO] [1789244607.839230924] [move_group.moveit.moveit.ros.planning_scene_monitor]: Listening to '/attached_collision_object' for attached collision objects
[move_group-2] [INFO] [1789244607.839253516] [move_group.moveit.moveit.ros.planning_scene_monitor]: Stopping existing planning scene publisher.
[move_group-2] [INFO] [1789244607.839377068] [move_group.moveit.moveit.ros.planning_scene_monitor]: Stopped publishing maintained planning scene.
[move_group-2] [INFO] [1789244607.839665357] [move_group.moveit.moveit.ros.planning_scene_monitor]: Publishing maintained planning scene on 'monitored_planning_scene'
[move_group-2] [INFO] [1789244607.839760814] [move_group.moveit.moveit.ros.planning_scene_monitor]: Starting planning scene monitor
[move_group-2] [INFO] [1789244607.840274927] [move_group.moveit.moveit.ros.planning_scene_monitor]: Listening to '/planning_scene'
[move_group-2] [INFO] [1789244607.840295727] [move_group.moveit.moveit.ros.planning_scene_monitor]: Starting world geometry update monitor for collision objects, attached objects, octomap updates.
[move_group-2] [INFO] [1789244607.840522448] [move_group.moveit.moveit.ros.planning_scene_monitor]: Listening to 'collision_object'
[move_group-2] [INFO] [1789244607.840753617] [move_group.moveit.moveit.ros.planning_scene_monitor]: Listening to 'planning_scene_world' for planning scene world geometry
[move_group-2] [WARN] [1789244607.840882418] [move_group.moveit.moveit.ros.occupancy_map_monitor]: Resolution not specified for Octomap. Assuming resolution = 0.1 instead
[move_group-2] [ERROR] [1789244607.840902258] [move_group.moveit.moveit.ros.occupancy_map_monitor]: No 3D sensor plugin(s) defined for octomap updates
[move_group-2] [INFO] [1789244607.845081985] [move_group.moveit.moveit.ros.planning_pipeline]: Successfully loaded planner 'CHOMP'
[move_group-2] [INFO] [1789244607.845753379] [move_group]: Try loading adapter 'default_planning_request_adapters/ResolveConstraintFrames'
[move_group-2] [INFO] [1789244607.846278341] [move_group]: Loaded adapter 'default_planning_request_adapters/ResolveConstraintFrames'
[move_group-2] [INFO] [1789244607.846301477] [move_group]: Try loading adapter 'default_planning_request_adapters/ValidateWorkspaceBounds'
[move_group-2] [INFO] [1789244607.846428646] [move_group]: Loaded adapter 'default_planning_request_adapters/ValidateWorkspaceBounds'
[move_group-2] [INFO] [1789244607.846443014] [move_group]: Try loading adapter 'default_planning_request_adapters/CheckStartStateBounds'
[move_group-2] [INFO] [1789244607.846462982] [move_group]: Loaded adapter 'default_planning_request_adapters/CheckStartStateBounds'
[move_group-2] [INFO] [1789244607.846469382] [move_group]: Try loading adapter 'default_planning_request_adapters/CheckStartStateCollision'
[move_group-2] [INFO] [1789244607.846485318] [move_group]: Loaded adapter 'default_planning_request_adapters/CheckStartStateCollision'
[move_group-2] [INFO] [1789244607.847124904] [move_group]: Try loading adapter 'default_planning_response_adapters/AddTimeOptimalParameterization'
[move_group-2] [INFO] [1789244607.848506445] [move_group]: Loaded adapter 'default_planning_response_adapters/AddTimeOptimalParameterization'
[move_group-2] [INFO] [1789244607.858333841] [move_group.moveit.moveit.ros.planning_pipeline]: Successfully loaded planner 'OMPL'
[move_group-2] [INFO] [1789244607.859065171] [move_group]: Try loading adapter 'default_planning_request_adapters/ResolveConstraintFrames'
[move_group-2] [INFO] [1789244607.859149972] [move_group]: Loaded adapter 'default_planning_request_adapters/ResolveConstraintFrames'
[move_group-2] [INFO] [1789244607.859161940] [move_group]: Try loading adapter 'default_planning_request_adapters/ValidateWorkspaceBounds'
[move_group-2] [INFO] [1789244607.859284628] [move_group]: Loaded adapter 'default_planning_request_adapters/ValidateWorkspaceBounds'
[move_group-2] [INFO] [1789244607.859297652] [move_group]: Try loading adapter 'default_planning_request_adapters/CheckStartStateBounds'
[move_group-2] [INFO] [1789244607.859315284] [move_group]: Loaded adapter 'default_planning_request_adapters/CheckStartStateBounds'
[move_group-2] [INFO] [1789244607.859322708] [move_group]: Try loading adapter 'default_planning_request_adapters/CheckStartStateCollision'
[move_group-2] [INFO] [1789244607.859336596] [move_group]: Loaded adapter 'default_planning_request_adapters/CheckStartStateCollision'
[move_group-2] [INFO] [1789244607.859931478] [move_group]: Try loading adapter 'default_planning_response_adapters/AddTimeOptimalParameterization'
[move_group-2] [INFO] [1789244607.860171959] [move_group]: Loaded adapter 'default_planning_response_adapters/AddTimeOptimalParameterization'
[move_group-2] [INFO] [1789244607.860190135] [move_group]: Try loading adapter 'default_planning_response_adapters/ValidateSolution'
[move_group-2] [INFO] [1789244607.861610236] [move_group]: Loaded adapter 'default_planning_response_adapters/ValidateSolution'
[move_group-2] [INFO] [1789244607.861634845] [move_group]: Try loading adapter 'default_planning_response_adapters/DisplayMotionPath'
[move_group-2] [INFO] [1789244607.862000830] [move_group]: Loaded adapter 'default_planning_response_adapters/DisplayMotionPath'
[move_group-2] [INFO] [1789244607.863721540] [move_group.moveit.moveit.planners.pilz.joint_limits_aggregator]: Reading limits from namespace robot_description_planning
[move_group-2] [WARN] [1789244607.864303302] [move_group.moveit.moveit.planners.pilz.joint_limits_aggregator]: Multi-DOF-Joint 'virtual_joint' not supported.
[move_group-2] [WARN] [1789244607.864336326] [move_group.moveit.moveit.planners.pilz.joint_limits_aggregator]: Multi-DOF-Joint 'virtual_joint' not supported.
[move_group-2] [INFO] [1789244607.867096432] [move_group.moveit.moveit.planners.pilz.command_planner]: Available plugins: pilz_industrial_motion_planner/PlanningContextLoaderCIRC pilz_industrial_motion_planner/PlanningContextLoaderLIN pilz_industrial_motion_planner/PlanningContextLoaderPTP 
[move_group-2] [INFO] [1789244607.867132400] [move_group.moveit.moveit.planners.pilz.command_planner]: About to load: pilz_industrial_motion_planner/PlanningContextLoaderCIRC
[move_group-2] [INFO] [1789244607.867989171] [move_group.moveit.moveit.planners.pilz.command_planner]: Registered Algorithm [CIRC]
[move_group-2] [INFO] [1789244607.868021940] [move_group.moveit.moveit.planners.pilz.command_planner]: About to load: pilz_industrial_motion_planner/PlanningContextLoaderLIN
[move_group-2] [INFO] [1789244607.868570998] [move_group.moveit.moveit.planners.pilz.command_planner]: Registered Algorithm [LIN]
[move_group-2] [INFO] [1789244607.868604214] [move_group.moveit.moveit.planners.pilz.command_planner]: About to load: pilz_industrial_motion_planner/PlanningContextLoaderPTP
[move_group-2] [INFO] [1789244607.869233048] [move_group.moveit.moveit.planners.pilz.command_planner]: Registered Algorithm [PTP]
[move_group-2] [INFO] [1789244607.869267480] [move_group.moveit.moveit.ros.planning_pipeline]: Successfully loaded planner 'Pilz Industrial Motion Planner'
[move_group-2] [INFO] [1789244607.870012571] [move_group]: Try loading adapter 'default_planning_request_adapters/ValidateWorkspaceBounds'
[move_group-2] [INFO] [1789244607.870242172] [move_group]: Loaded adapter 'default_planning_request_adapters/ValidateWorkspaceBounds'
[move_group-2] [INFO] [1789244607.870260636] [move_group]: Try loading adapter 'default_planning_request_adapters/CheckStartStateBounds'
[move_group-2] [INFO] [1789244607.870283068] [move_group]: Loaded adapter 'default_planning_request_adapters/CheckStartStateBounds'
[move_group-2] [INFO] [1789244607.870289116] [move_group]: Try loading adapter 'default_planning_request_adapters/CheckStartStateCollision'
[move_group-2] [INFO] [1789244607.870300540] [move_group]: Loaded adapter 'default_planning_request_adapters/CheckStartStateCollision'
[move_group-2] [WARN] [1789244607.870305820] [move_group.moveit.moveit.ros.planning_pipeline]: No planning response adapter names specified.
[move_group-2] [INFO] [1789244607.872295427] [move_group.moveit.moveit.ros.planning_pipeline]: Successfully loaded planner 'STOMP'
[move_group-2] [INFO] [1789244607.872942501] [move_group]: Try loading adapter 'default_planning_request_adapters/ResolveConstraintFrames'
[move_group-2] [INFO] [1789244607.873017766] [move_group]: Loaded adapter 'default_planning_request_adapters/ResolveConstraintFrames'
[move_group-2] [INFO] [1789244607.873028870] [move_group]: Try loading adapter 'default_planning_request_adapters/ValidateWorkspaceBounds'
[move_group-2] [INFO] [1789244607.873194886] [move_group]: Loaded adapter 'default_planning_request_adapters/ValidateWorkspaceBounds'
[move_group-2] [INFO] [1789244607.873213030] [move_group]: Try loading adapter 'default_planning_request_adapters/CheckStartStateBounds'
[move_group-2] [INFO] [1789244607.873234086] [move_group]: Loaded adapter 'default_planning_request_adapters/CheckStartStateBounds'
[move_group-2] [INFO] [1789244607.873240166] [move_group]: Try loading adapter 'default_planning_request_adapters/CheckStartStateCollision'
[move_group-2] [INFO] [1789244607.873251398] [move_group]: Loaded adapter 'default_planning_request_adapters/CheckStartStateCollision'
[move_group-2] [INFO] [1789244607.873851689] [move_group]: Try loading adapter 'default_planning_response_adapters/AddTimeOptimalParameterization'
[move_group-2] [INFO] [1789244607.874168330] [move_group]: Loaded adapter 'default_planning_response_adapters/AddTimeOptimalParameterization'
[move_group-2] [INFO] [1789244607.874186570] [move_group]: Try loading adapter 'default_planning_response_adapters/ValidateSolution'
[move_group-2] [INFO] [1789244607.874408555] [move_group]: Loaded adapter 'default_planning_response_adapters/ValidateSolution'
[move_group-2] [INFO] [1789244607.874426347] [move_group]: Try loading adapter 'default_planning_response_adapters/DisplayMotionPath'
[move_group-2] [INFO] [1789244607.874606379] [move_group]: Loaded adapter 'default_planning_response_adapters/DisplayMotionPath'
[move_group-2] [INFO] [1789244607.903436307] [move_group.moveit.moveit.plugins.simple_controller_manager]: Added FollowJointTrajectory controller for panda_arm_controller
[move_group-2] [INFO] [1789244607.903499732] [move_group.moveit.moveit.plugins.simple_controller_manager]: panda_hand_controller will command a max effort of: 0
[move_group-2] [ERROR] [1789244607.904899321] [move_group.moveit.moveit.plugins.simple_controller_manager]: Parallel Gripper requires exactly two joints, 1 are specified
[move_group-2] [INFO] [1789244607.906881056] [move_group.moveit.moveit.plugins.simple_controller_manager]: Returned 1 controllers in list
[move_group-2] [INFO] [1789244607.906927264] [move_group.moveit.moveit.plugins.simple_controller_manager]: Returned 1 controllers in list
[move_group-2] [INFO] [1789244607.907346178] [move_group.moveit.moveit.ros.trajectory_execution_manager]: Trajectory execution is managing controllers
[move_group-2] [INFO] [1789244607.907377314] [move_group]: MoveGroup debug mode is ON
[move_group-2] [INFO] [1789244607.919242701] [move_group.moveit.moveit.planners.pilz.move_group_sequence_action]: initialize move group sequence action
[move_group-2] [INFO] [1789244607.921005267] [move_group.moveit.moveit.planners.pilz.joint_limits_aggregator]: Reading limits from namespace robot_description_planning
[move_group-2] [WARN] [1789244607.921075475] [move_group.moveit.moveit.planners.pilz.joint_limits_aggregator]: Multi-DOF-Joint 'virtual_joint' not supported.
[move_group-2] [WARN] [1789244607.921097779] [move_group.moveit.moveit.planners.pilz.joint_limits_aggregator]: Multi-DOF-Joint 'virtual_joint' not supported.
[move_group-2] [INFO] [1789244607.921256404] [move_group.moveit.moveit.planners.pilz.joint_limits_aggregator]: Reading limits from namespace robot_description_planning
[move_group-2] [WARN] [1789244607.921291412] [move_group.moveit.moveit.planners.pilz.joint_limits_aggregator]: Multi-DOF-Joint 'virtual_joint' not supported.
[move_group-2] [WARN] [1789244607.921306612] [move_group.moveit.moveit.planners.pilz.joint_limits_aggregator]: Multi-DOF-Joint 'virtual_joint' not supported.
[move_group-2] [INFO] [1789244607.921820662] [move_group.moveit.moveit.ros.move_group.executable]: 
[move_group-2] 
[move_group-2] ********************************************************
[move_group-2] * MoveGroup using: 
[move_group-2] *     - apply_planning_scene_service
[move_group-2] *     - clear_octomap_service
[move_group-2] *     - get_group_urdf
[move_group-2] *     - load_geometry_from_file
[move_group-2] *     - CartesianPathService
[move_group-2] *     - execute_trajectory_action
[move_group-2] *     - get_planning_scene_service
[move_group-2] *     - kinematics_service
[move_group-2] *     - move_action
[move_group-2] *     - motion_plan_service
[move_group-2] *     - query_planners_service
[move_group-2] *     - state_validation_service
[move_group-2] *     - save_geometry_to_file
[move_group-2] *     - SequenceAction
[move_group-2] *     - SequenceService
[move_group-2] ********************************************************
[move_group-2] 
[move_group-2] [INFO] [1789244607.921890486] [move_group.moveit.moveit.ros.move_group.context]: MoveGroup context using pipeline ompl
[move_group-2] [INFO] [1789244607.921905078] [move_group.moveit.moveit.ros.move_group.context]: MoveGroup context initialization complete
[move_group-2] [WARN] [1789244608.536013696] [move_group.moveit.moveit.ros.current_state_monitor]: Unable to update multi-DOF joint 'virtual_joint':Failure to lookup transform between 'world'and 'panda_link0' with TF exception: "world" passed to lookupTransform argument target_frame does not exist. 
[move_group-2] [WARN] [1789244611.285021897] [move_group.moveit.moveit.ros.planning_scene_monitor]: The complete state of the robot is not yet known.  Missing virtual_joint
[move_group-2] terminate called after throwing an instance of 'std::runtime_error'
[move_group-2]   what():  Box dimensions must be non-negative.
[move_group-2] Stack trace (most recent call last) in thread 956:
[move_group-2] #22   Object "/usr/lib/aarch64-linux-gnu/ld-linux-aarch64.so.1", at 0xffffffffffffffff, in 
[move_group-2] #21   Object "/usr/lib/aarch64-linux-gnu/libc.so.6", at 0xe60626acba0b, in 
[move_group-2] #20   Object "/usr/lib/aarch64-linux-gnu/libc.so.6", at 0xe60626a6582b, in 
[move_group-2] #19   Object "/usr/lib/aarch64-linux-gnu/libstdc++.so.6.0.33", at 0xe60626cc1adf, in 
[move_group-2] #18   Object "/opt/ros/jazzy/lib/librclcpp.so", at 0xe6062702c21b, in rclcpp::executors::MultiThreadedExecutor::run(unsigned long)
[move_group-2] #17   Object "/opt/ros/jazzy/lib/librclcpp.so", at 0xe60626ff8e33, in rclcpp::Executor::execute_any_executable(rclcpp::AnyExecutable&)
[move_group-2] #16   Object "/opt/ros/jazzy/lib/librclcpp.so", at 0xe60626ff3ffb, in rclcpp::Executor::execute_service(std::shared_ptr<rclcpp::ServiceBase>)
[move_group-2] #15   Object "/opt/ros/jazzy/lib/librclcpp.so", at 0xe606270fc567, in 
[move_group-2] #14   Object "/opt/ros/jazzy/lib/libmoveit_move_group_default_capabilities.so.2.12.4", at 0xe605ead755ff, in 
[move_group-2] #13   Object "/opt/ros/jazzy/lib/libmoveit_move_group_default_capabilities.so.2.12.4", at 0xe605ead748bf, in move_group::ApplyPlanningSceneService::applyScene(std::shared_ptr<rmw_request_id_s> const&, std::shared_ptr<moveit_msgs::srv::ApplyPlanningScene_Request_<std::allocator<void> > > const&, std::shared_ptr<moveit_msgs::srv::ApplyPlanningScene_Response_<std::allocator<void> > > const&)
[move_group-2] #12   Object "/opt/ros/jazzy/lib/libmoveit_planning_scene_monitor.so.2.12.4", at 0xe60627375003, in planning_scene_monitor::PlanningSceneMonitor::newPlanningSceneMessage(moveit_msgs::msg::PlanningScene_<std::allocator<void> > const&)
[move_group-2] #11   Object "/opt/ros/jazzy/lib/libmoveit_planning_scene.so.2.12.4", at 0xe606264c65c7, in planning_scene::PlanningScene::setPlanningSceneDiffMsg(moveit_msgs::msg::PlanningScene_<std::allocator<void> > const&)
[move_group-2] #10   Object "/opt/ros/jazzy/lib/libmoveit_planning_scene.so.2.12.4", at 0xe606264ce12b, in planning_scene::PlanningScene::processCollisionObjectAdd(moveit_msgs::msg::CollisionObject_<std::allocator<void> > const&)
[move_group-2] #9    Object "/opt/ros/jazzy/lib/libmoveit_planning_scene.so.2.12.4", at 0xe606264ccef7, in planning_scene::PlanningScene::shapesAndPosesFromCollisionObjectMessage(moveit_msgs::msg::CollisionObject_<std::allocator<void> > const&, Eigen::Transform<double, 3, 1, 0>&, std::vector<std::shared_ptr<shapes::Shape const>, std::allocator<std::shared_ptr<shapes::Shape const> > >&, std::vector<Eigen::Transform<double, 3, 1, 0>, Eigen::aligned_allocator<Eigen::Transform<double, 3, 1, 0> > >&)
[move_group-2] #8    Object "/opt/ros/jazzy/lib/libgeometric_shapes.so.2.3.4", at 0xe6062621c57f, in shapes::constructShapeFromMsg(shape_msgs::msg::SolidPrimitive_<std::allocator<void> > const&)
[move_group-2] #7    Object "/opt/ros/jazzy/lib/libgeometric_shapes.so.2.3.4", at 0xe606262220ff, in shapes::Box::Box(double, double, double)
[move_group-2] #6    Object "/usr/lib/aarch64-linux-gnu/libstdc++.so.6.0.33", at 0xe60626c8a907, in __cxa_throw
[move_group-2] #5    Object "/usr/lib/aarch64-linux-gnu/libstdc++.so.6.0.33", at 0xe60626c80e03, in std::terminate()
[move_group-2] #4    Object "/usr/lib/aarch64-linux-gnu/libstdc++.so.6.0.33", at 0xe60626c8a56f, in 
[move_group-2] #3    Object "/usr/lib/aarch64-linux-gnu/libstdc++.so.6.0.33", at 0xe60626c8d4d7, in __gnu_cxx::__verbose_terminate_handler()
[move_group-2] #2    Object "/usr/lib/aarch64-linux-gnu/libc.so.6", at 0xe60626a07dff, in abort
[move_group-2] #1    Object "/usr/lib/aarch64-linux-gnu/libc.so.6", at 0xe60626a1cb3b, in raise
[move_group-2] #0    Object "/usr/lib/aarch64-linux-gnu/libc.so.6", at 0xe60626a674d8, in 
[move_group-2] Aborted (Signal sent by tkill() 891 0)
[ERROR] [move_group-2]: process has died [pid 891, exit code -6, cmd '/opt/ros/jazzy/lib/moveit_ros_move_group/move_group --ros-args --params-file /tmp/launch_params_92utr06l --params-file /tmp/launch_params_w7psfgoj --params-file /tmp/launch_params_38ogrib6 -r /panda_hand_controller/gripper_action:=/franka_gripper/gripper_action'].
[INFO] [move_group-2]: process started with pid [1061]
[move_group-2] [INFO] [1789244637.825041526] [move_group.moveit.moveit.ros.rdf_loader]: Loaded robot model in 0 seconds
[move_group-2] [INFO] [1789244637.825266487] [move_group.moveit.moveit.core.robot_model]: Loading robot model 'panda'...
[move_group-2] [WARN] [1789244637.830969675] [kdl_parser]: The root link panda_link0 has an inertia specified in the URDF, but KDL does not support a root link with an inertia.  As a workaround, you can add an extra dummy link to your URDF.
[move_group-2] [INFO] [1789244637.831064236] [move_group.moveit.moveit.kinematics.kdl_kinematics_plugin]: Joint weights for group 'panda_arm': 1 1 1 1 1 1 1
[move_group-2] [INFO] [1789244637.852869850] [move_group.moveit.moveit.ros.planning_scene_monitor]: Publishing maintained planning scene on 'monitored_planning_scene'
[move_group-2] [INFO] [1789244637.853061595] [move_group.moveit.moveit.ros.moveit_cpp]: Listening to 'joint_states' for joint states
[move_group-2] [INFO] [1789244637.853793886] [move_group.moveit.moveit.ros.current_state_monitor]: Listening to joint states on topic 'joint_states'
[move_group-2] [INFO] [1789244637.854045311] [move_group.moveit.moveit.ros.planning_scene_monitor]: Listening to '/attached_collision_object' for attached collision objects
[move_group-2] [INFO] [1789244637.854082687] [move_group.moveit.moveit.ros.planning_scene_monitor]: Stopping existing planning scene publisher.
[move_group-2] [INFO] [1789244637.854220799] [move_group.moveit.moveit.ros.planning_scene_monitor]: Stopped publishing maintained planning scene.
[move_group-2] [INFO] [1789244637.854468448] [move_group.moveit.moveit.ros.planning_scene_monitor]: Publishing maintained planning scene on 'monitored_planning_scene'
[move_group-2] [INFO] [1789244637.854556256] [move_group.moveit.moveit.ros.planning_scene_monitor]: Starting planning scene monitor
[move_group-2] [INFO] [1789244637.855068514] [move_group.moveit.moveit.ros.planning_scene_monitor]: Listening to '/planning_scene'
[move_group-2] [INFO] [1789244637.855090466] [move_group.moveit.moveit.ros.planning_scene_monitor]: Starting world geometry update monitor for collision objects, attached objects, octomap updates.
[move_group-2] [INFO] [1789244637.855298787] [move_group.moveit.moveit.ros.planning_scene_monitor]: Listening to 'collision_object'
[move_group-2] [INFO] [1789244637.855507396] [move_group.moveit.moveit.ros.planning_scene_monitor]: Listening to 'planning_scene_world' for planning scene world geometry
[move_group-2] [WARN] [1789244637.855635556] [move_group.moveit.moveit.ros.occupancy_map_monitor]: Resolution not specified for Octomap. Assuming resolution = 0.1 instead
[move_group-2] [ERROR] [1789244637.855655652] [move_group.moveit.moveit.ros.occupancy_map_monitor]: No 3D sensor plugin(s) defined for octomap updates
[move_group-2] [INFO] [1789244637.859875892] [move_group.moveit.moveit.ros.planning_pipeline]: Successfully loaded planner 'CHOMP'
[move_group-2] [INFO] [1789244637.860529814] [move_group]: Try loading adapter 'default_planning_request_adapters/ResolveConstraintFrames'
[move_group-2] [INFO] [1789244637.861074584] [move_group]: Loaded adapter 'default_planning_request_adapters/ResolveConstraintFrames'
[move_group-2] [INFO] [1789244637.861095448] [move_group]: Try loading adapter 'default_planning_request_adapters/ValidateWorkspaceBounds'
[move_group-2] [INFO] [1789244637.861213593] [move_group]: Loaded adapter 'default_planning_request_adapters/ValidateWorkspaceBounds'
[move_group-2] [INFO] [1789244637.861225241] [move_group]: Try loading adapter 'default_planning_request_adapters/CheckStartStateBounds'
[move_group-2] [INFO] [1789244637.861242649] [move_group]: Loaded adapter 'default_planning_request_adapters/CheckStartStateBounds'
[move_group-2] [INFO] [1789244637.861249337] [move_group]: Try loading adapter 'default_planning_request_adapters/CheckStartStateCollision'
[move_group-2] [INFO] [1789244637.861263545] [move_group]: Loaded adapter 'default_planning_request_adapters/CheckStartStateCollision'
[move_group-2] [INFO] [1789244637.861870299] [move_group]: Try loading adapter 'default_planning_response_adapters/AddTimeOptimalParameterization'
[move_group-2] [INFO] [1789244637.863270016] [move_group]: Loaded adapter 'default_planning_response_adapters/AddTimeOptimalParameterization'
[move_group-2] [INFO] [1789244637.874228712] [move_group.moveit.moveit.ros.planning_pipeline]: Successfully loaded planner 'OMPL'
[move_group-2] [INFO] [1789244637.874954186] [move_group]: Try loading adapter 'default_planning_request_adapters/ResolveConstraintFrames'
[move_group-2] [INFO] [1789244637.875045802] [move_group]: Loaded adapter 'default_planning_request_adapters/ResolveConstraintFrames'
[move_group-2] [INFO] [1789244637.875070155] [move_group]: Try loading adapter 'default_planning_request_adapters/ValidateWorkspaceBounds'
[move_group-2] [INFO] [1789244637.875203339] [move_group]: Loaded adapter 'default_planning_request_adapters/ValidateWorkspaceBounds'
[move_group-2] [INFO] [1789244637.875216875] [move_group]: Try loading adapter 'default_planning_request_adapters/CheckStartStateBounds'
[move_group-2] [INFO] [1789244637.875237227] [move_group]: Loaded adapter 'default_planning_request_adapters/CheckStartStateBounds'
[move_group-2] [INFO] [1789244637.875244171] [move_group]: Try loading adapter 'default_planning_request_adapters/CheckStartStateCollision'
[move_group-2] [INFO] [1789244637.875257419] [move_group]: Loaded adapter 'default_planning_request_adapters/CheckStartStateCollision'
[move_group-2] [INFO] [1789244637.875860685] [move_group]: Try loading adapter 'default_planning_response_adapters/AddTimeOptimalParameterization'
[move_group-2] [INFO] [1789244637.876103662] [move_group]: Loaded adapter 'default_planning_response_adapters/AddTimeOptimalParameterization'
[move_group-2] [INFO] [1789244637.876120622] [move_group]: Try loading adapter 'default_planning_response_adapters/ValidateSolution'
[move_group-2] [INFO] [1789244637.877653588] [move_group]: Loaded adapter 'default_planning_response_adapters/ValidateSolution'
[move_group-2] [INFO] [1789244637.877675604] [move_group]: Try loading adapter 'default_planning_response_adapters/DisplayMotionPath'
[move_group-2] [INFO] [1789244637.877993941] [move_group]: Loaded adapter 'default_planning_response_adapters/DisplayMotionPath'
[move_group-2] [INFO] [1789244637.879777916] [move_group.moveit.moveit.planners.pilz.joint_limits_aggregator]: Reading limits from namespace robot_description_planning
[move_group-2] [WARN] [1789244637.880352350] [move_group.moveit.moveit.planners.pilz.joint_limits_aggregator]: Multi-DOF-Joint 'virtual_joint' not supported.
[move_group-2] [WARN] [1789244637.880386334] [move_group.moveit.moveit.planners.pilz.joint_limits_aggregator]: Multi-DOF-Joint 'virtual_joint' not supported.
[move_group-2] [INFO] [1789244637.883060199] [move_group.moveit.moveit.planners.pilz.command_planner]: Available plugins: pilz_industrial_motion_planner/PlanningContextLoaderCIRC pilz_industrial_motion_planner/PlanningContextLoaderLIN pilz_industrial_motion_planner/PlanningContextLoaderPTP 
[move_group-2] [INFO] [1789244637.883090599] [move_group.moveit.moveit.planners.pilz.command_planner]: About to load: pilz_industrial_motion_planner/PlanningContextLoaderCIRC
[move_group-2] [INFO] [1789244637.883938027] [move_group.moveit.moveit.planners.pilz.command_planner]: Registered Algorithm [CIRC]
[move_group-2] [INFO] [1789244637.883966219] [move_group.moveit.moveit.planners.pilz.command_planner]: About to load: pilz_industrial_motion_planner/PlanningContextLoaderLIN
[move_group-2] [INFO] [1789244637.884554797] [move_group.moveit.moveit.planners.pilz.command_planner]: Registered Algorithm [LIN]
[move_group-2] [INFO] [1789244637.884583565] [move_group.moveit.moveit.planners.pilz.command_planner]: About to load: pilz_industrial_motion_planner/PlanningContextLoaderPTP
[move_group-2] [INFO] [1789244637.885138095] [move_group.moveit.moveit.planners.pilz.command_planner]: Registered Algorithm [PTP]
[move_group-2] [INFO] [1789244637.885164783] [move_group.moveit.moveit.ros.planning_pipeline]: Successfully loaded planner 'Pilz Industrial Motion Planner'
[move_group-2] [INFO] [1789244637.885786897] [move_group]: Try loading adapter 'default_planning_request_adapters/ValidateWorkspaceBounds'
[move_group-2] [INFO] [1789244637.885973266] [move_group]: Loaded adapter 'default_planning_request_adapters/ValidateWorkspaceBounds'
[move_group-2] [INFO] [1789244637.885990290] [move_group]: Try loading adapter 'default_planning_request_adapters/CheckStartStateBounds'
[move_group-2] [INFO] [1789244637.886010418] [move_group]: Loaded adapter 'default_planning_request_adapters/CheckStartStateBounds'
[move_group-2] [INFO] [1789244637.886016594] [move_group]: Try loading adapter 'default_planning_request_adapters/CheckStartStateCollision'
[move_group-2] [INFO] [1789244637.886029106] [move_group]: Loaded adapter 'default_planning_request_adapters/CheckStartStateCollision'
[move_group-2] [WARN] [1789244637.886035154] [move_group.moveit.moveit.ros.planning_pipeline]: No planning response adapter names specified.
[move_group-2] [INFO] [1789244637.887995961] [move_group.moveit.moveit.ros.planning_pipeline]: Successfully loaded planner 'STOMP'
[move_group-2] [INFO] [1789244637.888606267] [move_group]: Try loading adapter 'default_planning_request_adapters/ResolveConstraintFrames'
[move_group-2] [INFO] [1789244637.888675932] [move_group]: Loaded adapter 'default_planning_request_adapters/ResolveConstraintFrames'
[move_group-2] [INFO] [1789244637.888687132] [move_group]: Try loading adapter 'default_planning_request_adapters/ValidateWorkspaceBounds'
[move_group-2] [INFO] [1789244637.888812636] [move_group]: Loaded adapter 'default_planning_request_adapters/ValidateWorkspaceBounds'
[move_group-2] [INFO] [1789244637.888829052] [move_group]: Try loading adapter 'default_planning_request_adapters/CheckStartStateBounds'
[move_group-2] [INFO] [1789244637.888848796] [move_group]: Loaded adapter 'default_planning_request_adapters/CheckStartStateBounds'
[move_group-2] [INFO] [1789244637.888855100] [move_group]: Try loading adapter 'default_planning_request_adapters/CheckStartStateCollision'
[move_group-2] [INFO] [1789244637.888867644] [move_group]: Loaded adapter 'default_planning_request_adapters/CheckStartStateCollision'
[move_group-2] [INFO] [1789244637.889470079] [move_group]: Try loading adapter 'default_planning_response_adapters/AddTimeOptimalParameterization'
[move_group-2] [INFO] [1789244637.889749568] [move_group]: Loaded adapter 'default_planning_response_adapters/AddTimeOptimalParameterization'
[move_group-2] [INFO] [1789244637.889765024] [move_group]: Try loading adapter 'default_planning_response_adapters/ValidateSolution'
[move_group-2] [INFO] [1789244637.889951584] [move_group]: Loaded adapter 'default_planning_response_adapters/ValidateSolution'
[move_group-2] [INFO] [1789244637.889967200] [move_group]: Try loading adapter 'default_planning_response_adapters/DisplayMotionPath'
[move_group-2] [INFO] [1789244637.890126209] [move_group]: Loaded adapter 'default_planning_response_adapters/DisplayMotionPath'
[move_group-2] [INFO] [1789244637.918525896] [move_group.moveit.moveit.plugins.simple_controller_manager]: Added FollowJointTrajectory controller for panda_arm_controller
[move_group-2] [INFO] [1789244637.918586376] [move_group.moveit.moveit.plugins.simple_controller_manager]: panda_hand_controller will command a max effort of: 0
[move_group-2] [ERROR] [1789244637.919778348] [move_group.moveit.moveit.plugins.simple_controller_manager]: Parallel Gripper requires exactly two joints, 1 are specified
[move_group-2] [INFO] [1789244637.921720883] [move_group.moveit.moveit.plugins.simple_controller_manager]: Returned 1 controllers in list
[move_group-2] [INFO] [1789244637.921759443] [move_group.moveit.moveit.plugins.simple_controller_manager]: Returned 1 controllers in list
[move_group-2] [INFO] [1789244637.922127285] [move_group.moveit.moveit.ros.trajectory_execution_manager]: Trajectory execution is managing controllers
[move_group-2] [INFO] [1789244637.922154165] [move_group]: MoveGroup debug mode is ON
[move_group-2] [INFO] [1789244637.933183676] [move_group.moveit.moveit.planners.pilz.move_group_sequence_action]: initialize move group sequence action
[move_group-2] [INFO] [1789244637.934708930] [move_group.moveit.moveit.planners.pilz.joint_limits_aggregator]: Reading limits from namespace robot_description_planning
[move_group-2] [WARN] [1789244637.934756450] [move_group.moveit.moveit.planners.pilz.joint_limits_aggregator]: Multi-DOF-Joint 'virtual_joint' not supported.
[move_group-2] [WARN] [1789244637.934778082] [move_group.moveit.moveit.planners.pilz.joint_limits_aggregator]: Multi-DOF-Joint 'virtual_joint' not supported.
[move_group-2] [INFO] [1789244637.934930307] [move_group.moveit.moveit.planners.pilz.joint_limits_aggregator]: Reading limits from namespace robot_description_planning
[move_group-2] [WARN] [1789244637.934958051] [move_group.moveit.moveit.planners.pilz.joint_limits_aggregator]: Multi-DOF-Joint 'virtual_joint' not supported.
[move_group-2] [WARN] [1789244637.934971875] [move_group.moveit.moveit.planners.pilz.joint_limits_aggregator]: Multi-DOF-Joint 'virtual_joint' not supported.
[move_group-2] [INFO] [1789244637.935488101] [move_group.moveit.moveit.ros.move_group.executable]: 
[move_group-2] 
[move_group-2] ********************************************************
[move_group-2] * MoveGroup using: 
[move_group-2] *     - apply_planning_scene_service
[move_group-2] *     - clear_octomap_service
[move_group-2] *     - get_group_urdf
[move_group-2] *     - load_geometry_from_file
[move_group-2] *     - CartesianPathService
[move_group-2] *     - execute_trajectory_action
[move_group-2] *     - get_planning_scene_service
[move_group-2] *     - kinematics_service
[move_group-2] *     - move_action
[move_group-2] *     - motion_plan_service
[move_group-2] *     - query_planners_service
[move_group-2] *     - state_validation_service
[move_group-2] *     - save_geometry_to_file
[move_group-2] *     - SequenceAction
[move_group-2] *     - SequenceService
[move_group-2] ********************************************************
[move_group-2] 
[move_group-2] [INFO] [1789244637.935546501] [move_group.moveit.moveit.ros.move_group.context]: MoveGroup context using pipeline ompl
[move_group-2] [INFO] [1789244637.935560805] [move_group.moveit.moveit.ros.move_group.context]: MoveGroup context initialization complete
[move_group-2] [WARN] [1789244638.538178470] [move_group.moveit.moveit.ros.current_state_monitor]: Unable to update multi-DOF joint 'virtual_joint':Failure to lookup transform between 'world'and 'panda_link0' with TF exception: "world" passed to lookupTransform argument target_frame does not exist. 
[move_group-2] [WARN] [1789244641.285440456] [move_group.moveit.moveit.ros.planning_scene_monitor]: The complete state of the robot is not yet known.  Missing virtual_joint
[move_group-2] terminate called after throwing an instance of 'std::runtime_error'
[move_group-2]   what():  Box dimensions must be non-negative.
[move_group-2] Stack trace (most recent call last) in thread 1211:
[move_group-2] #22   Object "/usr/lib/aarch64-linux-gnu/ld-linux-aarch64.so.1", at 0xffffffffffffffff, in 
[move_group-2] #21   Object "/usr/lib/aarch64-linux-gnu/libc.so.6", at 0xef780d5fba0b, in 
[move_group-2] #20   Object "/usr/lib/aarch64-linux-gnu/libc.so.6", at 0xef780d59582b, in 
[move_group-2] #19   Object "/usr/lib/aarch64-linux-gnu/libstdc++.so.6.0.33", at 0xef780d7f1adf, in 
[move_group-2] #18   Object "/opt/ros/jazzy/lib/librclcpp.so", at 0xef780db5c21b, in rclcpp::executors::MultiThreadedExecutor::run(unsigned long)
[move_group-2] #17   Object "/opt/ros/jazzy/lib/librclcpp.so", at 0xef780db28e33, in rclcpp::Executor::execute_any_executable(rclcpp::AnyExecutable&)
[move_group-2] #16   Object "/opt/ros/jazzy/lib/librclcpp.so", at 0xef780db23ffb, in rclcpp::Executor::execute_service(std::shared_ptr<rclcpp::ServiceBase>)
[move_group-2] #15   Object "/opt/ros/jazzy/lib/librclcpp.so", at 0xef780dc2c567, in 
[move_group-2] #14   Object "/opt/ros/jazzy/lib/libmoveit_move_group_default_capabilities.so.2.12.4", at 0xef77d98b55ff, in 
[move_group-2] #13   Object "/opt/ros/jazzy/lib/libmoveit_move_group_default_capabilities.so.2.12.4", at 0xef77d98b48bf, in move_group::ApplyPlanningSceneService::applyScene(std::shared_ptr<rmw_request_id_s> const&, std::shared_ptr<moveit_msgs::srv::ApplyPlanningScene_Request_<std::allocator<void> > > const&, std::shared_ptr<moveit_msgs::srv::ApplyPlanningScene_Response_<std::allocator<void> > > const&)
[move_group-2] #12   Object "/opt/ros/jazzy/lib/libmoveit_planning_scene_monitor.so.2.12.4", at 0xef780dea5003, in planning_scene_monitor::PlanningSceneMonitor::newPlanningSceneMessage(moveit_msgs::msg::PlanningScene_<std::allocator<void> > const&)
[move_group-2] #11   Object "/opt/ros/jazzy/lib/libmoveit_planning_scene.so.2.12.4", at 0xef780cff65c7, in planning_scene::PlanningScene::setPlanningSceneDiffMsg(moveit_msgs::msg::PlanningScene_<std::allocator<void> > const&)
[move_group-2] #10   Object "/opt/ros/jazzy/lib/libmoveit_planning_scene.so.2.12.4", at 0xef780cffe12b, in planning_scene::PlanningScene::processCollisionObjectAdd(moveit_msgs::msg::CollisionObject_<std::allocator<void> > const&)
[move_group-2] #9    Object "/opt/ros/jazzy/lib/libmoveit_planning_scene.so.2.12.4", at 0xef780cffcef7, in planning_scene::PlanningScene::shapesAndPosesFromCollisionObjectMessage(moveit_msgs::msg::CollisionObject_<std::allocator<void> > const&, Eigen::Transform<double, 3, 1, 0>&, std::vector<std::shared_ptr<shapes::Shape const>, std::allocator<std::shared_ptr<shapes::Shape const> > >&, std::vector<Eigen::Transform<double, 3, 1, 0>, Eigen::aligned_allocator<Eigen::Transform<double, 3, 1, 0> > >&)
[move_group-2] #8    Object "/opt/ros/jazzy/lib/libgeometric_shapes.so.2.3.4", at 0xef780cd4c57f, in shapes::constructShapeFromMsg(shape_msgs::msg::SolidPrimitive_<std::allocator<void> > const&)
[move_group-2] #7    Object "/opt/ros/jazzy/lib/libgeometric_shapes.so.2.3.4", at 0xef780cd520ff, in shapes::Box::Box(double, double, double)
[move_group-2] #6    Object "/usr/lib/aarch64-linux-gnu/libstdc++.so.6.0.33", at 0xef780d7ba907, in __cxa_throw
[move_group-2] #5    Object "/usr/lib/aarch64-linux-gnu/libstdc++.so.6.0.33", at 0xef780d7b0e03, in std::terminate()
[move_group-2] #4    Object "/usr/lib/aarch64-linux-gnu/libstdc++.so.6.0.33", at 0xef780d7ba56f, in 
[move_group-2] #3    Object "/usr/lib/aarch64-linux-gnu/libstdc++.so.6.0.33", at 0xef780d7bd4d7, in __gnu_cxx::__verbose_terminate_handler()
[move_group-2] #2    Object "/usr/lib/aarch64-linux-gnu/libc.so.6", at 0xef780d537dff, in abort
[move_group-2] #1    Object "/usr/lib/aarch64-linux-gnu/libc.so.6", at 0xef780d54cb3b, in raise
[move_group-2] #0    Object "/usr/lib/aarch64-linux-gnu/libc.so.6", at 0xef780d5974d8, in 
[move_group-2] Aborted (Signal sent by tkill() 1061 0)
[ERROR] [move_group-2]: process has died [pid 1061, exit code -6, cmd '/opt/ros/jazzy/lib/moveit_ros_move_group/move_group --ros-args --params-file /tmp/launch_params_92utr06l --params-file /tmp/launch_params_w7psfgoj --params-file /tmp/launch_params_38ogrib6 -r /panda_hand_controller/gripper_action:=/franka_gripper/gripper_action'].
[INFO] [move_group-2]: process started with pid [1231]
[move_group-2] [INFO] [1789244667.840567820] [move_group.moveit.moveit.ros.rdf_loader]: Loaded robot model in 0 seconds
[move_group-2] [INFO] [1789244667.840757292] [move_group.moveit.moveit.core.robot_model]: Loading robot model 'panda'...
[move_group-2] [WARN] [1789244667.846889858] [kdl_parser]: The root link panda_link0 has an inertia specified in the URDF, but KDL does not support a root link with an inertia.  As a workaround, you can add an extra dummy link to your URDF.
[move_group-2] [INFO] [1789244667.846988547] [move_group.moveit.moveit.kinematics.kdl_kinematics_plugin]: Joint weights for group 'panda_arm': 1 1 1 1 1 1 1
[move_group-2] [INFO] [1789244667.870526680] [move_group.moveit.moveit.ros.planning_scene_monitor]: Publishing maintained planning scene on 'monitored_planning_scene'
[move_group-2] [INFO] [1789244667.870725336] [move_group.moveit.moveit.ros.moveit_cpp]: Listening to 'joint_states' for joint states
[move_group-2] [INFO] [1789244667.871558683] [move_group.moveit.moveit.ros.current_state_monitor]: Listening to joint states on topic 'joint_states'
[move_group-2] [INFO] [1789244667.871834396] [move_group.moveit.moveit.ros.planning_scene_monitor]: Listening to '/attached_collision_object' for attached collision objects
[move_group-2] [INFO] [1789244667.871856700] [move_group.moveit.moveit.ros.planning_scene_monitor]: Stopping existing planning scene publisher.
[move_group-2] [INFO] [1789244667.872009341] [move_group.moveit.moveit.ros.planning_scene_monitor]: Stopped publishing maintained planning scene.
[move_group-2] [INFO] [1789244667.872275230] [move_group.moveit.moveit.ros.planning_scene_monitor]: Publishing maintained planning scene on 'monitored_planning_scene'
[move_group-2] [INFO] [1789244667.872366878] [move_group.moveit.moveit.ros.planning_scene_monitor]: Starting planning scene monitor
[move_group-2] [INFO] [1789244667.872945024] [move_group.moveit.moveit.ros.planning_scene_monitor]: Listening to '/planning_scene'
[move_group-2] [INFO] [1789244667.872965632] [move_group.moveit.moveit.ros.planning_scene_monitor]: Starting world geometry update monitor for collision objects, attached objects, octomap updates.
[move_group-2] [INFO] [1789244667.873203809] [move_group.moveit.moveit.ros.planning_scene_monitor]: Listening to 'collision_object'
[move_group-2] [INFO] [1789244667.873422306] [move_group.moveit.moveit.ros.planning_scene_monitor]: Listening to 'planning_scene_world' for planning scene world geometry
[move_group-2] [WARN] [1789244667.873578019] [move_group.moveit.moveit.ros.occupancy_map_monitor]: Resolution not specified for Octomap. Assuming resolution = 0.1 instead
[move_group-2] [ERROR] [1789244667.873599331] [move_group.moveit.moveit.ros.occupancy_map_monitor]: No 3D sensor plugin(s) defined for octomap updates
[move_group-2] [INFO] [1789244667.878016627] [move_group.moveit.moveit.ros.planning_pipeline]: Successfully loaded planner 'CHOMP'
[move_group-2] [INFO] [1789244667.878666773] [move_group]: Try loading adapter 'default_planning_request_adapters/ResolveConstraintFrames'
[move_group-2] [INFO] [1789244667.879234167] [move_group]: Loaded adapter 'default_planning_request_adapters/ResolveConstraintFrames'
[move_group-2] [INFO] [1789244667.879255255] [move_group]: Try loading adapter 'default_planning_request_adapters/ValidateWorkspaceBounds'
[move_group-2] [INFO] [1789244667.879375672] [move_group]: Loaded adapter 'default_planning_request_adapters/ValidateWorkspaceBounds'
[move_group-2] [INFO] [1789244667.879387128] [move_group]: Try loading adapter 'default_planning_request_adapters/CheckStartStateBounds'
[move_group-2] [INFO] [1789244667.879406328] [move_group]: Loaded adapter 'default_planning_request_adapters/CheckStartStateBounds'
[move_group-2] [INFO] [1789244667.879412888] [move_group]: Try loading adapter 'default_planning_request_adapters/CheckStartStateCollision'
[move_group-2] [INFO] [1789244667.879427896] [move_group]: Loaded adapter 'default_planning_request_adapters/CheckStartStateCollision'
[move_group-2] [INFO] [1789244667.880037242] [move_group]: Try loading adapter 'default_planning_response_adapters/AddTimeOptimalParameterization'
[move_group-2] [INFO] [1789244667.881493951] [move_group]: Loaded adapter 'default_planning_response_adapters/AddTimeOptimalParameterization'
[move_group-2] [INFO] [1789244667.892527751] [move_group.moveit.moveit.ros.planning_pipeline]: Successfully loaded planner 'OMPL'
[move_group-2] [INFO] [1789244667.893238122] [move_group]: Try loading adapter 'default_planning_request_adapters/ResolveConstraintFrames'
[move_group-2] [INFO] [1789244667.893322730] [move_group]: Loaded adapter 'default_planning_request_adapters/ResolveConstraintFrames'
[move_group-2] [INFO] [1789244667.893332778] [move_group]: Try loading adapter 'default_planning_request_adapters/ValidateWorkspaceBounds'
[move_group-2] [INFO] [1789244667.893457642] [move_group]: Loaded adapter 'default_planning_request_adapters/ValidateWorkspaceBounds'
[move_group-2] [INFO] [1789244667.893469291] [move_group]: Try loading adapter 'default_planning_request_adapters/CheckStartStateBounds'
[move_group-2] [INFO] [1789244667.893488523] [move_group]: Loaded adapter 'default_planning_request_adapters/CheckStartStateBounds'
[move_group-2] [INFO] [1789244667.893494123] [move_group]: Try loading adapter 'default_planning_request_adapters/CheckStartStateCollision'
[move_group-2] [INFO] [1789244667.893506859] [move_group]: Loaded adapter 'default_planning_request_adapters/CheckStartStateCollision'
[move_group-2] [INFO] [1789244667.894110413] [move_group]: Try loading adapter 'default_planning_response_adapters/AddTimeOptimalParameterization'
[move_group-2] [INFO] [1789244667.894337454] [move_group]: Loaded adapter 'default_planning_response_adapters/AddTimeOptimalParameterization'
[move_group-2] [INFO] [1789244667.894352462] [move_group]: Try loading adapter 'default_planning_response_adapters/ValidateSolution'
[move_group-2] [INFO] [1789244667.895847059] [move_group]: Loaded adapter 'default_planning_response_adapters/ValidateSolution'
[move_group-2] [INFO] [1789244667.895869875] [move_group]: Try loading adapter 'default_planning_response_adapters/DisplayMotionPath'
[move_group-2] [INFO] [1789244667.896222772] [move_group]: Loaded adapter 'default_planning_response_adapters/DisplayMotionPath'
[move_group-2] [INFO] [1789244667.897974523] [move_group.moveit.moveit.planners.pilz.joint_limits_aggregator]: Reading limits from namespace robot_description_planning
[move_group-2] [WARN] [1789244667.898542077] [move_group.moveit.moveit.planners.pilz.joint_limits_aggregator]: Multi-DOF-Joint 'virtual_joint' not supported.
[move_group-2] [WARN] [1789244667.898574717] [move_group.moveit.moveit.planners.pilz.joint_limits_aggregator]: Multi-DOF-Joint 'virtual_joint' not supported.
[move_group-2] [INFO] [1789244667.901352551] [move_group.moveit.moveit.planners.pilz.command_planner]: Available plugins: pilz_industrial_motion_planner/PlanningContextLoaderCIRC pilz_industrial_motion_planner/PlanningContextLoaderLIN pilz_industrial_motion_planner/PlanningContextLoaderPTP 
[move_group-2] [INFO] [1789244667.901381767] [move_group.moveit.moveit.planners.pilz.command_planner]: About to load: pilz_industrial_motion_planner/PlanningContextLoaderCIRC
[move_group-2] [INFO] [1789244667.902268330] [move_group.moveit.moveit.planners.pilz.command_planner]: Registered Algorithm [CIRC]
[move_group-2] [INFO] [1789244667.902295626] [move_group.moveit.moveit.planners.pilz.command_planner]: About to load: pilz_industrial_motion_planner/PlanningContextLoaderLIN
[move_group-2] [INFO] [1789244667.902859724] [move_group.moveit.moveit.planners.pilz.command_planner]: Registered Algorithm [LIN]
[move_group-2] [INFO] [1789244667.902886797] [move_group.moveit.moveit.planners.pilz.command_planner]: About to load: pilz_industrial_motion_planner/PlanningContextLoaderPTP
[move_group-2] [INFO] [1789244667.903438735] [move_group.moveit.moveit.planners.pilz.command_planner]: Registered Algorithm [PTP]
[move_group-2] [INFO] [1789244667.903469711] [move_group.moveit.moveit.ros.planning_pipeline]: Successfully loaded planner 'Pilz Industrial Motion Planner'
[move_group-2] [INFO] [1789244667.904127441] [move_group]: Try loading adapter 'default_planning_request_adapters/ValidateWorkspaceBounds'
[move_group-2] [INFO] [1789244667.904339250] [move_group]: Loaded adapter 'default_planning_request_adapters/ValidateWorkspaceBounds'
[move_group-2] [INFO] [1789244667.904354770] [move_group]: Try loading adapter 'default_planning_request_adapters/CheckStartStateBounds'
[move_group-2] [INFO] [1789244667.904377682] [move_group]: Loaded adapter 'default_planning_request_adapters/CheckStartStateBounds'
[move_group-2] [INFO] [1789244667.904385362] [move_group]: Try loading adapter 'default_planning_request_adapters/CheckStartStateCollision'
[move_group-2] [INFO] [1789244667.904399282] [move_group]: Loaded adapter 'default_planning_request_adapters/CheckStartStateCollision'
[move_group-2] [WARN] [1789244667.904405970] [move_group.moveit.moveit.ros.planning_pipeline]: No planning response adapter names specified.
[move_group-2] [INFO] [1789244667.906442265] [move_group.moveit.moveit.ros.planning_pipeline]: Successfully loaded planner 'STOMP'
[move_group-2] [INFO] [1789244667.907076764] [move_group]: Try loading adapter 'default_planning_request_adapters/ResolveConstraintFrames'
[move_group-2] [INFO] [1789244667.907149692] [move_group]: Loaded adapter 'default_planning_request_adapters/ResolveConstraintFrames'
[move_group-2] [INFO] [1789244667.907159932] [move_group]: Try loading adapter 'default_planning_request_adapters/ValidateWorkspaceBounds'
[move_group-2] [INFO] [1789244667.907291676] [move_group]: Loaded adapter 'default_planning_request_adapters/ValidateWorkspaceBounds'
[move_group-2] [INFO] [1789244667.907306332] [move_group]: Try loading adapter 'default_planning_request_adapters/CheckStartStateBounds'
[move_group-2] [INFO] [1789244667.907326525] [move_group]: Loaded adapter 'default_planning_request_adapters/CheckStartStateBounds'
[move_group-2] [INFO] [1789244667.907333853] [move_group]: Try loading adapter 'default_planning_request_adapters/CheckStartStateCollision'
[move_group-2] [INFO] [1789244667.907346397] [move_group]: Loaded adapter 'default_planning_request_adapters/CheckStartStateCollision'
[move_group-2] [INFO] [1789244667.907954335] [move_group]: Try loading adapter 'default_planning_response_adapters/AddTimeOptimalParameterization'
[move_group-2] [INFO] [1789244667.908264672] [move_group]: Loaded adapter 'default_planning_response_adapters/AddTimeOptimalParameterization'
[move_group-2] [INFO] [1789244667.908283520] [move_group]: Try loading adapter 'default_planning_response_adapters/ValidateSolution'
[move_group-2] [INFO] [1789244667.908503521] [move_group]: Loaded adapter 'default_planning_response_adapters/ValidateSolution'
[move_group-2] [INFO] [1789244667.908519457] [move_group]: Try loading adapter 'default_planning_response_adapters/DisplayMotionPath'
[move_group-2] [INFO] [1789244667.908685666] [move_group]: Loaded adapter 'default_planning_response_adapters/DisplayMotionPath'
[move_group-2] [INFO] [1789244667.940306772] [move_group.moveit.moveit.plugins.simple_controller_manager]: Added FollowJointTrajectory controller for panda_arm_controller
[move_group-2] [INFO] [1789244667.940392052] [move_group.moveit.moveit.plugins.simple_controller_manager]: panda_hand_controller will command a max effort of: 0
[move_group-2] [ERROR] [1789244667.941648921] [move_group.moveit.moveit.plugins.simple_controller_manager]: Parallel Gripper requires exactly two joints, 1 are specified
[move_group-2] [INFO] [1789244667.943739840] [move_group.moveit.moveit.plugins.simple_controller_manager]: Returned 1 controllers in list
[move_group-2] [INFO] [1789244667.943788448] [move_group.moveit.moveit.plugins.simple_controller_manager]: Returned 1 controllers in list
[move_group-2] [INFO] [1789244667.944210850] [move_group.moveit.moveit.ros.trajectory_execution_manager]: Trajectory execution is managing controllers
[move_group-2] [INFO] [1789244667.944240962] [move_group]: MoveGroup debug mode is ON
[move_group-2] [INFO] [1789244667.955963884] [move_group.moveit.moveit.planners.pilz.move_group_sequence_action]: initialize move group sequence action
[move_group-2] [INFO] [1789244667.957786131] [move_group.moveit.moveit.planners.pilz.joint_limits_aggregator]: Reading limits from namespace robot_description_planning
[move_group-2] [WARN] [1789244667.957846067] [move_group.moveit.moveit.planners.pilz.joint_limits_aggregator]: Multi-DOF-Joint 'virtual_joint' not supported.
[move_group-2] [WARN] [1789244667.957871923] [move_group.moveit.moveit.planners.pilz.joint_limits_aggregator]: Multi-DOF-Joint 'virtual_joint' not supported.
[move_group-2] [INFO] [1789244667.958067860] [move_group.moveit.moveit.planners.pilz.joint_limits_aggregator]: Reading limits from namespace robot_description_planning
[move_group-2] [WARN] [1789244667.958101044] [move_group.moveit.moveit.planners.pilz.joint_limits_aggregator]: Multi-DOF-Joint 'virtual_joint' not supported.
[move_group-2] [WARN] [1789244667.958116244] [move_group.moveit.moveit.planners.pilz.joint_limits_aggregator]: Multi-DOF-Joint 'virtual_joint' not supported.
[move_group-2] [INFO] [1789244667.958633878] [move_group.moveit.moveit.ros.move_group.executable]: 
[move_group-2] 
[move_group-2] ********************************************************
[move_group-2] * MoveGroup using: 
[move_group-2] *     - apply_planning_scene_service
[move_group-2] *     - clear_octomap_service
[move_group-2] *     - get_group_urdf
[move_group-2] *     - load_geometry_from_file
[move_group-2] *     - CartesianPathService
[move_group-2] *     - execute_trajectory_action
[move_group-2] *     - get_planning_scene_service
[move_group-2] *     - kinematics_service
[move_group-2] *     - move_action
[move_group-2] *     - motion_plan_service
[move_group-2] *     - query_planners_service
[move_group-2] *     - state_validation_service
[move_group-2] *     - save_geometry_to_file
[move_group-2] *     - SequenceAction
[move_group-2] *     - SequenceService
[move_group-2] ********************************************************
[move_group-2] 
[move_group-2] [INFO] [1789244667.958700534] [move_group.moveit.moveit.ros.move_group.context]: MoveGroup context using pipeline ompl
[move_group-2] [INFO] [1789244667.958714774] [move_group.moveit.moveit.ros.move_group.context]: MoveGroup context initialization complete
[move_group-2] [WARN] [1789244668.539497160] [move_group.moveit.moveit.ros.current_state_monitor]: Unable to update multi-DOF joint 'virtual_joint':Failure to lookup transform between 'world'and 'panda_link0' with TF exception: "world" passed to lookupTransform argument target_frame does not exist. 
[move_group-2] [WARN] [1789244671.285060676] [move_group.moveit.moveit.ros.planning_scene_monitor]: The complete state of the robot is not yet known.  Missing virtual_joint
[move_group-2] terminate called after throwing an instance of 'std::runtime_error'
[move_group-2]   what():  Box dimensions must be non-negative.
[move_group-2] Stack trace (most recent call last) in thread 1317:
[move_group-2] #22   Object "/usr/lib/aarch64-linux-gnu/ld-linux-aarch64.so.1", at 0xffffffffffffffff, in 
[move_group-2] #21   Object "/usr/lib/aarch64-linux-gnu/libc.so.6", at 0xfefb66bbba0b, in 
[move_group-2] #20   Object "/usr/lib/aarch64-linux-gnu/libc.so.6", at 0xfefb66b5582b, in 
[move_group-2] #19   Object "/usr/lib/aarch64-linux-gnu/libstdc++.so.6.0.33", at 0xfefb66db1adf, in 
[move_group-2] #18   Object "/opt/ros/jazzy/lib/librclcpp.so", at 0xfefb6711c21b, in rclcpp::executors::MultiThreadedExecutor::run(unsigned long)
[move_group-2] #17   Object "/opt/ros/jazzy/lib/librclcpp.so", at 0xfefb670e8e33, in rclcpp::Executor::execute_any_executable(rclcpp::AnyExecutable&)
[move_group-2] #16   Object "/opt/ros/jazzy/lib/librclcpp.so", at 0xfefb670e3ffb, in rclcpp::Executor::execute_service(std::shared_ptr<rclcpp::ServiceBase>)
[move_group-2] #15   Object "/opt/ros/jazzy/lib/librclcpp.so", at 0xfefb671ec567, in 
[move_group-2] #14   Object "/opt/ros/jazzy/lib/libmoveit_move_group_default_capabilities.so.2.12.4", at 0xfefb2ae755ff, in 
[move_group-2] #13   Object "/opt/ros/jazzy/lib/libmoveit_move_group_default_capabilities.so.2.12.4", at 0xfefb2ae748bf, in move_group::ApplyPlanningSceneService::applyScene(std::shared_ptr<rmw_request_id_s> const&, std::shared_ptr<moveit_msgs::srv::ApplyPlanningScene_Request_<std::allocator<void> > > const&, std::shared_ptr<moveit_msgs::srv::ApplyPlanningScene_Response_<std::allocator<void> > > const&)
[move_group-2] #12   Object "/opt/ros/jazzy/lib/libmoveit_planning_scene_monitor.so.2.12.4", at 0xfefb67465003, in planning_scene_monitor::PlanningSceneMonitor::newPlanningSceneMessage(moveit_msgs::msg::PlanningScene_<std::allocator<void> > const&)
[move_group-2] #11   Object "/opt/ros/jazzy/lib/libmoveit_planning_scene.so.2.12.4", at 0xfefb665b65c7, in planning_scene::PlanningScene::setPlanningSceneDiffMsg(moveit_msgs::msg::PlanningScene_<std::allocator<void> > const&)
[move_group-2] #10   Object "/opt/ros/jazzy/lib/libmoveit_planning_scene.so.2.12.4", at 0xfefb665be12b, in planning_scene::PlanningScene::processCollisionObjectAdd(moveit_msgs::msg::CollisionObject_<std::allocator<void> > const&)
[move_group-2] #9    Object "/opt/ros/jazzy/lib/libmoveit_planning_scene.so.2.12.4", at 0xfefb665bcef7, in planning_scene::PlanningScene::shapesAndPosesFromCollisionObjectMessage(moveit_msgs::msg::CollisionObject_<std::allocator<void> > const&, Eigen::Transform<double, 3, 1, 0>&, std::vector<std::shared_ptr<shapes::Shape const>, std::allocator<std::shared_ptr<shapes::Shape const> > >&, std::vector<Eigen::Transform<double, 3, 1, 0>, Eigen::aligned_allocator<Eigen::Transform<double, 3, 1, 0> > >&)
[move_group-2] #8    Object "/opt/ros/jazzy/lib/libgeometric_shapes.so.2.3.4", at 0xfefb6630c57f, in shapes::constructShapeFromMsg(shape_msgs::msg::SolidPrimitive_<std::allocator<void> > const&)
[move_group-2] #7    Object "/opt/ros/jazzy/lib/libgeometric_shapes.so.2.3.4", at 0xfefb663120ff, in shapes::Box::Box(double, double, double)
[move_group-2] #6    Object "/usr/lib/aarch64-linux-gnu/libstdc++.so.6.0.33", at 0xfefb66d7a907, in __cxa_throw
[move_group-2] #5    Object "/usr/lib/aarch64-linux-gnu/libstdc++.so.6.0.33", at 0xfefb66d70e03, in std::terminate()
[move_group-2] #4    Object "/usr/lib/aarch64-linux-gnu/libstdc++.so.6.0.33", at 0xfefb66d7a56f, in 
[move_group-2] #3    Object "/usr/lib/aarch64-linux-gnu/libstdc++.so.6.0.33", at 0xfefb66d7d4d7, in __gnu_cxx::__verbose_terminate_handler()
[move_group-2] #2    Object "/usr/lib/aarch64-linux-gnu/libc.so.6", at 0xfefb66af7dff, in abort
[move_group-2] #1    Object "/usr/lib/aarch64-linux-gnu/libc.so.6", at 0xfefb66b0cb3b, in raise
[move_group-2] #0    Object "/usr/lib/aarch64-linux-gnu/libc.so.6", at 0xfefb66b574d8, in 
[move_group-2] Aborted (Signal sent by tkill() 1231 0)
[ERROR] [move_group-2]: process has died [pid 1231, exit code -6, cmd '/opt/ros/jazzy/lib/moveit_ros_move_group/move_group --ros-args --params-file /tmp/launch_params_92utr06l --params-file /tmp/launch_params_w7psfgoj --params-file /tmp/launch_params_38ogrib6 -r /panda_hand_controller/gripper_action:=/franka_gripper/gripper_action'].
[INFO] [move_group-2]: process started with pid [1401]
[move_group-2] [INFO] [1789244697.849748235] [move_group.moveit.moveit.ros.rdf_loader]: Loaded robot model in 0 seconds
[move_group-2] [INFO] [1789244697.849923595] [move_group.moveit.moveit.core.robot_model]: Loading robot model 'panda'...
[move_group-2] [WARN] [1789244697.855951393] [kdl_parser]: The root link panda_link0 has an inertia specified in the URDF, but KDL does not support a root link with an inertia.  As a workaround, you can add an extra dummy link to your URDF.
[move_group-2] [INFO] [1789244697.856046146] [move_group.moveit.moveit.kinematics.kdl_kinematics_plugin]: Joint weights for group 'panda_arm': 1 1 1 1 1 1 1
[move_group-2] [INFO] [1789244697.878654931] [move_group.moveit.moveit.ros.planning_scene_monitor]: Publishing maintained planning scene on 'monitored_planning_scene'
[move_group-2] [INFO] [1789244697.878868660] [move_group.moveit.moveit.ros.moveit_cpp]: Listening to 'joint_states' for joint states
[move_group-2] [INFO] [1789244697.879671383] [move_group.moveit.moveit.ros.current_state_monitor]: Listening to joint states on topic 'joint_states'
[move_group-2] [INFO] [1789244697.879952664] [move_group.moveit.moveit.ros.planning_scene_monitor]: Listening to '/attached_collision_object' for attached collision objects
[move_group-2] [INFO] [1789244697.879974744] [move_group.moveit.moveit.ros.planning_scene_monitor]: Stopping existing planning scene publisher.
[move_group-2] [INFO] [1789244697.880315769] [move_group.moveit.moveit.ros.planning_scene_monitor]: Stopped publishing maintained planning scene.
[move_group-2] [INFO] [1789244697.881203036] [move_group.moveit.moveit.ros.planning_scene_monitor]: Publishing maintained planning scene on 'monitored_planning_scene'
[move_group-2] [INFO] [1789244697.881398941] [move_group.moveit.moveit.ros.planning_scene_monitor]: Starting planning scene monitor
[move_group-2] [INFO] [1789244697.882376129] [move_group.moveit.moveit.ros.planning_scene_monitor]: Listening to '/planning_scene'
[move_group-2] [INFO] [1789244697.882411745] [move_group.moveit.moveit.ros.planning_scene_monitor]: Starting world geometry update monitor for collision objects, attached objects, octomap updates.
[move_group-2] [INFO] [1789244697.882917763] [move_group.moveit.moveit.ros.planning_scene_monitor]: Listening to 'collision_object'
[move_group-2] [INFO] [1789244697.883351748] [move_group.moveit.moveit.ros.planning_scene_monitor]: Listening to 'planning_scene_world' for planning scene world geometry
[move_group-2] [WARN] [1789244697.883572869] [move_group.moveit.moveit.ros.occupancy_map_monitor]: Resolution not specified for Octomap. Assuming resolution = 0.1 instead
[move_group-2] [ERROR] [1789244697.883604805] [move_group.moveit.moveit.ros.occupancy_map_monitor]: No 3D sensor plugin(s) defined for octomap updates
[move_group-2] [INFO] [1789244697.889961788] [move_group.moveit.moveit.ros.planning_pipeline]: Successfully loaded planner 'CHOMP'
[move_group-2] [INFO] [1789244697.890728799] [move_group]: Try loading adapter 'default_planning_request_adapters/ResolveConstraintFrames'
[move_group-2] [INFO] [1789244697.891454977] [move_group]: Loaded adapter 'default_planning_request_adapters/ResolveConstraintFrames'
[move_group-2] [INFO] [1789244697.891494466] [move_group]: Try loading adapter 'default_planning_request_adapters/ValidateWorkspaceBounds'
[move_group-2] [INFO] [1789244697.891684962] [move_group]: Loaded adapter 'default_planning_request_adapters/ValidateWorkspaceBounds'
[move_group-2] [INFO] [1789244697.891706370] [move_group]: Try loading adapter 'default_planning_request_adapters/CheckStartStateBounds'
[move_group-2] [INFO] [1789244697.891732098] [move_group]: Loaded adapter 'default_planning_request_adapters/CheckStartStateBounds'
[move_group-2] [INFO] [1789244697.891740610] [move_group]: Try loading adapter 'default_planning_request_adapters/CheckStartStateCollision'
[move_group-2] [INFO] [1789244697.891760547] [move_group]: Loaded adapter 'default_planning_request_adapters/CheckStartStateCollision'
[move_group-2] [INFO] [1789244697.892448997] [move_group]: Try loading adapter 'default_planning_response_adapters/AddTimeOptimalParameterization'
[move_group-2] [INFO] [1789244697.894302956] [move_group]: Loaded adapter 'default_planning_response_adapters/AddTimeOptimalParameterization'
[move_group-2] [INFO] [1789244697.906132118] [move_group.moveit.moveit.ros.planning_pipeline]: Successfully loaded planner 'OMPL'
[move_group-2] [INFO] [1789244697.906950777] [move_group]: Try loading adapter 'default_planning_request_adapters/ResolveConstraintFrames'
[move_group-2] [INFO] [1789244697.907080570] [move_group]: Loaded adapter 'default_planning_request_adapters/ResolveConstraintFrames'
[move_group-2] [INFO] [1789244697.907100986] [move_group]: Try loading adapter 'default_planning_request_adapters/ValidateWorkspaceBounds'
[move_group-2] [INFO] [1789244697.907327803] [move_group]: Loaded adapter 'default_planning_request_adapters/ValidateWorkspaceBounds'
[move_group-2] [INFO] [1789244697.907358715] [move_group]: Try loading adapter 'default_planning_request_adapters/CheckStartStateBounds'
[move_group-2] [INFO] [1789244697.907386971] [move_group]: Loaded adapter 'default_planning_request_adapters/CheckStartStateBounds'
[move_group-2] [INFO] [1789244697.907394683] [move_group]: Try loading adapter 'default_planning_request_adapters/CheckStartStateCollision'
[move_group-2] [INFO] [1789244697.907409307] [move_group]: Loaded adapter 'default_planning_request_adapters/CheckStartStateCollision'
[move_group-2] [INFO] [1789244697.908096350] [move_group]: Try loading adapter 'default_planning_response_adapters/AddTimeOptimalParameterization'
[move_group-2] [INFO] [1789244697.908467359] [move_group]: Loaded adapter 'default_planning_response_adapters/AddTimeOptimalParameterization'
[move_group-2] [INFO] [1789244697.908494175] [move_group]: Try loading adapter 'default_planning_response_adapters/ValidateSolution'
[move_group-2] [INFO] [1789244697.910541670] [move_group]: Loaded adapter 'default_planning_response_adapters/ValidateSolution'
[move_group-2] [INFO] [1789244697.910585799] [move_group]: Try loading adapter 'default_planning_response_adapters/DisplayMotionPath'
[move_group-2] [INFO] [1789244697.911184137] [move_group]: Loaded adapter 'default_planning_response_adapters/DisplayMotionPath'
[move_group-2] [INFO] [1789244697.913399473] [move_group.moveit.moveit.planners.pilz.joint_limits_aggregator]: Reading limits from namespace robot_description_planning
[move_group-2] [WARN] [1789244697.914271828] [move_group.moveit.moveit.planners.pilz.joint_limits_aggregator]: Multi-DOF-Joint 'virtual_joint' not supported.
[move_group-2] [WARN] [1789244697.914325844] [move_group.moveit.moveit.planners.pilz.joint_limits_aggregator]: Multi-DOF-Joint 'virtual_joint' not supported.
[move_group-2] [INFO] [1789244697.918343171] [move_group.moveit.moveit.planners.pilz.command_planner]: Available plugins: pilz_industrial_motion_planner/PlanningContextLoaderCIRC pilz_industrial_motion_planner/PlanningContextLoaderLIN pilz_industrial_motion_planner/PlanningContextLoaderPTP 
[move_group-2] [INFO] [1789244697.918394659] [move_group.moveit.moveit.planners.pilz.command_planner]: About to load: pilz_industrial_motion_planner/PlanningContextLoaderCIRC
[move_group-2] [INFO] [1789244697.919509575] [move_group.moveit.moveit.planners.pilz.command_planner]: Registered Algorithm [CIRC]
[move_group-2] [INFO] [1789244697.919558983] [move_group.moveit.moveit.planners.pilz.command_planner]: About to load: pilz_industrial_motion_planner/PlanningContextLoaderLIN
[move_group-2] [INFO] [1789244697.920272970] [move_group.moveit.moveit.planners.pilz.command_planner]: Registered Algorithm [LIN]
[move_group-2] [INFO] [1789244697.920321130] [move_group.moveit.moveit.planners.pilz.command_planner]: About to load: pilz_industrial_motion_planner/PlanningContextLoaderPTP
[move_group-2] [INFO] [1789244697.920993068] [move_group.moveit.moveit.planners.pilz.command_planner]: Registered Algorithm [PTP]
[move_group-2] [INFO] [1789244697.921044140] [move_group.moveit.moveit.ros.planning_pipeline]: Successfully loaded planner 'Pilz Industrial Motion Planner'
[move_group-2] [INFO] [1789244697.921800847] [move_group]: Try loading adapter 'default_planning_request_adapters/ValidateWorkspaceBounds'
[move_group-2] [INFO] [1789244697.922113552] [move_group]: Loaded adapter 'default_planning_request_adapters/ValidateWorkspaceBounds'
[move_group-2] [INFO] [1789244697.922143472] [move_group]: Try loading adapter 'default_planning_request_adapters/CheckStartStateBounds'
[move_group-2] [INFO] [1789244697.922177072] [move_group]: Loaded adapter 'default_planning_request_adapters/CheckStartStateBounds'
[move_group-2] [INFO] [1789244697.922186064] [move_group]: Try loading adapter 'default_planning_request_adapters/CheckStartStateCollision'
[move_group-2] [INFO] [1789244697.922198417] [move_group]: Loaded adapter 'default_planning_request_adapters/CheckStartStateCollision'
[move_group-2] [WARN] [1789244697.922206033] [move_group.moveit.moveit.ros.planning_pipeline]: No planning response adapter names specified.
[move_group-2] [INFO] [1789244697.924718298] [move_group.moveit.moveit.ros.planning_pipeline]: Successfully loaded planner 'STOMP'
[move_group-2] [INFO] [1789244697.925434972] [move_group]: Try loading adapter 'default_planning_request_adapters/ResolveConstraintFrames'
[move_group-2] [INFO] [1789244697.925538589] [move_group]: Loaded adapter 'default_planning_request_adapters/ResolveConstraintFrames'
[move_group-2] [INFO] [1789244697.925551517] [move_group]: Try loading adapter 'default_planning_request_adapters/ValidateWorkspaceBounds'
[move_group-2] [INFO] [1789244697.925746589] [move_group]: Loaded adapter 'default_planning_request_adapters/ValidateWorkspaceBounds'
[move_group-2] [INFO] [1789244697.925775069] [move_group]: Try loading adapter 'default_planning_request_adapters/CheckStartStateBounds'
[move_group-2] [INFO] [1789244697.925803710] [move_group]: Loaded adapter 'default_planning_request_adapters/CheckStartStateBounds'
[move_group-2] [INFO] [1789244697.925811262] [move_group]: Try loading adapter 'default_planning_request_adapters/CheckStartStateCollision'
[move_group-2] [INFO] [1789244697.925825438] [move_group]: Loaded adapter 'default_planning_request_adapters/CheckStartStateCollision'
[move_group-2] [INFO] [1789244697.926524672] [move_group]: Try loading adapter 'default_planning_response_adapters/AddTimeOptimalParameterization'
[move_group-2] [INFO] [1789244697.926925922] [move_group]: Loaded adapter 'default_planning_response_adapters/AddTimeOptimalParameterization'
[move_group-2] [INFO] [1789244697.926954658] [move_group]: Try loading adapter 'default_planning_response_adapters/ValidateSolution'
[move_group-2] [INFO] [1789244697.927318595] [move_group]: Loaded adapter 'default_planning_response_adapters/ValidateSolution'
[move_group-2] [INFO] [1789244697.927350339] [move_group]: Try loading adapter 'default_planning_response_adapters/DisplayMotionPath'
[move_group-2] [INFO] [1789244697.928181190] [move_group]: Loaded adapter 'default_planning_response_adapters/DisplayMotionPath'
[move_group-2] [INFO] [1789244697.967943862] [move_group.moveit.moveit.plugins.simple_controller_manager]: Added FollowJointTrajectory controller for panda_arm_controller
[move_group-2] [INFO] [1789244697.968025782] [move_group.moveit.moveit.plugins.simple_controller_manager]: panda_hand_controller will command a max effort of: 0
[move_group-2] [ERROR] [1789244697.970030269] [move_group.moveit.moveit.plugins.simple_controller_manager]: Parallel Gripper requires exactly two joints, 1 are specified
[move_group-2] [INFO] [1789244697.972527782] [move_group.moveit.moveit.plugins.simple_controller_manager]: Returned 1 controllers in list
[move_group-2] [INFO] [1789244697.972580678] [move_group.moveit.moveit.plugins.simple_controller_manager]: Returned 1 controllers in list
[move_group-2] [INFO] [1789244697.973097064] [move_group.moveit.moveit.ros.trajectory_execution_manager]: Trajectory execution is managing controllers
[move_group-2] [INFO] [1789244697.973143369] [move_group]: MoveGroup debug mode is ON
[move_group-2] [INFO] [1789244697.988524960] [move_group.moveit.moveit.planners.pilz.move_group_sequence_action]: initialize move group sequence action
[move_group-2] [INFO] [1789244697.990779784] [move_group.moveit.moveit.planners.pilz.joint_limits_aggregator]: Reading limits from namespace robot_description_planning
[move_group-2] [WARN] [1789244697.990847016] [move_group.moveit.moveit.planners.pilz.joint_limits_aggregator]: Multi-DOF-Joint 'virtual_joint' not supported.
[move_group-2] [WARN] [1789244697.990874345] [move_group.moveit.moveit.planners.pilz.joint_limits_aggregator]: Multi-DOF-Joint 'virtual_joint' not supported.
[move_group-2] [INFO] [1789244697.991079977] [move_group.moveit.moveit.planners.pilz.joint_limits_aggregator]: Reading limits from namespace robot_description_planning
[move_group-2] [WARN] [1789244697.991124169] [move_group.moveit.moveit.planners.pilz.joint_limits_aggregator]: Multi-DOF-Joint 'virtual_joint' not supported.
[move_group-2] [WARN] [1789244697.991144297] [move_group.moveit.moveit.planners.pilz.joint_limits_aggregator]: Multi-DOF-Joint 'virtual_joint' not supported.
[move_group-2] [INFO] [1789244697.991780716] [move_group.moveit.moveit.ros.move_group.executable]: 
[move_group-2] 
[move_group-2] ********************************************************
[move_group-2] * MoveGroup using: 
[move_group-2] *     - apply_planning_scene_service
[move_group-2] *     - clear_octomap_service
[move_group-2] *     - get_group_urdf
[move_group-2] *     - load_geometry_from_file
[move_group-2] *     - CartesianPathService
[move_group-2] *     - execute_trajectory_action
[move_group-2] *     - get_planning_scene_service
[move_group-2] *     - kinematics_service
[move_group-2] *     - move_action
[move_group-2] *     - motion_plan_service
[move_group-2] *     - query_planners_service
[move_group-2] *     - state_validation_service
[move_group-2] *     - save_geometry_to_file
[move_group-2] *     - SequenceAction
[move_group-2] *     - SequenceService
[move_group-2] ********************************************************
[move_group-2] 
[move_group-2] [INFO] [1789244697.991849036] [move_group.moveit.moveit.ros.move_group.context]: MoveGroup context using pipeline ompl
[move_group-2] [INFO] [1789244697.991866220] [move_group.moveit.moveit.ros.move_group.context]: MoveGroup context initialization complete
[move_group-2] [WARN] [1789244698.540482409] [move_group.moveit.moveit.ros.current_state_monitor]: Unable to update multi-DOF joint 'virtual_joint':Failure to lookup transform between 'world'and 'panda_link0' with TF exception: "world" passed to lookupTransform argument target_frame does not exist. 
[move_group-2] [WARN] [1789244701.285398723] [move_group.moveit.moveit.ros.planning_scene_monitor]: The complete state of the robot is not yet known.  Missing virtual_joint
[move_group-2] terminate called after throwing an instance of 'std::runtime_error'
[move_group-2]   what():  Box dimensions must be non-negative.
[move_group-2] Stack trace (most recent call last) in thread 1475:
[move_group-2] #22   Object "/usr/lib/aarch64-linux-gnu/ld-linux-aarch64.so.1", at 0xffffffffffffffff, in 
[move_group-2] #21   Object "/usr/lib/aarch64-linux-gnu/libc.so.6", at 0xf152f615ba0b, in 
[move_group-2] #20   Object "/usr/lib/aarch64-linux-gnu/libc.so.6", at 0xf152f60f582b, in 
[move_group-2] #19   Object "/usr/lib/aarch64-linux-gnu/libstdc++.so.6.0.33", at 0xf152f6351adf, in 
[move_group-2] #18   Object "/opt/ros/jazzy/lib/librclcpp.so", at 0xf152f66bc21b, in rclcpp::executors::MultiThreadedExecutor::run(unsigned long)
[move_group-2] #17   Object "/opt/ros/jazzy/lib/librclcpp.so", at 0xf152f6688e33, in rclcpp::Executor::execute_any_executable(rclcpp::AnyExecutable&)
[move_group-2] #16   Object "/opt/ros/jazzy/lib/librclcpp.so", at 0xf152f6683ffb, in rclcpp::Executor::execute_service(std::shared_ptr<rclcpp::ServiceBase>)
[move_group-2] #15   Object "/opt/ros/jazzy/lib/librclcpp.so", at 0xf152f678c567, in 
[move_group-2] #14   Object "/opt/ros/jazzy/lib/libmoveit_move_group_default_capabilities.so.2.12.4", at 0xf152be4055ff, in 
[move_group-2] #13   Object "/opt/ros/jazzy/lib/libmoveit_move_group_default_capabilities.so.2.12.4", at 0xf152be4048bf, in move_group::ApplyPlanningSceneService::applyScene(std::shared_ptr<rmw_request_id_s> const&, std::shared_ptr<moveit_msgs::srv::ApplyPlanningScene_Request_<std::allocator<void> > > const&, std::shared_ptr<moveit_msgs::srv::ApplyPlanningScene_Response_<std::allocator<void> > > const&)
[move_group-2] #12   Object "/opt/ros/jazzy/lib/libmoveit_planning_scene_monitor.so.2.12.4", at 0xf152f6a05003, in planning_scene_monitor::PlanningSceneMonitor::newPlanningSceneMessage(moveit_msgs::msg::PlanningScene_<std::allocator<void> > const&)
[move_group-2] #11   Object "/opt/ros/jazzy/lib/libmoveit_planning_scene.so.2.12.4", at 0xf152f5b565c7, in planning_scene::PlanningScene::setPlanningSceneDiffMsg(moveit_msgs::msg::PlanningScene_<std::allocator<void> > const&)
[move_group-2] #10   Object "/opt/ros/jazzy/lib/libmoveit_planning_scene.so.2.12.4", at 0xf152f5b5e12b, in planning_scene::PlanningScene::processCollisionObjectAdd(moveit_msgs::msg::CollisionObject_<std::allocator<void> > const&)
[move_group-2] #9    Object "/opt/ros/jazzy/lib/libmoveit_planning_scene.so.2.12.4", at 0xf152f5b5cef7, in planning_scene::PlanningScene::shapesAndPosesFromCollisionObjectMessage(moveit_msgs::msg::CollisionObject_<std::allocator<void> > const&, Eigen::Transform<double, 3, 1, 0>&, std::vector<std::shared_ptr<shapes::Shape const>, std::allocator<std::shared_ptr<shapes::Shape const> > >&, std::vector<Eigen::Transform<double, 3, 1, 0>, Eigen::aligned_allocator<Eigen::Transform<double, 3, 1, 0> > >&)
[move_group-2] #8    Object "/opt/ros/jazzy/lib/libgeometric_shapes.so.2.3.4", at 0xf152f58ac57f, in shapes::constructShapeFromMsg(shape_msgs::msg::SolidPrimitive_<std::allocator<void> > const&)
[move_group-2] #7    Object "/opt/ros/jazzy/lib/libgeometric_shapes.so.2.3.4", at 0xf152f58b20ff, in shapes::Box::Box(double, double, double)
[move_group-2] #6    Object "/usr/lib/aarch64-linux-gnu/libstdc++.so.6.0.33", at 0xf152f631a907, in __cxa_throw
[move_group-2] #5    Object "/usr/lib/aarch64-linux-gnu/libstdc++.so.6.0.33", at 0xf152f6310e03, in std::terminate()
[move_group-2] #4    Object "/usr/lib/aarch64-linux-gnu/libstdc++.so.6.0.33", at 0xf152f631a56f, in 
[move_group-2] #3    Object "/usr/lib/aarch64-linux-gnu/libstdc++.so.6.0.33", at 0xf152f631d4d7, in __gnu_cxx::__verbose_terminate_handler()
[move_group-2] #2    Object "/usr/lib/aarch64-linux-gnu/libc.so.6", at 0xf152f6097dff, in abort
[move_group-2] #1    Object "/usr/lib/aarch64-linux-gnu/libc.so.6", at 0xf152f60acb3b, in raise
[move_group-2] #0    Object "/usr/lib/aarch64-linux-gnu/libc.so.6", at 0xf152f60f74d8, in 
[move_group-2] Aborted (Signal sent by tkill() 1401 0)
[ERROR] [move_group-2]: process has died [pid 1401, exit code -6, cmd '/opt/ros/jazzy/lib/moveit_ros_move_group/move_group --ros-args --params-file /tmp/launch_params_92utr06l --params-file /tmp/launch_params_w7psfgoj --params-file /tmp/launch_params_38ogrib6 -r /panda_hand_controller/gripper_action:=/franka_gripper/gripper_action'].
[INFO] [move_group-2]: process started with pid [1571]
[move_group-2] [INFO] [1789244727.847964322] [move_group.moveit.moveit.ros.rdf_loader]: Loaded robot model in 0 seconds
[move_group-2] [INFO] [1789244727.848120707] [move_group.moveit.moveit.core.robot_model]: Loading robot model 'panda'...
[move_group-2] [WARN] [1789244727.853729015] [kdl_parser]: The root link panda_link0 has an inertia specified in the URDF, but KDL does not support a root link with an inertia.  As a workaround, you can add an extra dummy link to your URDF.
[move_group-2] [INFO] [1789244727.853805751] [move_group.moveit.moveit.kinematics.kdl_kinematics_plugin]: Joint weights for group 'panda_arm': 1 1 1 1 1 1 1
[move_group-2] [INFO] [1789244727.875079044] [move_group.moveit.moveit.ros.planning_scene_monitor]: Publishing maintained planning scene on 'monitored_planning_scene'
[move_group-2] [INFO] [1789244727.875261573] [move_group.moveit.moveit.ros.moveit_cpp]: Listening to 'joint_states' for joint states
[move_group-2] [INFO] [1789244727.876009095] [move_group.moveit.moveit.ros.current_state_monitor]: Listening to joint states on topic 'joint_states'
[move_group-2] [INFO] [1789244727.876283880] [move_group.moveit.moveit.ros.planning_scene_monitor]: Listening to '/attached_collision_object' for attached collision objects
[move_group-2] [INFO] [1789244727.876305160] [move_group.moveit.moveit.ros.planning_scene_monitor]: Stopping existing planning scene publisher.
[move_group-2] [INFO] [1789244727.876437097] [move_group.moveit.moveit.ros.planning_scene_monitor]: Stopped publishing maintained planning scene.
[move_group-2] [INFO] [1789244727.876688298] [move_group.moveit.moveit.ros.planning_scene_monitor]: Publishing maintained planning scene on 'monitored_planning_scene'
[move_group-2] [INFO] [1789244727.876785354] [move_group.moveit.moveit.ros.planning_scene_monitor]: Starting planning scene monitor
[move_group-2] [INFO] [1789244727.877297708] [move_group.moveit.moveit.ros.planning_scene_monitor]: Listening to '/planning_scene'
[move_group-2] [INFO] [1789244727.877317644] [move_group.moveit.moveit.ros.planning_scene_monitor]: Starting world geometry update monitor for collision objects, attached objects, octomap updates.
[move_group-2] [INFO] [1789244727.877530989] [move_group.moveit.moveit.ros.planning_scene_monitor]: Listening to 'collision_object'
[move_group-2] [INFO] [1789244727.877754893] [move_group.moveit.moveit.ros.planning_scene_monitor]: Listening to 'planning_scene_world' for planning scene world geometry
[move_group-2] [WARN] [1789244727.877896462] [move_group.moveit.moveit.ros.occupancy_map_monitor]: Resolution not specified for Octomap. Assuming resolution = 0.1 instead
[move_group-2] [ERROR] [1789244727.877914670] [move_group.moveit.moveit.ros.occupancy_map_monitor]: No 3D sensor plugin(s) defined for octomap updates
[move_group-2] [INFO] [1789244727.882164925] [move_group.moveit.moveit.ros.planning_pipeline]: Successfully loaded planner 'CHOMP'
[move_group-2] [INFO] [1789244727.882794752] [move_group]: Try loading adapter 'default_planning_request_adapters/ResolveConstraintFrames'
[move_group-2] [INFO] [1789244727.883342050] [move_group]: Loaded adapter 'default_planning_request_adapters/ResolveConstraintFrames'
[move_group-2] [INFO] [1789244727.883364450] [move_group]: Try loading adapter 'default_planning_request_adapters/ValidateWorkspaceBounds'
[move_group-2] [INFO] [1789244727.883475362] [move_group]: Loaded adapter 'default_planning_request_adapters/ValidateWorkspaceBounds'
[move_group-2] [INFO] [1789244727.883486850] [move_group]: Try loading adapter 'default_planning_request_adapters/CheckStartStateBounds'
[move_group-2] [INFO] [1789244727.883505474] [move_group]: Loaded adapter 'default_planning_request_adapters/CheckStartStateBounds'
[move_group-2] [INFO] [1789244727.883511970] [move_group]: Try loading adapter 'default_planning_request_adapters/CheckStartStateCollision'
[move_group-2] [INFO] [1789244727.883526530] [move_group]: Loaded adapter 'default_planning_request_adapters/CheckStartStateCollision'
[move_group-2] [INFO] [1789244727.884128644] [move_group]: Try loading adapter 'default_planning_response_adapters/AddTimeOptimalParameterization'
[move_group-2] [INFO] [1789244727.885529322] [move_group]: Loaded adapter 'default_planning_response_adapters/AddTimeOptimalParameterization'
[move_group-2] [INFO] [1789244727.896428977] [move_group.moveit.moveit.ros.planning_pipeline]: Successfully loaded planner 'OMPL'
[move_group-2] [INFO] [1789244727.897144724] [move_group]: Try loading adapter 'default_planning_request_adapters/ResolveConstraintFrames'
[move_group-2] [INFO] [1789244727.897223860] [move_group]: Loaded adapter 'default_planning_request_adapters/ResolveConstraintFrames'
[move_group-2] [INFO] [1789244727.897234708] [move_group]: Try loading adapter 'default_planning_request_adapters/ValidateWorkspaceBounds'
[move_group-2] [INFO] [1789244727.897350708] [move_group]: Loaded adapter 'default_planning_request_adapters/ValidateWorkspaceBounds'
[move_group-2] [INFO] [1789244727.897363700] [move_group]: Try loading adapter 'default_planning_request_adapters/CheckStartStateBounds'
[move_group-2] [INFO] [1789244727.897382740] [move_group]: Loaded adapter 'default_planning_request_adapters/CheckStartStateBounds'
[move_group-2] [INFO] [1789244727.897388468] [move_group]: Try loading adapter 'default_planning_request_adapters/CheckStartStateCollision'
[move_group-2] [INFO] [1789244727.897400116] [move_group]: Loaded adapter 'default_planning_request_adapters/CheckStartStateCollision'
[move_group-2] [INFO] [1789244727.897982583] [move_group]: Try loading adapter 'default_planning_response_adapters/AddTimeOptimalParameterization'
[move_group-2] [INFO] [1789244727.898217111] [move_group]: Loaded adapter 'default_planning_response_adapters/AddTimeOptimalParameterization'
[move_group-2] [INFO] [1789244727.898231575] [move_group]: Try loading adapter 'default_planning_response_adapters/ValidateSolution'
[move_group-2] [INFO] [1789244727.899674525] [move_group]: Loaded adapter 'default_planning_response_adapters/ValidateSolution'
[move_group-2] [INFO] [1789244727.899696189] [move_group]: Try loading adapter 'default_planning_response_adapters/DisplayMotionPath'
[move_group-2] [INFO] [1789244727.900033022] [move_group]: Loaded adapter 'default_planning_response_adapters/DisplayMotionPath'
[move_group-2] [INFO] [1789244727.901742692] [move_group.moveit.moveit.planners.pilz.joint_limits_aggregator]: Reading limits from namespace robot_description_planning
[move_group-2] [WARN] [1789244727.902274054] [move_group.moveit.moveit.planners.pilz.joint_limits_aggregator]: Multi-DOF-Joint 'virtual_joint' not supported.
[move_group-2] [WARN] [1789244727.902305286] [move_group.moveit.moveit.planners.pilz.joint_limits_aggregator]: Multi-DOF-Joint 'virtual_joint' not supported.
[move_group-2] [INFO] [1789244727.904962096] [move_group.moveit.moveit.planners.pilz.command_planner]: Available plugins: pilz_industrial_motion_planner/PlanningContextLoaderCIRC pilz_industrial_motion_planner/PlanningContextLoaderLIN pilz_industrial_motion_planner/PlanningContextLoaderPTP 
[move_group-2] [INFO] [1789244727.904992048] [move_group.moveit.moveit.planners.pilz.command_planner]: About to load: pilz_industrial_motion_planner/PlanningContextLoaderCIRC
[move_group-2] [INFO] [1789244727.905887187] [move_group.moveit.moveit.planners.pilz.command_planner]: Registered Algorithm [CIRC]
[move_group-2] [INFO] [1789244727.905916211] [move_group.moveit.moveit.planners.pilz.command_planner]: About to load: pilz_industrial_motion_planner/PlanningContextLoaderLIN
[move_group-2] [INFO] [1789244727.906513077] [move_group.moveit.moveit.planners.pilz.command_planner]: Registered Algorithm [LIN]
[move_group-2] [INFO] [1789244727.906540117] [move_group.moveit.moveit.planners.pilz.command_planner]: About to load: pilz_industrial_motion_planner/PlanningContextLoaderPTP
[move_group-2] [INFO] [1789244727.907093175] [move_group.moveit.moveit.planners.pilz.command_planner]: Registered Algorithm [PTP]
[move_group-2] [INFO] [1789244727.907123416] [move_group.moveit.moveit.ros.planning_pipeline]: Successfully loaded planner 'Pilz Industrial Motion Planner'
[move_group-2] [INFO] [1789244727.907764826] [move_group]: Try loading adapter 'default_planning_request_adapters/ValidateWorkspaceBounds'
[move_group-2] [INFO] [1789244727.907965019] [move_group]: Loaded adapter 'default_planning_request_adapters/ValidateWorkspaceBounds'
[move_group-2] [INFO] [1789244727.907979803] [move_group]: Try loading adapter 'default_planning_request_adapters/CheckStartStateBounds'
[move_group-2] [INFO] [1789244727.907999227] [move_group]: Loaded adapter 'default_planning_request_adapters/CheckStartStateBounds'
[move_group-2] [INFO] [1789244727.908005851] [move_group]: Try loading adapter 'default_planning_request_adapters/CheckStartStateCollision'
[move_group-2] [INFO] [1789244727.908018203] [move_group]: Loaded adapter 'default_planning_request_adapters/CheckStartStateCollision'
[move_group-2] [WARN] [1789244727.908022715] [move_group.moveit.moveit.ros.planning_pipeline]: No planning response adapter names specified.
[move_group-2] [INFO] [1789244727.910047490] [move_group.moveit.moveit.ros.planning_pipeline]: Successfully loaded planner 'STOMP'
[move_group-2] [INFO] [1789244727.910713605] [move_group]: Try loading adapter 'default_planning_request_adapters/ResolveConstraintFrames'
[move_group-2] [INFO] [1789244727.910779653] [move_group]: Loaded adapter 'default_planning_request_adapters/ResolveConstraintFrames'
[move_group-2] [INFO] [1789244727.910789157] [move_group]: Try loading adapter 'default_planning_request_adapters/ValidateWorkspaceBounds'
[move_group-2] [INFO] [1789244727.910924549] [move_group]: Loaded adapter 'default_planning_request_adapters/ValidateWorkspaceBounds'
[move_group-2] [INFO] [1789244727.910942021] [move_group]: Try loading adapter 'default_planning_request_adapters/CheckStartStateBounds'
[move_group-2] [INFO] [1789244727.910963685] [move_group]: Loaded adapter 'default_planning_request_adapters/CheckStartStateBounds'
[move_group-2] [INFO] [1789244727.910971589] [move_group]: Try loading adapter 'default_planning_request_adapters/CheckStartStateCollision'
[move_group-2] [INFO] [1789244727.910983685] [move_group]: Loaded adapter 'default_planning_request_adapters/CheckStartStateCollision'
[move_group-2] [INFO] [1789244727.911583848] [move_group]: Try loading adapter 'default_planning_response_adapters/AddTimeOptimalParameterization'
[move_group-2] [INFO] [1789244727.911866345] [move_group]: Loaded adapter 'default_planning_response_adapters/AddTimeOptimalParameterization'
[move_group-2] [INFO] [1789244727.911881193] [move_group]: Try loading adapter 'default_planning_response_adapters/ValidateSolution'
[move_group-2] [INFO] [1789244727.912111018] [move_group]: Loaded adapter 'default_planning_response_adapters/ValidateSolution'
[move_group-2] [INFO] [1789244727.912126346] [move_group]: Try loading adapter 'default_planning_response_adapters/DisplayMotionPath'
[move_group-2] [INFO] [1789244727.912273642] [move_group]: Loaded adapter 'default_planning_response_adapters/DisplayMotionPath'
[move_group-2] [INFO] [1789244727.938837322] [move_group.moveit.moveit.plugins.simple_controller_manager]: Added FollowJointTrajectory controller for panda_arm_controller
[move_group-2] [INFO] [1789244727.938888970] [move_group.moveit.moveit.plugins.simple_controller_manager]: panda_hand_controller will command a max effort of: 0
[move_group-2] [ERROR] [1789244727.940101423] [move_group.moveit.moveit.plugins.simple_controller_manager]: Parallel Gripper requires exactly two joints, 1 are specified
[move_group-2] [INFO] [1789244727.942005557] [move_group.moveit.moveit.plugins.simple_controller_manager]: Returned 1 controllers in list
[move_group-2] [INFO] [1789244727.942047126] [move_group.moveit.moveit.plugins.simple_controller_manager]: Returned 1 controllers in list
[move_group-2] [INFO] [1789244727.942426103] [move_group.moveit.moveit.ros.trajectory_execution_manager]: Trajectory execution is managing controllers
[move_group-2] [INFO] [1789244727.942451511] [move_group]: MoveGroup debug mode is ON
[move_group-2] [INFO] [1789244727.953498623] [move_group.moveit.moveit.planners.pilz.move_group_sequence_action]: initialize move group sequence action
[move_group-2] [INFO] [1789244727.954966084] [move_group.moveit.moveit.planners.pilz.joint_limits_aggregator]: Reading limits from namespace robot_description_planning
[move_group-2] [WARN] [1789244727.955011492] [move_group.moveit.moveit.planners.pilz.joint_limits_aggregator]: Multi-DOF-Joint 'virtual_joint' not supported.
[move_group-2] [WARN] [1789244727.955030917] [move_group.moveit.moveit.planners.pilz.joint_limits_aggregator]: Multi-DOF-Joint 'virtual_joint' not supported.
[move_group-2] [INFO] [1789244727.955187173] [move_group.moveit.moveit.planners.pilz.joint_limits_aggregator]: Reading limits from namespace robot_description_planning
[move_group-2] [WARN] [1789244727.955219333] [move_group.moveit.moveit.planners.pilz.joint_limits_aggregator]: Multi-DOF-Joint 'virtual_joint' not supported.
[move_group-2] [WARN] [1789244727.955234053] [move_group.moveit.moveit.planners.pilz.joint_limits_aggregator]: Multi-DOF-Joint 'virtual_joint' not supported.
[move_group-2] [INFO] [1789244727.955692135] [move_group.moveit.moveit.ros.move_group.executable]: 
[move_group-2] 
[move_group-2] ********************************************************
[move_group-2] * MoveGroup using: 
[move_group-2] *     - apply_planning_scene_service
[move_group-2] *     - clear_octomap_service
[move_group-2] *     - get_group_urdf
[move_group-2] *     - load_geometry_from_file
[move_group-2] *     - CartesianPathService
[move_group-2] *     - execute_trajectory_action
[move_group-2] *     - get_planning_scene_service
[move_group-2] *     - kinematics_service
[move_group-2] *     - move_action
[move_group-2] *     - motion_plan_service
[move_group-2] *     - query_planners_service
[move_group-2] *     - state_validation_service
[move_group-2] *     - save_geometry_to_file
[move_group-2] *     - SequenceAction
[move_group-2] *     - SequenceService
[move_group-2] ********************************************************
[move_group-2] 
[move_group-2] [INFO] [1789244727.955742055] [move_group.moveit.moveit.ros.move_group.context]: MoveGroup context using pipeline ompl
[move_group-2] [INFO] [1789244727.955756103] [move_group.moveit.moveit.ros.move_group.context]: MoveGroup context initialization complete
[move_group-2] [WARN] [1789244728.540274374] [move_group.moveit.moveit.ros.current_state_monitor]: Unable to update multi-DOF joint 'virtual_joint':Failure to lookup transform between 'world'and 'panda_link0' with TF exception: "world" passed to lookupTransform argument target_frame does not exist. 
[move_group-2] [WARN] [1789244731.284799071] [move_group.moveit.moveit.ros.planning_scene_monitor]: The complete state of the robot is not yet known.  Missing virtual_joint
[move_group-2] terminate called after throwing an instance of 'std::runtime_error'
[move_group-2]   what():  Box dimensions must be non-negative.
[move_group-2] Stack trace (most recent call last) in thread 1609:
[move_group-2] #22   Object "/usr/lib/aarch64-linux-gnu/ld-linux-aarch64.so.1", at 0xffffffffffffffff, in 
[move_group-2] #21   Object "/usr/lib/aarch64-linux-gnu/libc.so.6", at 0xfd2816b2ba0b, in 
[move_group-2] #20   Object "/usr/lib/aarch64-linux-gnu/libc.so.6", at 0xfd2816ac582b, in 
[move_group-2] #19   Object "/usr/lib/aarch64-linux-gnu/libstdc++.so.6.0.33", at 0xfd2816d21adf, in 
[move_group-2] #18   Object "/opt/ros/jazzy/lib/librclcpp.so", at 0xfd281708c21b, in rclcpp::executors::MultiThreadedExecutor::run(unsigned long)
[move_group-2] #17   Object "/opt/ros/jazzy/lib/librclcpp.so", at 0xfd2817058e33, in rclcpp::Executor::execute_any_executable(rclcpp::AnyExecutable&)
[move_group-2] #16   Object "/opt/ros/jazzy/lib/librclcpp.so", at 0xfd2817053ffb, in rclcpp::Executor::execute_service(std::shared_ptr<rclcpp::ServiceBase>)
[move_group-2] #15   Object "/opt/ros/jazzy/lib/librclcpp.so", at 0xfd281715c567, in 
[move_group-2] #14   Object "/opt/ros/jazzy/lib/libmoveit_move_group_default_capabilities.so.2.12.4", at 0xfd27dadd55ff, in 
[move_group-2] #13   Object "/opt/ros/jazzy/lib/libmoveit_move_group_default_capabilities.so.2.12.4", at 0xfd27dadd48bf, in move_group::ApplyPlanningSceneService::applyScene(std::shared_ptr<rmw_request_id_s> const&, std::shared_ptr<moveit_msgs::srv::ApplyPlanningScene_Request_<std::allocator<void> > > const&, std::shared_ptr<moveit_msgs::srv::ApplyPlanningScene_Response_<std::allocator<void> > > const&)
[move_group-2] #12   Object "/opt/ros/jazzy/lib/libmoveit_planning_scene_monitor.so.2.12.4", at 0xfd28173d5003, in planning_scene_monitor::PlanningSceneMonitor::newPlanningSceneMessage(moveit_msgs::msg::PlanningScene_<std::allocator<void> > const&)
[move_group-2] #11   Object "/opt/ros/jazzy/lib/libmoveit_planning_scene.so.2.12.4", at 0xfd28165265c7, in planning_scene::PlanningScene::setPlanningSceneDiffMsg(moveit_msgs::msg::PlanningScene_<std::allocator<void> > const&)
[move_group-2] #10   Object "/opt/ros/jazzy/lib/libmoveit_planning_scene.so.2.12.4", at 0xfd281652e12b, in planning_scene::PlanningScene::processCollisionObjectAdd(moveit_msgs::msg::CollisionObject_<std::allocator<void> > const&)
[move_group-2] #9    Object "/opt/ros/jazzy/lib/libmoveit_planning_scene.so.2.12.4", at 0xfd281652cef7, in planning_scene::PlanningScene::shapesAndPosesFromCollisionObjectMessage(moveit_msgs::msg::CollisionObject_<std::allocator<void> > const&, Eigen::Transform<double, 3, 1, 0>&, std::vector<std::shared_ptr<shapes::Shape const>, std::allocator<std::shared_ptr<shapes::Shape const> > >&, std::vector<Eigen::Transform<double, 3, 1, 0>, Eigen::aligned_allocator<Eigen::Transform<double, 3, 1, 0> > >&)
[move_group-2] #8    Object "/opt/ros/jazzy/lib/libgeometric_shapes.so.2.3.4", at 0xfd281627c57f, in shapes::constructShapeFromMsg(shape_msgs::msg::SolidPrimitive_<std::allocator<void> > const&)
[move_group-2] #7    Object "/opt/ros/jazzy/lib/libgeometric_shapes.so.2.3.4", at 0xfd28162820ff, in shapes::Box::Box(double, double, double)
[move_group-2] #6    Object "/usr/lib/aarch64-linux-gnu/libstdc++.so.6.0.33", at 0xfd2816cea907, in __cxa_throw
[move_group-2] #5    Object "/usr/lib/aarch64-linux-gnu/libstdc++.so.6.0.33", at 0xfd2816ce0e03, in std::terminate()
[move_group-2] #4    Object "/usr/lib/aarch64-linux-gnu/libstdc++.so.6.0.33", at 0xfd2816cea56f, in 
[move_group-2] #3    Object "/usr/lib/aarch64-linux-gnu/libstdc++.so.6.0.33", at 0xfd2816ced4d7, in __gnu_cxx::__verbose_terminate_handler()
[move_group-2] #2    Object "/usr/lib/aarch64-linux-gnu/libc.so.6", at 0xfd2816a67dff, in abort
[move_group-2] #1    Object "/usr/lib/aarch64-linux-gnu/libc.so.6", at 0xfd2816a7cb3b, in raise
[move_group-2] #0    Object "/usr/lib/aarch64-linux-gnu/libc.so.6", at 0xfd2816ac74d8, in 
[move_group-2] Aborted (Signal sent by tkill() 1571 0)
[ERROR] [move_group-2]: process has died [pid 1571, exit code -6, cmd '/opt/ros/jazzy/lib/moveit_ros_move_group/move_group --ros-args --params-file /tmp/launch_params_92utr06l --params-file /tmp/launch_params_w7psfgoj --params-file /tmp/launch_params_38ogrib6 -r /panda_hand_controller/gripper_action:=/franka_gripper/gripper_action'].
[INFO] [move_group-2]: process started with pid [1741]
[move_group-2] [INFO] [1789244757.871348724] [move_group.moveit.moveit.ros.rdf_loader]: Loaded robot model in 0 seconds
[move_group-2] [INFO] [1789244757.871511316] [move_group.moveit.moveit.core.robot_model]: Loading robot model 'panda'...
[move_group-2] [WARN] [1789244757.877455690] [kdl_parser]: The root link panda_link0 has an inertia specified in the URDF, but KDL does not support a root link with an inertia.  As a workaround, you can add an extra dummy link to your URDF.
[move_group-2] [INFO] [1789244757.877540042] [move_group.moveit.moveit.kinematics.kdl_kinematics_plugin]: Joint weights for group 'panda_arm': 1 1 1 1 1 1 1
[move_group-2] [INFO] [1789244757.899655354] [move_group.moveit.moveit.ros.planning_scene_monitor]: Publishing maintained planning scene on 'monitored_planning_scene'
[move_group-2] [INFO] [1789244757.899859675] [move_group.moveit.moveit.ros.moveit_cpp]: Listening to 'joint_states' for joint states
[move_group-2] [INFO] [1789244757.900692446] [move_group.moveit.moveit.ros.current_state_monitor]: Listening to joint states on topic 'joint_states'
[move_group-2] [INFO] [1789244757.900967903] [move_group.moveit.moveit.ros.planning_scene_monitor]: Listening to '/attached_collision_object' for attached collision objects
[move_group-2] [INFO] [1789244757.900987231] [move_group.moveit.moveit.ros.planning_scene_monitor]: Stopping existing planning scene publisher.
[move_group-2] [INFO] [1789244757.901313536] [move_group.moveit.moveit.ros.planning_scene_monitor]: Stopped publishing maintained planning scene.
[move_group-2] [INFO] [1789244757.902206339] [move_group.moveit.moveit.ros.planning_scene_monitor]: Publishing maintained planning scene on 'monitored_planning_scene'
[move_group-2] [INFO] [1789244757.902389572] [move_group.moveit.moveit.ros.planning_scene_monitor]: Starting planning scene monitor
[move_group-2] [INFO] [1789244757.903377064] [move_group.moveit.moveit.ros.planning_scene_monitor]: Listening to '/planning_scene'
[move_group-2] [INFO] [1789244757.903417032] [move_group.moveit.moveit.ros.planning_scene_monitor]: Starting world geometry update monitor for collision objects, attached objects, octomap updates.
[move_group-2] [INFO] [1789244757.903921194] [move_group.moveit.moveit.ros.planning_scene_monitor]: Listening to 'collision_object'
[move_group-2] [INFO] [1789244757.904390763] [move_group.moveit.moveit.ros.planning_scene_monitor]: Listening to 'planning_scene_world' for planning scene world geometry
[move_group-2] [WARN] [1789244757.904636396] [move_group.moveit.moveit.ros.occupancy_map_monitor]: Resolution not specified for Octomap. Assuming resolution = 0.1 instead
[move_group-2] [ERROR] [1789244757.904670764] [move_group.moveit.moveit.ros.occupancy_map_monitor]: No 3D sensor plugin(s) defined for octomap updates
[move_group-2] [INFO] [1789244757.910869923] [move_group.moveit.moveit.ros.planning_pipeline]: Successfully loaded planner 'CHOMP'
[move_group-2] [INFO] [1789244757.911624677] [move_group]: Try loading adapter 'default_planning_request_adapters/ResolveConstraintFrames'
[move_group-2] [INFO] [1789244757.912315720] [move_group]: Loaded adapter 'default_planning_request_adapters/ResolveConstraintFrames'
[move_group-2] [INFO] [1789244757.912354024] [move_group]: Try loading adapter 'default_planning_request_adapters/ValidateWorkspaceBounds'
[move_group-2] [INFO] [1789244757.912545417] [move_group]: Loaded adapter 'default_planning_request_adapters/ValidateWorkspaceBounds'
[move_group-2] [INFO] [1789244757.912569545] [move_group]: Try loading adapter 'default_planning_request_adapters/CheckStartStateBounds'
[move_group-2] [INFO] [1789244757.912600329] [move_group]: Loaded adapter 'default_planning_request_adapters/CheckStartStateBounds'
[move_group-2] [INFO] [1789244757.912609705] [move_group]: Try loading adapter 'default_planning_request_adapters/CheckStartStateCollision'
[move_group-2] [INFO] [1789244757.912629449] [move_group]: Loaded adapter 'default_planning_request_adapters/CheckStartStateCollision'
[move_group-2] [INFO] [1789244757.913315819] [move_group]: Try loading adapter 'default_planning_response_adapters/AddTimeOptimalParameterization'
[move_group-2] [INFO] [1789244757.915189266] [move_group]: Loaded adapter 'default_planning_response_adapters/AddTimeOptimalParameterization'
[move_group-2] [INFO] [1789244757.927403390] [move_group.moveit.moveit.ros.planning_pipeline]: Successfully loaded planner 'OMPL'
[move_group-2] [INFO] [1789244757.928261793] [move_group]: Try loading adapter 'default_planning_request_adapters/ResolveConstraintFrames'
[move_group-2] [INFO] [1789244757.928391778] [move_group]: Loaded adapter 'default_planning_request_adapters/ResolveConstraintFrames'
[move_group-2] [INFO] [1789244757.928411714] [move_group]: Try loading adapter 'default_planning_request_adapters/ValidateWorkspaceBounds'
[move_group-2] [INFO] [1789244757.928624483] [move_group]: Loaded adapter 'default_planning_request_adapters/ValidateWorkspaceBounds'
[move_group-2] [INFO] [1789244757.928652739] [move_group]: Try loading adapter 'default_planning_request_adapters/CheckStartStateBounds'
[move_group-2] [INFO] [1789244757.928683491] [move_group]: Loaded adapter 'default_planning_request_adapters/CheckStartStateBounds'
[move_group-2] [INFO] [1789244757.928694019] [move_group]: Try loading adapter 'default_planning_request_adapters/CheckStartStateCollision'
[move_group-2] [INFO] [1789244757.928708899] [move_group]: Loaded adapter 'default_planning_request_adapters/CheckStartStateCollision'
[move_group-2] [INFO] [1789244757.929387014] [move_group]: Try loading adapter 'default_planning_response_adapters/AddTimeOptimalParameterization'
[move_group-2] [INFO] [1789244757.929808487] [move_group]: Loaded adapter 'default_planning_response_adapters/AddTimeOptimalParameterization'
[move_group-2] [INFO] [1789244757.929837991] [move_group]: Try loading adapter 'default_planning_response_adapters/ValidateSolution'
[move_group-2] [INFO] [1789244757.931995119] [move_group]: Loaded adapter 'default_planning_response_adapters/ValidateSolution'
[move_group-2] [INFO] [1789244757.932038031] [move_group]: Try loading adapter 'default_planning_response_adapters/DisplayMotionPath'
[move_group-2] [INFO] [1789244757.932629393] [move_group]: Loaded adapter 'default_planning_response_adapters/DisplayMotionPath'
[move_group-2] [INFO] [1789244757.934890649] [move_group.moveit.moveit.planners.pilz.joint_limits_aggregator]: Reading limits from namespace robot_description_planning
[move_group-2] [WARN] [1789244757.935732284] [move_group.moveit.moveit.planners.pilz.joint_limits_aggregator]: Multi-DOF-Joint 'virtual_joint' not supported.
[move_group-2] [WARN] [1789244757.935786301] [move_group.moveit.moveit.planners.pilz.joint_limits_aggregator]: Multi-DOF-Joint 'virtual_joint' not supported.
[move_group-2] [INFO] [1789244757.940093260] [move_group.moveit.moveit.planners.pilz.command_planner]: Available plugins: pilz_industrial_motion_planner/PlanningContextLoaderCIRC pilz_industrial_motion_planner/PlanningContextLoaderLIN pilz_industrial_motion_planner/PlanningContextLoaderPTP 
[move_group-2] [INFO] [1789244757.940144940] [move_group.moveit.moveit.planners.pilz.command_planner]: About to load: pilz_industrial_motion_planner/PlanningContextLoaderCIRC
[move_group-2] [INFO] [1789244757.941197840] [move_group.moveit.moveit.planners.pilz.command_planner]: Registered Algorithm [CIRC]
[move_group-2] [INFO] [1789244757.941248624] [move_group.moveit.moveit.planners.pilz.command_planner]: About to load: pilz_industrial_motion_planner/PlanningContextLoaderLIN
[move_group-2] [INFO] [1789244757.941900211] [move_group.moveit.moveit.planners.pilz.command_planner]: Registered Algorithm [LIN]
[move_group-2] [INFO] [1789244757.941948147] [move_group.moveit.moveit.planners.pilz.command_planner]: About to load: pilz_industrial_motion_planner/PlanningContextLoaderPTP
[move_group-2] [INFO] [1789244757.942625845] [move_group.moveit.moveit.planners.pilz.command_planner]: Registered Algorithm [PTP]
[move_group-2] [INFO] [1789244757.942676661] [move_group.moveit.moveit.ros.planning_pipeline]: Successfully loaded planner 'Pilz Industrial Motion Planner'
[move_group-2] [INFO] [1789244757.943414968] [move_group]: Try loading adapter 'default_planning_request_adapters/ValidateWorkspaceBounds'
[move_group-2] [INFO] [1789244757.943711801] [move_group]: Loaded adapter 'default_planning_request_adapters/ValidateWorkspaceBounds'
[move_group-2] [INFO] [1789244757.943740313] [move_group]: Try loading adapter 'default_planning_request_adapters/CheckStartStateBounds'
[move_group-2] [INFO] [1789244757.943775993] [move_group]: Loaded adapter 'default_planning_request_adapters/CheckStartStateBounds'
[move_group-2] [INFO] [1789244757.943785754] [move_group]: Try loading adapter 'default_planning_request_adapters/CheckStartStateCollision'
[move_group-2] [INFO] [1789244757.943798714] [move_group]: Loaded adapter 'default_planning_request_adapters/CheckStartStateCollision'
[move_group-2] [WARN] [1789244757.943805722] [move_group.moveit.moveit.ros.planning_pipeline]: No planning response adapter names specified.
[move_group-2] [INFO] [1789244757.946361891] [move_group.moveit.moveit.ros.planning_pipeline]: Successfully loaded planner 'STOMP'
[move_group-2] [INFO] [1789244757.947034629] [move_group]: Try loading adapter 'default_planning_request_adapters/ResolveConstraintFrames'
[move_group-2] [INFO] [1789244757.947155078] [move_group]: Loaded adapter 'default_planning_request_adapters/ResolveConstraintFrames'
[move_group-2] [INFO] [1789244757.947173606] [move_group]: Try loading adapter 'default_planning_request_adapters/ValidateWorkspaceBounds'
[move_group-2] [INFO] [1789244757.947370566] [move_group]: Loaded adapter 'default_planning_request_adapters/ValidateWorkspaceBounds'
[move_group-2] [INFO] [1789244757.947399303] [move_group]: Try loading adapter 'default_planning_request_adapters/CheckStartStateBounds'
[move_group-2] [INFO] [1789244757.947430343] [move_group]: Loaded adapter 'default_planning_request_adapters/CheckStartStateBounds'
[move_group-2] [INFO] [1789244757.947441511] [move_group]: Try loading adapter 'default_planning_request_adapters/CheckStartStateCollision'
[move_group-2] [INFO] [1789244757.947456903] [move_group]: Loaded adapter 'default_planning_request_adapters/CheckStartStateCollision'
[move_group-2] [INFO] [1789244757.948104841] [move_group]: Try loading adapter 'default_planning_response_adapters/AddTimeOptimalParameterization'
[move_group-2] [INFO] [1789244757.948532523] [move_group]: Loaded adapter 'default_planning_response_adapters/AddTimeOptimalParameterization'
[move_group-2] [INFO] [1789244757.948562347] [move_group]: Try loading adapter 'default_planning_response_adapters/ValidateSolution'
[move_group-2] [INFO] [1789244757.948920044] [move_group]: Loaded adapter 'default_planning_response_adapters/ValidateSolution'
[move_group-2] [INFO] [1789244757.948949708] [move_group]: Try loading adapter 'default_planning_response_adapters/DisplayMotionPath'
[move_group-2] [INFO] [1789244757.949222157] [move_group]: Loaded adapter 'default_planning_response_adapters/DisplayMotionPath'
[move_group-2] [INFO] [1789244757.991852807] [move_group.moveit.moveit.plugins.simple_controller_manager]: Added FollowJointTrajectory controller for panda_arm_controller
[move_group-2] [INFO] [1789244757.991937287] [move_group.moveit.moveit.plugins.simple_controller_manager]: panda_hand_controller will command a max effort of: 0
[move_group-2] [ERROR] [1789244757.993912783] [move_group.moveit.moveit.plugins.simple_controller_manager]: Parallel Gripper requires exactly two joints, 1 are specified
[move_group-2] [INFO] [1789244757.996356631] [move_group.moveit.moveit.plugins.simple_controller_manager]: Returned 1 controllers in list
[move_group-2] [INFO] [1789244757.996410808] [move_group.moveit.moveit.plugins.simple_controller_manager]: Returned 1 controllers in list
[move_group-2] [INFO] [1789244757.996961978] [move_group.moveit.moveit.ros.trajectory_execution_manager]: Trajectory execution is managing controllers
[move_group-2] [INFO] [1789244757.997002714] [move_group]: MoveGroup debug mode is ON
[move_group-2] [INFO] [1789244758.012339505] [move_group.moveit.moveit.planners.pilz.move_group_sequence_action]: initialize move group sequence action
[move_group-2] [INFO] [1789244758.014629081] [move_group.moveit.moveit.planners.pilz.joint_limits_aggregator]: Reading limits from namespace robot_description_planning
[move_group-2] [WARN] [1789244758.014696922] [move_group.moveit.moveit.planners.pilz.joint_limits_aggregator]: Multi-DOF-Joint 'virtual_joint' not supported.
[move_group-2] [WARN] [1789244758.014723258] [move_group.moveit.moveit.planners.pilz.joint_limits_aggregator]: Multi-DOF-Joint 'virtual_joint' not supported.
[move_group-2] [INFO] [1789244758.014923482] [move_group.moveit.moveit.planners.pilz.joint_limits_aggregator]: Reading limits from namespace robot_description_planning
[move_group-2] [WARN] [1789244758.014962043] [move_group.moveit.moveit.planners.pilz.joint_limits_aggregator]: Multi-DOF-Joint 'virtual_joint' not supported.
[move_group-2] [WARN] [1789244758.014979803] [move_group.moveit.moveit.planners.pilz.joint_limits_aggregator]: Multi-DOF-Joint 'virtual_joint' not supported.
[move_group-2] [INFO] [1789244758.015644925] [move_group.moveit.moveit.ros.move_group.executable]: 
[move_group-2] 
[move_group-2] ********************************************************
[move_group-2] * MoveGroup using: 
[move_group-2] *     - apply_planning_scene_service
[move_group-2] *     - clear_octomap_service
[move_group-2] *     - get_group_urdf
[move_group-2] *     - load_geometry_from_file
[move_group-2] *     - CartesianPathService
[move_group-2] *     - execute_trajectory_action
[move_group-2] *     - get_planning_scene_service
[move_group-2] *     - kinematics_service
[move_group-2] *     - move_action
[move_group-2] *     - motion_plan_service
[move_group-2] *     - query_planners_service
[move_group-2] *     - state_validation_service
[move_group-2] *     - save_geometry_to_file
[move_group-2] *     - SequenceAction
[move_group-2] *     - SequenceService
[move_group-2] ********************************************************
[move_group-2] 
[move_group-2] [INFO] [1789244758.015714941] [move_group.moveit.moveit.ros.move_group.context]: MoveGroup context using pipeline ompl
[move_group-2] [INFO] [1789244758.015728573] [move_group.moveit.moveit.ros.move_group.context]: MoveGroup context initialization complete
[move_group-2] [WARN] [1789244758.541860650] [move_group.moveit.moveit.ros.current_state_monitor]: Unable to update multi-DOF joint 'virtual_joint':Failure to lookup transform between 'world'and 'panda_link0' with TF exception: "world" passed to lookupTransform argument target_frame does not exist. 
[move_group-2] [WARN] [1789244761.285362686] [move_group.moveit.moveit.ros.planning_scene_monitor]: The complete state of the robot is not yet known.  Missing virtual_joint
[move_group-2] terminate called after throwing an instance of 'std::runtime_error'
[move_group-2]   what():  Box dimensions must be non-negative.
[move_group-2] Stack trace (most recent call last) in thread 1810:
[move_group-2] #22   Object "/usr/lib/aarch64-linux-gnu/ld-linux-aarch64.so.1", at 0xffffffffffffffff, in 
[move_group-2] #21   Object "/usr/lib/aarch64-linux-gnu/libc.so.6", at 0xe3636ca3ba0b, in 
[move_group-2] #20   Object "/usr/lib/aarch64-linux-gnu/libc.so.6", at 0xe3636c9d582b, in 
[move_group-2] #19   Object "/usr/lib/aarch64-linux-gnu/libstdc++.so.6.0.33", at 0xe3636cc31adf, in 
[move_group-2] #18   Object "/opt/ros/jazzy/lib/librclcpp.so", at 0xe3636cf9c21b, in rclcpp::executors::MultiThreadedExecutor::run(unsigned long)
[move_group-2] #17   Object "/opt/ros/jazzy/lib/librclcpp.so", at 0xe3636cf68e33, in rclcpp::Executor::execute_any_executable(rclcpp::AnyExecutable&)
[move_group-2] #16   Object "/opt/ros/jazzy/lib/librclcpp.so", at 0xe3636cf63ffb, in rclcpp::Executor::execute_service(std::shared_ptr<rclcpp::ServiceBase>)
[move_group-2] #15   Object "/opt/ros/jazzy/lib/librclcpp.so", at 0xe3636d06c567, in 
[move_group-2] #14   Object "/opt/ros/jazzy/lib/libmoveit_move_group_default_capabilities.so.2.12.4", at 0xe3633ccf55ff, in 
[move_group-2] #13   Object "/opt/ros/jazzy/lib/libmoveit_move_group_default_capabilities.so.2.12.4", at 0xe3633ccf48bf, in move_group::ApplyPlanningSceneService::applyScene(std::shared_ptr<rmw_request_id_s> const&, std::shared_ptr<moveit_msgs::srv::ApplyPlanningScene_Request_<std::allocator<void> > > const&, std::shared_ptr<moveit_msgs::srv::ApplyPlanningScene_Response_<std::allocator<void> > > const&)
[move_group-2] #12   Object "/opt/ros/jazzy/lib/libmoveit_planning_scene_monitor.so.2.12.4", at 0xe3636d2e5003, in planning_scene_monitor::PlanningSceneMonitor::newPlanningSceneMessage(moveit_msgs::msg::PlanningScene_<std::allocator<void> > const&)
[move_group-2] #11   Object "/opt/ros/jazzy/lib/libmoveit_planning_scene.so.2.12.4", at 0xe3636c4365c7, in planning_scene::PlanningScene::setPlanningSceneDiffMsg(moveit_msgs::msg::PlanningScene_<std::allocator<void> > const&)
[move_group-2] #10   Object "/opt/ros/jazzy/lib/libmoveit_planning_scene.so.2.12.4", at 0xe3636c43e12b, in planning_scene::PlanningScene::processCollisionObjectAdd(moveit_msgs::msg::CollisionObject_<std::allocator<void> > const&)
[move_group-2] #9    Object "/opt/ros/jazzy/lib/libmoveit_planning_scene.so.2.12.4", at 0xe3636c43cef7, in planning_scene::PlanningScene::shapesAndPosesFromCollisionObjectMessage(moveit_msgs::msg::CollisionObject_<std::allocator<void> > const&, Eigen::Transform<double, 3, 1, 0>&, std::vector<std::shared_ptr<shapes::Shape const>, std::allocator<std::shared_ptr<shapes::Shape const> > >&, std::vector<Eigen::Transform<double, 3, 1, 0>, Eigen::aligned_allocator<Eigen::Transform<double, 3, 1, 0> > >&)
[move_group-2] #8    Object "/opt/ros/jazzy/lib/libgeometric_shapes.so.2.3.4", at 0xe3636c18c57f, in shapes::constructShapeFromMsg(shape_msgs::msg::SolidPrimitive_<std::allocator<void> > const&)
[move_group-2] #7    Object "/opt/ros/jazzy/lib/libgeometric_shapes.so.2.3.4", at 0xe3636c1920ff, in shapes::Box::Box(double, double, double)
[move_group-2] #6    Object "/usr/lib/aarch64-linux-gnu/libstdc++.so.6.0.33", at 0xe3636cbfa907, in __cxa_throw
[move_group-2] #5    Object "/usr/lib/aarch64-linux-gnu/libstdc++.so.6.0.33", at 0xe3636cbf0e03, in std::terminate()
[move_group-2] #4    Object "/usr/lib/aarch64-linux-gnu/libstdc++.so.6.0.33", at 0xe3636cbfa56f, in 
[move_group-2] #3    Object "/usr/lib/aarch64-linux-gnu/libstdc++.so.6.0.33", at 0xe3636cbfd4d7, in __gnu_cxx::__verbose_terminate_handler()
[move_group-2] #2    Object "/usr/lib/aarch64-linux-gnu/libc.so.6", at 0xe3636c977dff, in abort
[move_group-2] #1    Object "/usr/lib/aarch64-linux-gnu/libc.so.6", at 0xe3636c98cb3b, in raise
[move_group-2] #0    Object "/usr/lib/aarch64-linux-gnu/libc.so.6", at 0xe3636c9d74d8, in 
[move_group-2] Aborted (Signal sent by tkill() 1741 0)
[ERROR] [move_group-2]: process has died [pid 1741, exit code -6, cmd '/opt/ros/jazzy/lib/moveit_ros_move_group/move_group --ros-args --params-file /tmp/launch_params_92utr06l --params-file /tmp/launch_params_w7psfgoj --params-file /tmp/launch_params_38ogrib6 -r /panda_hand_controller/gripper_action:=/franka_gripper/gripper_action'].
[INFO] [move_group-2]: process started with pid [1911]
[move_group-2] [INFO] [1789244787.871206257] [move_group.moveit.moveit.ros.rdf_loader]: Loaded robot model in 0 seconds
[move_group-2] [INFO] [1789244787.871364433] [move_group.moveit.moveit.core.robot_model]: Loading robot model 'panda'...
[move_group-2] [WARN] [1789244787.877133510] [kdl_parser]: The root link panda_link0 has an inertia specified in the URDF, but KDL does not support a root link with an inertia.  As a workaround, you can add an extra dummy link to your URDF.
[move_group-2] [INFO] [1789244787.877220999] [move_group.moveit.moveit.kinematics.kdl_kinematics_plugin]: Joint weights for group 'panda_arm': 1 1 1 1 1 1 1
[move_group-2] [INFO] [1789244787.899819256] [move_group.moveit.moveit.ros.planning_scene_monitor]: Publishing maintained planning scene on 'monitored_planning_scene'
[move_group-2] [INFO] [1789244787.900031257] [move_group.moveit.moveit.ros.moveit_cpp]: Listening to 'joint_states' for joint states
[move_group-2] [INFO] [1789244787.900846460] [move_group.moveit.moveit.ros.current_state_monitor]: Listening to joint states on topic 'joint_states'
[move_group-2] [INFO] [1789244787.901126813] [move_group.moveit.moveit.ros.planning_scene_monitor]: Listening to '/attached_collision_object' for attached collision objects
[move_group-2] [INFO] [1789244787.901147229] [move_group.moveit.moveit.ros.planning_scene_monitor]: Stopping existing planning scene publisher.
[move_group-2] [INFO] [1789244787.901299262] [move_group.moveit.moveit.ros.planning_scene_monitor]: Stopped publishing maintained planning scene.
[move_group-2] [INFO] [1789244787.901560671] [move_group.moveit.moveit.ros.planning_scene_monitor]: Publishing maintained planning scene on 'monitored_planning_scene'
[move_group-2] [INFO] [1789244787.901660127] [move_group.moveit.moveit.ros.planning_scene_monitor]: Starting planning scene monitor
[move_group-2] [INFO] [1789244787.902249953] [move_group.moveit.moveit.ros.planning_scene_monitor]: Listening to '/planning_scene'
[move_group-2] [INFO] [1789244787.902273569] [move_group.moveit.moveit.ros.planning_scene_monitor]: Starting world geometry update monitor for collision objects, attached objects, octomap updates.
[move_group-2] [INFO] [1789244787.902515522] [move_group.moveit.moveit.ros.planning_scene_monitor]: Listening to 'collision_object'
[move_group-2] [INFO] [1789244787.902733283] [move_group.moveit.moveit.ros.planning_scene_monitor]: Listening to 'planning_scene_world' for planning scene world geometry
[move_group-2] [WARN] [1789244787.902897891] [move_group.moveit.moveit.ros.occupancy_map_monitor]: Resolution not specified for Octomap. Assuming resolution = 0.1 instead
[move_group-2] [ERROR] [1789244787.902919779] [move_group.moveit.moveit.ros.occupancy_map_monitor]: No 3D sensor plugin(s) defined for octomap updates
[move_group-2] [INFO] [1789244787.907498676] [move_group.moveit.moveit.ros.planning_pipeline]: Successfully loaded planner 'CHOMP'
[move_group-2] [INFO] [1789244787.908172534] [move_group]: Try loading adapter 'default_planning_request_adapters/ResolveConstraintFrames'
[move_group-2] [INFO] [1789244787.908728568] [move_group]: Loaded adapter 'default_planning_request_adapters/ResolveConstraintFrames'
[move_group-2] [INFO] [1789244787.908750233] [move_group]: Try loading adapter 'default_planning_request_adapters/ValidateWorkspaceBounds'
[move_group-2] [INFO] [1789244787.908872921] [move_group]: Loaded adapter 'default_planning_request_adapters/ValidateWorkspaceBounds'
[move_group-2] [INFO] [1789244787.908885945] [move_group]: Try loading adapter 'default_planning_request_adapters/CheckStartStateBounds'
[move_group-2] [INFO] [1789244787.908904985] [move_group]: Loaded adapter 'default_planning_request_adapters/CheckStartStateBounds'
[move_group-2] [INFO] [1789244787.908912153] [move_group]: Try loading adapter 'default_planning_request_adapters/CheckStartStateCollision'
[move_group-2] [INFO] [1789244787.908928153] [move_group]: Loaded adapter 'default_planning_request_adapters/CheckStartStateCollision'
[move_group-2] [INFO] [1789244787.909548347] [move_group]: Try loading adapter 'default_planning_response_adapters/AddTimeOptimalParameterization'
[move_group-2] [INFO] [1789244787.910963072] [move_group]: Loaded adapter 'default_planning_response_adapters/AddTimeOptimalParameterization'
[move_group-2] [INFO] [1789244787.922039112] [move_group.moveit.moveit.ros.planning_pipeline]: Successfully loaded planner 'OMPL'
[move_group-2] [INFO] [1789244787.922748043] [move_group]: Try loading adapter 'default_planning_request_adapters/ResolveConstraintFrames'
[move_group-2] [INFO] [1789244787.922828331] [move_group]: Loaded adapter 'default_planning_request_adapters/ResolveConstraintFrames'
[move_group-2] [INFO] [1789244787.922840619] [move_group]: Try loading adapter 'default_planning_request_adapters/ValidateWorkspaceBounds'
[move_group-2] [INFO] [1789244787.922962316] [move_group]: Loaded adapter 'default_planning_request_adapters/ValidateWorkspaceBounds'
[move_group-2] [INFO] [1789244787.922975276] [move_group]: Try loading adapter 'default_planning_request_adapters/CheckStartStateBounds'
[move_group-2] [INFO] [1789244787.922992876] [move_group]: Loaded adapter 'default_planning_request_adapters/CheckStartStateBounds'
[move_group-2] [INFO] [1789244787.922997580] [move_group]: Try loading adapter 'default_planning_request_adapters/CheckStartStateCollision'
[move_group-2] [INFO] [1789244787.923009228] [move_group]: Loaded adapter 'default_planning_request_adapters/CheckStartStateCollision'
[move_group-2] [INFO] [1789244787.923608814] [move_group]: Try loading adapter 'default_planning_response_adapters/AddTimeOptimalParameterization'
[move_group-2] [INFO] [1789244787.923838767] [move_group]: Loaded adapter 'default_planning_response_adapters/AddTimeOptimalParameterization'
[move_group-2] [INFO] [1789244787.923853967] [move_group]: Try loading adapter 'default_planning_response_adapters/ValidateSolution'
[move_group-2] [INFO] [1789244787.925341364] [move_group]: Loaded adapter 'default_planning_response_adapters/ValidateSolution'
[move_group-2] [INFO] [1789244787.925366132] [move_group]: Try loading adapter 'default_planning_response_adapters/DisplayMotionPath'
[move_group-2] [INFO] [1789244787.925694486] [move_group]: Loaded adapter 'default_planning_response_adapters/DisplayMotionPath'
[move_group-2] [INFO] [1789244787.927440348] [move_group.moveit.moveit.planners.pilz.joint_limits_aggregator]: Reading limits from namespace robot_description_planning
[move_group-2] [WARN] [1789244787.927982430] [move_group.moveit.moveit.planners.pilz.joint_limits_aggregator]: Multi-DOF-Joint 'virtual_joint' not supported.
[move_group-2] [WARN] [1789244787.928015902] [move_group.moveit.moveit.planners.pilz.joint_limits_aggregator]: Multi-DOF-Joint 'virtual_joint' not supported.
[move_group-2] [INFO] [1789244787.930741480] [move_group.moveit.moveit.planners.pilz.command_planner]: Available plugins: pilz_industrial_motion_planner/PlanningContextLoaderCIRC pilz_industrial_motion_planner/PlanningContextLoaderLIN pilz_industrial_motion_planner/PlanningContextLoaderPTP 
[move_group-2] [INFO] [1789244787.930774248] [move_group.moveit.moveit.planners.pilz.command_planner]: About to load: pilz_industrial_motion_planner/PlanningContextLoaderCIRC
[move_group-2] [INFO] [1789244787.931681835] [move_group.moveit.moveit.planners.pilz.command_planner]: Registered Algorithm [CIRC]
[move_group-2] [INFO] [1789244787.931714603] [move_group.moveit.moveit.planners.pilz.command_planner]: About to load: pilz_industrial_motion_planner/PlanningContextLoaderLIN
[move_group-2] [INFO] [1789244787.932304526] [move_group.moveit.moveit.planners.pilz.command_planner]: Registered Algorithm [LIN]
[move_group-2] [INFO] [1789244787.932334190] [move_group.moveit.moveit.planners.pilz.command_planner]: About to load: pilz_industrial_motion_planner/PlanningContextLoaderPTP
[move_group-2] [INFO] [1789244787.932856464] [move_group.moveit.moveit.planners.pilz.command_planner]: Registered Algorithm [PTP]
[move_group-2] [INFO] [1789244787.932888112] [move_group.moveit.moveit.ros.planning_pipeline]: Successfully loaded planner 'Pilz Industrial Motion Planner'
[move_group-2] [INFO] [1789244787.933560978] [move_group]: Try loading adapter 'default_planning_request_adapters/ValidateWorkspaceBounds'
[move_group-2] [INFO] [1789244787.933764499] [move_group]: Loaded adapter 'default_planning_request_adapters/ValidateWorkspaceBounds'
[move_group-2] [INFO] [1789244787.933781363] [move_group]: Try loading adapter 'default_planning_request_adapters/CheckStartStateBounds'
[move_group-2] [INFO] [1789244787.933801619] [move_group]: Loaded adapter 'default_planning_request_adapters/CheckStartStateBounds'
[move_group-2] [INFO] [1789244787.933807475] [move_group]: Try loading adapter 'default_planning_request_adapters/CheckStartStateCollision'
[move_group-2] [INFO] [1789244787.933818931] [move_group]: Loaded adapter 'default_planning_request_adapters/CheckStartStateCollision'
[move_group-2] [WARN] [1789244787.933824243] [move_group.moveit.moveit.ros.planning_pipeline]: No planning response adapter names specified.
[move_group-2] [INFO] [1789244787.935816442] [move_group.moveit.moveit.ros.planning_pipeline]: Successfully loaded planner 'STOMP'
[move_group-2] [INFO] [1789244787.936443741] [move_group]: Try loading adapter 'default_planning_request_adapters/ResolveConstraintFrames'
[move_group-2] [INFO] [1789244787.936520349] [move_group]: Loaded adapter 'default_planning_request_adapters/ResolveConstraintFrames'
[move_group-2] [INFO] [1789244787.936531389] [move_group]: Try loading adapter 'default_planning_request_adapters/ValidateWorkspaceBounds'
[move_group-2] [INFO] [1789244787.936668637] [move_group]: Loaded adapter 'default_planning_request_adapters/ValidateWorkspaceBounds'
[move_group-2] [INFO] [1789244787.936684573] [move_group]: Try loading adapter 'default_planning_request_adapters/CheckStartStateBounds'
[move_group-2] [INFO] [1789244787.936704573] [move_group]: Loaded adapter 'default_planning_request_adapters/CheckStartStateBounds'
[move_group-2] [INFO] [1789244787.936710398] [move_group]: Try loading adapter 'default_planning_request_adapters/CheckStartStateCollision'
[move_group-2] [INFO] [1789244787.936723518] [move_group]: Loaded adapter 'default_planning_request_adapters/CheckStartStateCollision'
[move_group-2] [INFO] [1789244787.937327648] [move_group]: Try loading adapter 'default_planning_response_adapters/AddTimeOptimalParameterization'
[move_group-2] [INFO] [1789244787.937626529] [move_group]: Loaded adapter 'default_planning_response_adapters/AddTimeOptimalParameterization'
[move_group-2] [INFO] [1789244787.937643041] [move_group]: Try loading adapter 'default_planning_response_adapters/ValidateSolution'
[move_group-2] [INFO] [1789244787.937848546] [move_group]: Loaded adapter 'default_planning_response_adapters/ValidateSolution'
[move_group-2] [INFO] [1789244787.937866818] [move_group]: Try loading adapter 'default_planning_response_adapters/DisplayMotionPath'
[move_group-2] [INFO] [1789244787.938016546] [move_group]: Loaded adapter 'default_planning_response_adapters/DisplayMotionPath'
[move_group-2] [INFO] [1789244787.965768806] [move_group.moveit.moveit.plugins.simple_controller_manager]: Added FollowJointTrajectory controller for panda_arm_controller
[move_group-2] [INFO] [1789244787.965826503] [move_group.moveit.moveit.plugins.simple_controller_manager]: panda_hand_controller will command a max effort of: 0
[move_group-2] [ERROR] [1789244787.967069323] [move_group.moveit.moveit.plugins.simple_controller_manager]: Parallel Gripper requires exactly two joints, 1 are specified
[move_group-2] [INFO] [1789244787.969026834] [move_group.moveit.moveit.plugins.simple_controller_manager]: Returned 1 controllers in list
[move_group-2] [INFO] [1789244787.969079506] [move_group.moveit.moveit.plugins.simple_controller_manager]: Returned 1 controllers in list
[move_group-2] [INFO] [1789244787.969480820] [move_group.moveit.moveit.ros.trajectory_execution_manager]: Trajectory execution is managing controllers
[move_group-2] [INFO] [1789244787.969508084] [move_group]: MoveGroup debug mode is ON
[move_group-2] [INFO] [1789244787.980808669] [move_group.moveit.moveit.planners.pilz.move_group_sequence_action]: initialize move group sequence action
[move_group-2] [INFO] [1789244787.982377602] [move_group.moveit.moveit.planners.pilz.joint_limits_aggregator]: Reading limits from namespace robot_description_planning
[move_group-2] [WARN] [1789244787.982429251] [move_group.moveit.moveit.planners.pilz.joint_limits_aggregator]: Multi-DOF-Joint 'virtual_joint' not supported.
[move_group-2] [WARN] [1789244787.982449027] [move_group.moveit.moveit.planners.pilz.joint_limits_aggregator]: Multi-DOF-Joint 'virtual_joint' not supported.
[move_group-2] [INFO] [1789244787.982606595] [move_group.moveit.moveit.planners.pilz.joint_limits_aggregator]: Reading limits from namespace robot_description_planning
[move_group-2] [WARN] [1789244787.982634211] [move_group.moveit.moveit.planners.pilz.joint_limits_aggregator]: Multi-DOF-Joint 'virtual_joint' not supported.
[move_group-2] [WARN] [1789244787.982649219] [move_group.moveit.moveit.planners.pilz.joint_limits_aggregator]: Multi-DOF-Joint 'virtual_joint' not supported.
[move_group-2] [INFO] [1789244787.983133029] [move_group.moveit.moveit.ros.move_group.executable]: 
[move_group-2] 
[move_group-2] ********************************************************
[move_group-2] * MoveGroup using: 
[move_group-2] *     - apply_planning_scene_service
[move_group-2] *     - clear_octomap_service
[move_group-2] *     - get_group_urdf
[move_group-2] *     - load_geometry_from_file
[move_group-2] *     - CartesianPathService
[move_group-2] *     - execute_trajectory_action
[move_group-2] *     - get_planning_scene_service
[move_group-2] *     - kinematics_service
[move_group-2] *     - move_action
[move_group-2] *     - motion_plan_service
[move_group-2] *     - query_planners_service
[move_group-2] *     - state_validation_service
[move_group-2] *     - save_geometry_to_file
[move_group-2] *     - SequenceAction
[move_group-2] *     - SequenceService
[move_group-2] ********************************************************
[move_group-2] 
[move_group-2] [INFO] [1789244787.983188517] [move_group.moveit.moveit.ros.move_group.context]: MoveGroup context using pipeline ompl
[move_group-2] [INFO] [1789244787.983201541] [move_group.moveit.moveit.ros.move_group.context]: MoveGroup context initialization complete
[move_group-2] [WARN] [1789244788.540459362] [move_group.moveit.moveit.ros.current_state_monitor]: Unable to update multi-DOF joint 'virtual_joint':Failure to lookup transform between 'world'and 'panda_link0' with TF exception: "world" passed to lookupTransform argument target_frame does not exist. 
[move_group-2] [WARN] [1789244791.284702265] [move_group.moveit.moveit.ros.planning_scene_monitor]: The complete state of the robot is not yet known.  Missing virtual_joint
[move_group-2] terminate called after throwing an instance of 'std::runtime_error'
[move_group-2]   what():  Box dimensions must be non-negative.
[move_group-2] Stack trace (most recent call last) in thread 1980:
[move_group-2] #22   Object "/usr/lib/aarch64-linux-gnu/ld-linux-aarch64.so.1", at 0xffffffffffffffff, in 
[move_group-2] #21   Object "/usr/lib/aarch64-linux-gnu/libc.so.6", at 0xeccc980dba0b, in 
[move_group-2] #20   Object "/usr/lib/aarch64-linux-gnu/libc.so.6", at 0xeccc9807582b, in 
[move_group-2] #19   Object "/usr/lib/aarch64-linux-gnu/libstdc++.so.6.0.33", at 0xeccc982d1adf, in 
[move_group-2] #18   Object "/opt/ros/jazzy/lib/librclcpp.so", at 0xeccc9863c21b, in rclcpp::executors::MultiThreadedExecutor::run(unsigned long)
[move_group-2] #17   Object "/opt/ros/jazzy/lib/librclcpp.so", at 0xeccc98608e33, in rclcpp::Executor::execute_any_executable(rclcpp::AnyExecutable&)
[move_group-2] #16   Object "/opt/ros/jazzy/lib/librclcpp.so", at 0xeccc98603ffb, in rclcpp::Executor::execute_service(std::shared_ptr<rclcpp::ServiceBase>)
[move_group-2] #15   Object "/opt/ros/jazzy/lib/librclcpp.so", at 0xeccc9870c567, in 
[move_group-2] #14   Object "/opt/ros/jazzy/lib/libmoveit_move_group_default_capabilities.so.2.12.4", at 0xeccc6c3955ff, in 
[move_group-2] #13   Object "/opt/ros/jazzy/lib/libmoveit_move_group_default_capabilities.so.2.12.4", at 0xeccc6c3948bf, in move_group::ApplyPlanningSceneService::applyScene(std::shared_ptr<rmw_request_id_s> const&, std::shared_ptr<moveit_msgs::srv::ApplyPlanningScene_Request_<std::allocator<void> > > const&, std::shared_ptr<moveit_msgs::srv::ApplyPlanningScene_Response_<std::allocator<void> > > const&)
[move_group-2] #12   Object "/opt/ros/jazzy/lib/libmoveit_planning_scene_monitor.so.2.12.4", at 0xeccc98985003, in planning_scene_monitor::PlanningSceneMonitor::newPlanningSceneMessage(moveit_msgs::msg::PlanningScene_<std::allocator<void> > const&)
[move_group-2] #11   Object "/opt/ros/jazzy/lib/libmoveit_planning_scene.so.2.12.4", at 0xeccc97ad65c7, in planning_scene::PlanningScene::setPlanningSceneDiffMsg(moveit_msgs::msg::PlanningScene_<std::allocator<void> > const&)
[move_group-2] #10   Object "/opt/ros/jazzy/lib/libmoveit_planning_scene.so.2.12.4", at 0xeccc97ade12b, in planning_scene::PlanningScene::processCollisionObjectAdd(moveit_msgs::msg::CollisionObject_<std::allocator<void> > const&)
[move_group-2] #9    Object "/opt/ros/jazzy/lib/libmoveit_planning_scene.so.2.12.4", at 0xeccc97adcef7, in planning_scene::PlanningScene::shapesAndPosesFromCollisionObjectMessage(moveit_msgs::msg::CollisionObject_<std::allocator<void> > const&, Eigen::Transform<double, 3, 1, 0>&, std::vector<std::shared_ptr<shapes::Shape const>, std::allocator<std::shared_ptr<shapes::Shape const> > >&, std::vector<Eigen::Transform<double, 3, 1, 0>, Eigen::aligned_allocator<Eigen::Transform<double, 3, 1, 0> > >&)
[move_group-2] #8    Object "/opt/ros/jazzy/lib/libgeometric_shapes.so.2.3.4", at 0xeccc9782c57f, in shapes::constructShapeFromMsg(shape_msgs::msg::SolidPrimitive_<std::allocator<void> > const&)
[move_group-2] #7    Object "/opt/ros/jazzy/lib/libgeometric_shapes.so.2.3.4", at 0xeccc978320ff, in shapes::Box::Box(double, double, double)
[move_group-2] #6    Object "/usr/lib/aarch64-linux-gnu/libstdc++.so.6.0.33", at 0xeccc9829a907, in __cxa_throw
[move_group-2] #5    Object "/usr/lib/aarch64-linux-gnu/libstdc++.so.6.0.33", at 0xeccc98290e03, in std::terminate()
[move_group-2] #4    Object "/usr/lib/aarch64-linux-gnu/libstdc++.so.6.0.33", at 0xeccc9829a56f, in 
[move_group-2] #3    Object "/usr/lib/aarch64-linux-gnu/libstdc++.so.6.0.33", at 0xeccc9829d4d7, in __gnu_cxx::__verbose_terminate_handler()
[move_group-2] #2    Object "/usr/lib/aarch64-linux-gnu/libc.so.6", at 0xeccc98017dff, in abort
[move_group-2] #1    Object "/usr/lib/aarch64-linux-gnu/libc.so.6", at 0xeccc9802cb3b, in raise
[move_group-2] #0    Object "/usr/lib/aarch64-linux-gnu/libc.so.6", at 0xeccc980774d8, in 
[move_group-2] Aborted (Signal sent by tkill() 1911 0)
[ERROR] [move_group-2]: process has died [pid 1911, exit code -6, cmd '/opt/ros/jazzy/lib/moveit_ros_move_group/move_group --ros-args --params-file /tmp/launch_params_92utr06l --params-file /tmp/launch_params_w7psfgoj --params-file /tmp/launch_params_38ogrib6 -r /panda_hand_controller/gripper_action:=/franka_gripper/gripper_action'].
[INFO] [move_group-2]: process started with pid [2081]
[move_group-2] [INFO] [1789244817.878643209] [move_group.moveit.moveit.ros.rdf_loader]: Loaded robot model in 0 seconds
[move_group-2] [INFO] [1789244817.878799466] [move_group.moveit.moveit.core.robot_model]: Loading robot model 'panda'...
[move_group-2] [WARN] [1789244817.884765183] [kdl_parser]: The root link panda_link0 has an inertia specified in the URDF, but KDL does not support a root link with an inertia.  As a workaround, you can add an extra dummy link to your URDF.
[move_group-2] [INFO] [1789244817.884854272] [move_group.moveit.moveit.kinematics.kdl_kinematics_plugin]: Joint weights for group 'panda_arm': 1 1 1 1 1 1 1
[move_group-2] [INFO] [1789244817.907748690] [move_group.moveit.moveit.ros.planning_scene_monitor]: Publishing maintained planning scene on 'monitored_planning_scene'
[move_group-2] [INFO] [1789244817.907959955] [move_group.moveit.moveit.ros.moveit_cpp]: Listening to 'joint_states' for joint states
[move_group-2] [INFO] [1789244817.908822198] [move_group.moveit.moveit.ros.current_state_monitor]: Listening to joint states on topic 'joint_states'
[move_group-2] [INFO] [1789244817.909123735] [move_group.moveit.moveit.ros.planning_scene_monitor]: Listening to '/attached_collision_object' for attached collision objects
[move_group-2] [INFO] [1789244817.909149272] [move_group.moveit.moveit.ros.planning_scene_monitor]: Stopping existing planning scene publisher.
[move_group-2] [INFO] [1789244817.909305976] [move_group.moveit.moveit.ros.planning_scene_monitor]: Stopped publishing maintained planning scene.
[move_group-2] [INFO] [1789244817.909576121] [move_group.moveit.moveit.ros.planning_scene_monitor]: Publishing maintained planning scene on 'monitored_planning_scene'
[move_group-2] [INFO] [1789244817.909680057] [move_group.moveit.moveit.ros.planning_scene_monitor]: Starting planning scene monitor
[move_group-2] [INFO] [1789244817.910206555] [move_group.moveit.moveit.ros.planning_scene_monitor]: Listening to '/planning_scene'
[move_group-2] [INFO] [1789244817.910230619] [move_group.moveit.moveit.ros.planning_scene_monitor]: Starting world geometry update monitor for collision objects, attached objects, octomap updates.
[move_group-2] [INFO] [1789244817.910474588] [move_group.moveit.moveit.ros.planning_scene_monitor]: Listening to 'collision_object'
[move_group-2] [INFO] [1789244817.910699805] [move_group.moveit.moveit.ros.planning_scene_monitor]: Listening to 'planning_scene_world' for planning scene world geometry
[move_group-2] [WARN] [1789244817.910850814] [move_group.moveit.moveit.ros.occupancy_map_monitor]: Resolution not specified for Octomap. Assuming resolution = 0.1 instead
[move_group-2] [ERROR] [1789244817.910873054] [move_group.moveit.moveit.ros.occupancy_map_monitor]: No 3D sensor plugin(s) defined for octomap updates
[move_group-2] [INFO] [1789244817.915428782] [move_group.moveit.moveit.ros.planning_pipeline]: Successfully loaded planner 'CHOMP'
[move_group-2] [INFO] [1789244817.916159729] [move_group]: Try loading adapter 'default_planning_request_adapters/ResolveConstraintFrames'
[move_group-2] [INFO] [1789244817.916737651] [move_group]: Loaded adapter 'default_planning_request_adapters/ResolveConstraintFrames'
[move_group-2] [INFO] [1789244817.916760947] [move_group]: Try loading adapter 'default_planning_request_adapters/ValidateWorkspaceBounds'
[move_group-2] [INFO] [1789244817.916929556] [move_group]: Loaded adapter 'default_planning_request_adapters/ValidateWorkspaceBounds'
[move_group-2] [INFO] [1789244817.916944788] [move_group]: Try loading adapter 'default_planning_request_adapters/CheckStartStateBounds'
[move_group-2] [INFO] [1789244817.916963604] [move_group]: Loaded adapter 'default_planning_request_adapters/CheckStartStateBounds'
[move_group-2] [INFO] [1789244817.916970484] [move_group]: Try loading adapter 'default_planning_request_adapters/CheckStartStateCollision'
[move_group-2] [INFO] [1789244817.916985300] [move_group]: Loaded adapter 'default_planning_request_adapters/CheckStartStateCollision'
[move_group-2] [INFO] [1789244817.917662166] [move_group]: Try loading adapter 'default_planning_response_adapters/AddTimeOptimalParameterization'
[move_group-2] [INFO] [1789244817.919228380] [move_group]: Loaded adapter 'default_planning_response_adapters/AddTimeOptimalParameterization'
[move_group-2] [INFO] [1789244817.930703269] [move_group.moveit.moveit.ros.planning_pipeline]: Successfully loaded planner 'OMPL'
[move_group-2] [INFO] [1789244817.931440104] [move_group]: Try loading adapter 'default_planning_request_adapters/ResolveConstraintFrames'
[move_group-2] [INFO] [1789244817.931524808] [move_group]: Loaded adapter 'default_planning_request_adapters/ResolveConstraintFrames'
[move_group-2] [INFO] [1789244817.931535272] [move_group]: Try loading adapter 'default_planning_request_adapters/ValidateWorkspaceBounds'
[move_group-2] [INFO] [1789244817.931689801] [move_group]: Loaded adapter 'default_planning_request_adapters/ValidateWorkspaceBounds'
[move_group-2] [INFO] [1789244817.931707497] [move_group]: Try loading adapter 'default_planning_request_adapters/CheckStartStateBounds'
[move_group-2] [INFO] [1789244817.931729257] [move_group]: Loaded adapter 'default_planning_request_adapters/CheckStartStateBounds'
[move_group-2] [INFO] [1789244817.931735881] [move_group]: Try loading adapter 'default_planning_request_adapters/CheckStartStateCollision'
[move_group-2] [INFO] [1789244817.931749897] [move_group]: Loaded adapter 'default_planning_request_adapters/CheckStartStateCollision'
[move_group-2] [INFO] [1789244817.932356587] [move_group]: Try loading adapter 'default_planning_response_adapters/AddTimeOptimalParameterization'
[move_group-2] [INFO] [1789244817.932601036] [move_group]: Loaded adapter 'default_planning_response_adapters/AddTimeOptimalParameterization'
[move_group-2] [INFO] [1789244817.932617676] [move_group]: Try loading adapter 'default_planning_response_adapters/ValidateSolution'
[move_group-2] [INFO] [1789244817.934257618] [move_group]: Loaded adapter 'default_planning_response_adapters/ValidateSolution'
[move_group-2] [INFO] [1789244817.934284850] [move_group]: Try loading adapter 'default_planning_response_adapters/DisplayMotionPath'
[move_group-2] [INFO] [1789244817.934639060] [move_group]: Loaded adapter 'default_planning_response_adapters/DisplayMotionPath'
[move_group-2] [INFO] [1789244817.936492122] [move_group.moveit.moveit.planners.pilz.joint_limits_aggregator]: Reading limits from namespace robot_description_planning
[move_group-2] [WARN] [1789244817.937070460] [move_group.moveit.moveit.planners.pilz.joint_limits_aggregator]: Multi-DOF-Joint 'virtual_joint' not supported.
[move_group-2] [WARN] [1789244817.937112188] [move_group.moveit.moveit.planners.pilz.joint_limits_aggregator]: Multi-DOF-Joint 'virtual_joint' not supported.
[move_group-2] [INFO] [1789244817.940119047] [move_group.moveit.moveit.planners.pilz.command_planner]: Available plugins: pilz_industrial_motion_planner/PlanningContextLoaderCIRC pilz_industrial_motion_planner/PlanningContextLoaderLIN pilz_industrial_motion_planner/PlanningContextLoaderPTP 
[move_group-2] [INFO] [1789244817.940157831] [move_group.moveit.moveit.planners.pilz.command_planner]: About to load: pilz_industrial_motion_planner/PlanningContextLoaderCIRC
[move_group-2] [INFO] [1789244817.941147979] [move_group.moveit.moveit.planners.pilz.command_planner]: Registered Algorithm [CIRC]
[move_group-2] [INFO] [1789244817.941188907] [move_group.moveit.moveit.planners.pilz.command_planner]: About to load: pilz_industrial_motion_planner/PlanningContextLoaderLIN
[move_group-2] [INFO] [1789244817.941814253] [move_group.moveit.moveit.planners.pilz.command_planner]: Registered Algorithm [LIN]
[move_group-2] [INFO] [1789244817.941849102] [move_group.moveit.moveit.planners.pilz.command_planner]: About to load: pilz_industrial_motion_planner/PlanningContextLoaderPTP
[move_group-2] [INFO] [1789244817.942440560] [move_group.moveit.moveit.planners.pilz.command_planner]: Registered Algorithm [PTP]
[move_group-2] [INFO] [1789244817.942475984] [move_group.moveit.moveit.ros.planning_pipeline]: Successfully loaded planner 'Pilz Industrial Motion Planner'
[move_group-2] [INFO] [1789244817.943214611] [move_group]: Try loading adapter 'default_planning_request_adapters/ValidateWorkspaceBounds'
[move_group-2] [INFO] [1789244817.943472755] [move_group]: Loaded adapter 'default_planning_request_adapters/ValidateWorkspaceBounds'
[move_group-2] [INFO] [1789244817.943490836] [move_group]: Try loading adapter 'default_planning_request_adapters/CheckStartStateBounds'
[move_group-2] [INFO] [1789244817.943512308] [move_group]: Loaded adapter 'default_planning_request_adapters/CheckStartStateBounds'
[move_group-2] [INFO] [1789244817.943519252] [move_group]: Try loading adapter 'default_planning_request_adapters/CheckStartStateCollision'
[move_group-2] [INFO] [1789244817.943533620] [move_group]: Loaded adapter 'default_planning_request_adapters/CheckStartStateCollision'
[move_group-2] [WARN] [1789244817.943540084] [move_group.moveit.moveit.ros.planning_pipeline]: No planning response adapter names specified.
[move_group-2] [INFO] [1789244817.945895996] [move_group.moveit.moveit.ros.planning_pipeline]: Successfully loaded planner 'STOMP'
[move_group-2] [INFO] [1789244817.946608863] [move_group]: Try loading adapter 'default_planning_request_adapters/ResolveConstraintFrames'
[move_group-2] [INFO] [1789244817.946694847] [move_group]: Loaded adapter 'default_planning_request_adapters/ResolveConstraintFrames'
[move_group-2] [INFO] [1789244817.946705343] [move_group]: Try loading adapter 'default_planning_request_adapters/ValidateWorkspaceBounds'
[move_group-2] [INFO] [1789244817.946855424] [move_group]: Loaded adapter 'default_planning_request_adapters/ValidateWorkspaceBounds'
[move_group-2] [INFO] [1789244817.946869568] [move_group]: Try loading adapter 'default_planning_request_adapters/CheckStartStateBounds'
[move_group-2] [INFO] [1789244817.946889696] [move_group]: Loaded adapter 'default_planning_request_adapters/CheckStartStateBounds'
[move_group-2] [INFO] [1789244817.946895872] [move_group]: Try loading adapter 'default_planning_request_adapters/CheckStartStateCollision'
[move_group-2] [INFO] [1789244817.946908448] [move_group]: Loaded adapter 'default_planning_request_adapters/CheckStartStateCollision'
[move_group-2] [INFO] [1789244817.947548066] [move_group]: Try loading adapter 'default_planning_response_adapters/AddTimeOptimalParameterization'
[move_group-2] [INFO] [1789244817.947863491] [move_group]: Loaded adapter 'default_planning_response_adapters/AddTimeOptimalParameterization'
[move_group-2] [INFO] [1789244817.947880995] [move_group]: Try loading adapter 'default_planning_response_adapters/ValidateSolution'
[move_group-2] [INFO] [1789244817.948193476] [move_group]: Loaded adapter 'default_planning_response_adapters/ValidateSolution'
[move_group-2] [INFO] [1789244817.948209285] [move_group]: Try loading adapter 'default_planning_response_adapters/DisplayMotionPath'
[move_group-2] [INFO] [1789244817.948372837] [move_group]: Loaded adapter 'default_planning_response_adapters/DisplayMotionPath'
[move_group-2] [INFO] [1789244817.977852912] [move_group.moveit.moveit.plugins.simple_controller_manager]: Added FollowJointTrajectory controller for panda_arm_controller
[move_group-2] [INFO] [1789244817.977922704] [move_group.moveit.moveit.plugins.simple_controller_manager]: panda_hand_controller will command a max effort of: 0
[move_group-2] [ERROR] [1789244817.979271285] [move_group.moveit.moveit.plugins.simple_controller_manager]: Parallel Gripper requires exactly two joints, 1 are specified
[move_group-2] [INFO] [1789244817.981394172] [move_group.moveit.moveit.plugins.simple_controller_manager]: Returned 1 controllers in list
[move_group-2] [INFO] [1789244817.981441757] [move_group.moveit.moveit.plugins.simple_controller_manager]: Returned 1 controllers in list
[move_group-2] [INFO] [1789244817.981855134] [move_group.moveit.moveit.ros.trajectory_execution_manager]: Trajectory execution is managing controllers
[move_group-2] [INFO] [1789244817.981885822] [move_group]: MoveGroup debug mode is ON
[move_group-2] [INFO] [1789244817.994245707] [move_group.moveit.moveit.planners.pilz.move_group_sequence_action]: initialize move group sequence action
[move_group-2] [INFO] [1789244817.995937649] [move_group.moveit.moveit.planners.pilz.joint_limits_aggregator]: Reading limits from namespace robot_description_planning
[move_group-2] [WARN] [1789244817.995996401] [move_group.moveit.moveit.planners.pilz.joint_limits_aggregator]: Multi-DOF-Joint 'virtual_joint' not supported.
[move_group-2] [WARN] [1789244817.996022769] [move_group.moveit.moveit.planners.pilz.joint_limits_aggregator]: Multi-DOF-Joint 'virtual_joint' not supported.
[move_group-2] [INFO] [1789244817.996211218] [move_group.moveit.moveit.planners.pilz.joint_limits_aggregator]: Reading limits from namespace robot_description_planning
[move_group-2] [WARN] [1789244817.996241234] [move_group.moveit.moveit.planners.pilz.joint_limits_aggregator]: Multi-DOF-Joint 'virtual_joint' not supported.
[move_group-2] [WARN] [1789244817.996254738] [move_group.moveit.moveit.planners.pilz.joint_limits_aggregator]: Multi-DOF-Joint 'virtual_joint' not supported.
[move_group-2] [INFO] [1789244817.996752276] [move_group.moveit.moveit.ros.move_group.executable]: 
[move_group-2] 
[move_group-2] ********************************************************
[move_group-2] * MoveGroup using: 
[move_group-2] *     - apply_planning_scene_service
[move_group-2] *     - clear_octomap_service
[move_group-2] *     - get_group_urdf
[move_group-2] *     - load_geometry_from_file
[move_group-2] *     - CartesianPathService
[move_group-2] *     - execute_trajectory_action
[move_group-2] *     - get_planning_scene_service
[move_group-2] *     - kinematics_service
[move_group-2] *     - move_action
[move_group-2] *     - motion_plan_service
[move_group-2] *     - query_planners_service
[move_group-2] *     - state_validation_service
[move_group-2] *     - save_geometry_to_file
[move_group-2] *     - SequenceAction
[move_group-2] *     - SequenceService
[move_group-2] ********************************************************
[move_group-2] 
[move_group-2] [INFO] [1789244817.996819348] [move_group.moveit.moveit.ros.move_group.context]: MoveGroup context using pipeline ompl
[move_group-2] [INFO] [1789244817.996832404] [move_group.moveit.moveit.ros.move_group.context]: MoveGroup context initialization complete
[move_group-2] [WARN] [1789244818.543127209] [move_group.moveit.moveit.ros.current_state_monitor]: Unable to update multi-DOF joint 'virtual_joint':Failure to lookup transform between 'world'and 'panda_link0' with TF exception: "world" passed to lookupTransform argument target_frame does not exist. 
[move_group-2] [WARN] [1789244821.285077144] [move_group.moveit.moveit.ros.planning_scene_monitor]: The complete state of the robot is not yet known.  Missing virtual_joint
[move_group-2] terminate called after throwing an instance of 'std::runtime_error'
[move_group-2]   what():  Box dimensions must be non-negative.
[move_group-2] Stack trace (most recent call last) in thread 2163:
[move_group-2] #22   Object "/usr/lib/aarch64-linux-gnu/ld-linux-aarch64.so.1", at 0xffffffffffffffff, in 
[move_group-2] #21   Object "/usr/lib/aarch64-linux-gnu/libc.so.6", at 0xe876185fba0b, in 
[move_group-2] #20   Object "/usr/lib/aarch64-linux-gnu/libc.so.6", at 0xe8761859582b, in 
[move_group-2] #19   Object "/usr/lib/aarch64-linux-gnu/libstdc++.so.6.0.33", at 0xe876187f1adf, in 
[move_group-2] #18   Object "/opt/ros/jazzy/lib/librclcpp.so", at 0xe87618b5c21b, in rclcpp::executors::MultiThreadedExecutor::run(unsigned long)
[move_group-2] #17   Object "/opt/ros/jazzy/lib/librclcpp.so", at 0xe87618b28e33, in rclcpp::Executor::execute_any_executable(rclcpp::AnyExecutable&)
[move_group-2] #16   Object "/opt/ros/jazzy/lib/librclcpp.so", at 0xe87618b23ffb, in rclcpp::Executor::execute_service(std::shared_ptr<rclcpp::ServiceBase>)
[move_group-2] #15   Object "/opt/ros/jazzy/lib/librclcpp.so", at 0xe87618c2c567, in 
[move_group-2] #14   Object "/opt/ros/jazzy/lib/libmoveit_move_group_default_capabilities.so.2.12.4", at 0xe875e48c55ff, in 
[move_group-2] #13   Object "/opt/ros/jazzy/lib/libmoveit_move_group_default_capabilities.so.2.12.4", at 0xe875e48c48bf, in move_group::ApplyPlanningSceneService::applyScene(std::shared_ptr<rmw_request_id_s> const&, std::shared_ptr<moveit_msgs::srv::ApplyPlanningScene_Request_<std::allocator<void> > > const&, std::shared_ptr<moveit_msgs::srv::ApplyPlanningScene_Response_<std::allocator<void> > > const&)
[move_group-2] #12   Object "/opt/ros/jazzy/lib/libmoveit_planning_scene_monitor.so.2.12.4", at 0xe87618ea5003, in planning_scene_monitor::PlanningSceneMonitor::newPlanningSceneMessage(moveit_msgs::msg::PlanningScene_<std::allocator<void> > const&)
[move_group-2] #11   Object "/opt/ros/jazzy/lib/libmoveit_planning_scene.so.2.12.4", at 0xe87617ff65c7, in planning_scene::PlanningScene::setPlanningSceneDiffMsg(moveit_msgs::msg::PlanningScene_<std::allocator<void> > const&)
[move_group-2] #10   Object "/opt/ros/jazzy/lib/libmoveit_planning_scene.so.2.12.4", at 0xe87617ffe12b, in planning_scene::PlanningScene::processCollisionObjectAdd(moveit_msgs::msg::CollisionObject_<std::allocator<void> > const&)
[move_group-2] #9    Object "/opt/ros/jazzy/lib/libmoveit_planning_scene.so.2.12.4", at 0xe87617ffcef7, in planning_scene::PlanningScene::shapesAndPosesFromCollisionObjectMessage(moveit_msgs::msg::CollisionObject_<std::allocator<void> > const&, Eigen::Transform<double, 3, 1, 0>&, std::vector<std::shared_ptr<shapes::Shape const>, std::allocator<std::shared_ptr<shapes::Shape const> > >&, std::vector<Eigen::Transform<double, 3, 1, 0>, Eigen::aligned_allocator<Eigen::Transform<double, 3, 1, 0> > >&)
[move_group-2] #8    Object "/opt/ros/jazzy/lib/libgeometric_shapes.so.2.3.4", at 0xe87617d4c57f, in shapes::constructShapeFromMsg(shape_msgs::msg::SolidPrimitive_<std::allocator<void> > const&)
[move_group-2] #7    Object "/opt/ros/jazzy/lib/libgeometric_shapes.so.2.3.4", at 0xe87617d520ff, in shapes::Box::Box(double, double, double)
[move_group-2] #6    Object "/usr/lib/aarch64-linux-gnu/libstdc++.so.6.0.33", at 0xe876187ba907, in __cxa_throw
[move_group-2] #5    Object "/usr/lib/aarch64-linux-gnu/libstdc++.so.6.0.33", at 0xe876187b0e03, in std::terminate()
[move_group-2] #4    Object "/usr/lib/aarch64-linux-gnu/libstdc++.so.6.0.33", at 0xe876187ba56f, in 
[move_group-2] #3    Object "/usr/lib/aarch64-linux-gnu/libstdc++.so.6.0.33", at 0xe876187bd4d7, in __gnu_cxx::__verbose_terminate_handler()
[move_group-2] #2    Object "/usr/lib/aarch64-linux-gnu/libc.so.6", at 0xe87618537dff, in abort
[move_group-2] #1    Object "/usr/lib/aarch64-linux-gnu/libc.so.6", at 0xe8761854cb3b, in raise
[move_group-2] #0    Object "/usr/lib/aarch64-linux-gnu/libc.so.6", at 0xe876185974d8, in 
[move_group-2] Aborted (Signal sent by tkill() 2081 0)
[ERROR] [move_group-2]: process has died [pid 2081, exit code -6, cmd '/opt/ros/jazzy/lib/moveit_ros_move_group/move_group --ros-args --params-file /tmp/launch_params_92utr06l --params-file /tmp/launch_params_w7psfgoj --params-file /tmp/launch_params_38ogrib6 -r /panda_hand_controller/gripper_action:=/franka_gripper/gripper_action'].
[INFO] [move_group-2]: process started with pid [2251]
[move_group-2] [INFO] [1789244848.152317315] [move_group.moveit.moveit.ros.rdf_loader]: Loaded robot model in 0 seconds
[move_group-2] [INFO] [1789244848.152510980] [move_group.moveit.moveit.core.robot_model]: Loading robot model 'panda'...
[move_group-2] [WARN] [1789244848.158740026] [kdl_parser]: The root link panda_link0 has an inertia specified in the URDF, but KDL does not support a root link with an inertia.  As a workaround, you can add an extra dummy link to your URDF.
[move_group-2] [INFO] [1789244848.158845947] [move_group.moveit.moveit.kinematics.kdl_kinematics_plugin]: Joint weights for group 'panda_arm': 1 1 1 1 1 1 1
[move_group-2] [INFO] [1789244848.182780625] [move_group.moveit.moveit.ros.planning_scene_monitor]: Publishing maintained planning scene on 'monitored_planning_scene'
[move_group-2] [INFO] [1789244848.183071986] [move_group.moveit.moveit.ros.moveit_cpp]: Listening to 'joint_states' for joint states
[move_group-2] [INFO] [1789244848.184009462] [move_group.moveit.moveit.ros.current_state_monitor]: Listening to joint states on topic 'joint_states'
[move_group-2] [INFO] [1789244848.184333463] [move_group.moveit.moveit.ros.planning_scene_monitor]: Listening to '/attached_collision_object' for attached collision objects
[move_group-2] [INFO] [1789244848.184357623] [move_group.moveit.moveit.ros.planning_scene_monitor]: Stopping existing planning scene publisher.
[move_group-2] [INFO] [1789244848.184709208] [move_group.moveit.moveit.ros.planning_scene_monitor]: Stopped publishing maintained planning scene.
[move_group-2] [INFO] [1789244848.185634204] [move_group.moveit.moveit.ros.planning_scene_monitor]: Publishing maintained planning scene on 'monitored_planning_scene'
[move_group-2] [INFO] [1789244848.185814812] [move_group.moveit.moveit.ros.planning_scene_monitor]: Starting planning scene monitor
[move_group-2] [INFO] [1789244848.187004865] [move_group.moveit.moveit.ros.planning_scene_monitor]: Listening to '/planning_scene'
[move_group-2] [INFO] [1789244848.187045505] [move_group.moveit.moveit.ros.planning_scene_monitor]: Starting world geometry update monitor for collision objects, attached objects, octomap updates.
[move_group-2] [INFO] [1789244848.187619107] [move_group.moveit.moveit.ros.planning_scene_monitor]: Listening to 'collision_object'
[move_group-2] [INFO] [1789244848.188129125] [move_group.moveit.moveit.ros.planning_scene_monitor]: Listening to 'planning_scene_world' for planning scene world geometry
[move_group-2] [WARN] [1789244848.188359877] [move_group.moveit.moveit.ros.occupancy_map_monitor]: Resolution not specified for Octomap. Assuming resolution = 0.1 instead
[move_group-2] [ERROR] [1789244848.188395846] [move_group.moveit.moveit.ros.occupancy_map_monitor]: No 3D sensor plugin(s) defined for octomap updates
[move_group-2] [INFO] [1789244848.194670524] [move_group.moveit.moveit.ros.planning_pipeline]: Successfully loaded planner 'CHOMP'
[move_group-2] [INFO] [1789244848.195444927] [move_group]: Try loading adapter 'default_planning_request_adapters/ResolveConstraintFrames'
[move_group-2] [INFO] [1789244848.196147778] [move_group]: Loaded adapter 'default_planning_request_adapters/ResolveConstraintFrames'
[move_group-2] [INFO] [1789244848.196187394] [move_group]: Try loading adapter 'default_planning_request_adapters/ValidateWorkspaceBounds'
[move_group-2] [INFO] [1789244848.196390946] [move_group]: Loaded adapter 'default_planning_request_adapters/ValidateWorkspaceBounds'
[move_group-2] [INFO] [1789244848.196411171] [move_group]: Try loading adapter 'default_planning_request_adapters/CheckStartStateBounds'
[move_group-2] [INFO] [1789244848.196435779] [move_group]: Loaded adapter 'default_planning_request_adapters/CheckStartStateBounds'
[move_group-2] [INFO] [1789244848.196444259] [move_group]: Try loading adapter 'default_planning_request_adapters/CheckStartStateCollision'
[move_group-2] [INFO] [1789244848.196464739] [move_group]: Loaded adapter 'default_planning_request_adapters/CheckStartStateCollision'
[move_group-2] [INFO] [1789244848.197153829] [move_group]: Try loading adapter 'default_planning_response_adapters/AddTimeOptimalParameterization'
[move_group-2] [INFO] [1789244848.198881451] [move_group]: Loaded adapter 'default_planning_response_adapters/AddTimeOptimalParameterization'
[move_group-2] [INFO] [1789244848.210578262] [move_group.moveit.moveit.ros.planning_pipeline]: Successfully loaded planner 'OMPL'
[move_group-2] [INFO] [1789244848.211376441] [move_group]: Try loading adapter 'default_planning_request_adapters/ResolveConstraintFrames'
[move_group-2] [INFO] [1789244848.211494393] [move_group]: Loaded adapter 'default_planning_request_adapters/ResolveConstraintFrames'
[move_group-2] [INFO] [1789244848.211510553] [move_group]: Try loading adapter 'default_planning_request_adapters/ValidateWorkspaceBounds'
[move_group-2] [INFO] [1789244848.211760762] [move_group]: Loaded adapter 'default_planning_request_adapters/ValidateWorkspaceBounds'
[move_group-2] [INFO] [1789244848.211784602] [move_group]: Try loading adapter 'default_planning_request_adapters/CheckStartStateBounds'
[move_group-2] [INFO] [1789244848.211813338] [move_group]: Loaded adapter 'default_planning_request_adapters/CheckStartStateBounds'
[move_group-2] [INFO] [1789244848.211820090] [move_group]: Try loading adapter 'default_planning_request_adapters/CheckStartStateCollision'
[move_group-2] [INFO] [1789244848.211834586] [move_group]: Loaded adapter 'default_planning_request_adapters/CheckStartStateCollision'
[move_group-2] [INFO] [1789244848.212491453] [move_group]: Try loading adapter 'default_planning_response_adapters/AddTimeOptimalParameterization'
[move_group-2] [INFO] [1789244848.212946494] [move_group]: Loaded adapter 'default_planning_response_adapters/AddTimeOptimalParameterization'
[move_group-2] [INFO] [1789244848.212973438] [move_group]: Try loading adapter 'default_planning_response_adapters/ValidateSolution'
[move_group-2] [INFO] [1789244848.215110982] [move_group]: Loaded adapter 'default_planning_response_adapters/ValidateSolution'
[move_group-2] [INFO] [1789244848.215156934] [move_group]: Try loading adapter 'default_planning_response_adapters/DisplayMotionPath'
[move_group-2] [INFO] [1789244848.215778088] [move_group]: Loaded adapter 'default_planning_response_adapters/DisplayMotionPath'
[move_group-2] [INFO] [1789244848.217985904] [move_group.moveit.moveit.planners.pilz.joint_limits_aggregator]: Reading limits from namespace robot_description_planning
[move_group-2] [WARN] [1789244848.218897652] [move_group.moveit.moveit.planners.pilz.joint_limits_aggregator]: Multi-DOF-Joint 'virtual_joint' not supported.
[move_group-2] [WARN] [1789244848.218945716] [move_group.moveit.moveit.planners.pilz.joint_limits_aggregator]: Multi-DOF-Joint 'virtual_joint' not supported.
[move_group-2] [INFO] [1789244848.223012547] [move_group.moveit.moveit.planners.pilz.command_planner]: Available plugins: pilz_industrial_motion_planner/PlanningContextLoaderCIRC pilz_industrial_motion_planner/PlanningContextLoaderLIN pilz_industrial_motion_planner/PlanningContextLoaderPTP 
[move_group-2] [INFO] [1789244848.223090051] [move_group.moveit.moveit.planners.pilz.command_planner]: About to load: pilz_industrial_motion_planner/PlanningContextLoaderCIRC
[move_group-2] [INFO] [1789244848.224186727] [move_group.moveit.moveit.planners.pilz.command_planner]: Registered Algorithm [CIRC]
[move_group-2] [INFO] [1789244848.224226087] [move_group.moveit.moveit.planners.pilz.command_planner]: About to load: pilz_industrial_motion_planner/PlanningContextLoaderLIN
[move_group-2] [INFO] [1789244848.224890729] [move_group.moveit.moveit.planners.pilz.command_planner]: Registered Algorithm [LIN]
[move_group-2] [INFO] [1789244848.224928713] [move_group.moveit.moveit.planners.pilz.command_planner]: About to load: pilz_industrial_motion_planner/PlanningContextLoaderPTP
[move_group-2] [INFO] [1789244848.225569804] [move_group.moveit.moveit.planners.pilz.command_planner]: Registered Algorithm [PTP]
[move_group-2] [INFO] [1789244848.225609132] [move_group.moveit.moveit.ros.planning_pipeline]: Successfully loaded planner 'Pilz Industrial Motion Planner'
[move_group-2] [INFO] [1789244848.226347343] [move_group]: Try loading adapter 'default_planning_request_adapters/ValidateWorkspaceBounds'
[move_group-2] [INFO] [1789244848.226645136] [move_group]: Loaded adapter 'default_planning_request_adapters/ValidateWorkspaceBounds'
[move_group-2] [INFO] [1789244848.226669360] [move_group]: Try loading adapter 'default_planning_request_adapters/CheckStartStateBounds'
[move_group-2] [INFO] [1789244848.226695440] [move_group]: Loaded adapter 'default_planning_request_adapters/CheckStartStateBounds'
[move_group-2] [INFO] [1789244848.226701872] [move_group]: Try loading adapter 'default_planning_request_adapters/CheckStartStateCollision'
[move_group-2] [INFO] [1789244848.226713968] [move_group]: Loaded adapter 'default_planning_request_adapters/CheckStartStateCollision'
[move_group-2] [WARN] [1789244848.226720432] [move_group.moveit.moveit.ros.planning_pipeline]: No planning response adapter names specified.
[move_group-2] [INFO] [1789244848.229235801] [move_group.moveit.moveit.ros.planning_pipeline]: Successfully loaded planner 'STOMP'
[move_group-2] [INFO] [1789244848.229911036] [move_group]: Try loading adapter 'default_planning_request_adapters/ResolveConstraintFrames'
[move_group-2] [INFO] [1789244848.229997436] [move_group]: Loaded adapter 'default_planning_request_adapters/ResolveConstraintFrames'
[move_group-2] [INFO] [1789244848.230011164] [move_group]: Try loading adapter 'default_planning_request_adapters/ValidateWorkspaceBounds'
[move_group-2] [INFO] [1789244848.230212925] [move_group]: Loaded adapter 'default_planning_request_adapters/ValidateWorkspaceBounds'
[move_group-2] [INFO] [1789244848.230235581] [move_group]: Try loading adapter 'default_planning_request_adapters/CheckStartStateBounds'
[move_group-2] [INFO] [1789244848.230260701] [move_group]: Loaded adapter 'default_planning_request_adapters/CheckStartStateBounds'
[move_group-2] [INFO] [1789244848.230267773] [move_group]: Try loading adapter 'default_planning_request_adapters/CheckStartStateCollision'
[move_group-2] [INFO] [1789244848.230281149] [move_group]: Loaded adapter 'default_planning_request_adapters/CheckStartStateCollision'
[move_group-2] [INFO] [1789244848.230905439] [move_group]: Try loading adapter 'default_planning_response_adapters/AddTimeOptimalParameterization'
[move_group-2] [INFO] [1789244848.231347713] [move_group]: Loaded adapter 'default_planning_response_adapters/AddTimeOptimalParameterization'
[move_group-2] [INFO] [1789244848.231373633] [move_group]: Try loading adapter 'default_planning_response_adapters/ValidateSolution'
[move_group-2] [INFO] [1789244848.231718530] [move_group]: Loaded adapter 'default_planning_response_adapters/ValidateSolution'
[move_group-2] [INFO] [1789244848.231742818] [move_group]: Try loading adapter 'default_planning_response_adapters/DisplayMotionPath'
[move_group-2] [INFO] [1789244848.231999491] [move_group]: Loaded adapter 'default_planning_response_adapters/DisplayMotionPath'
[move_group-2] [INFO] [1789244848.274761629] [move_group.moveit.moveit.plugins.simple_controller_manager]: Added FollowJointTrajectory controller for panda_arm_controller
[move_group-2] [INFO] [1789244848.274853374] [move_group.moveit.moveit.plugins.simple_controller_manager]: panda_hand_controller will command a max effort of: 0
[move_group-2] [ERROR] [1789244848.277490503] [move_group.moveit.moveit.plugins.simple_controller_manager]: Parallel Gripper requires exactly two joints, 1 are specified
[move_group-2] [INFO] [1789244848.280788371] [move_group.moveit.moveit.plugins.simple_controller_manager]: Returned 1 controllers in list
[move_group-2] [INFO] [1789244848.280845075] [move_group.moveit.moveit.plugins.simple_controller_manager]: Returned 1 controllers in list
[move_group-2] [INFO] [1789244848.281519894] [move_group.moveit.moveit.ros.trajectory_execution_manager]: Trajectory execution is managing controllers
[move_group-2] [INFO] [1789244848.281564246] [move_group]: MoveGroup debug mode is ON
[move_group-2] [INFO] [1789244848.301991872] [move_group.moveit.moveit.planners.pilz.move_group_sequence_action]: initialize move group sequence action
[move_group-2] [INFO] [1789244848.305155115] [move_group.moveit.moveit.planners.pilz.joint_limits_aggregator]: Reading limits from namespace robot_description_planning
[move_group-2] [WARN] [1789244848.305224843] [move_group.moveit.moveit.planners.pilz.joint_limits_aggregator]: Multi-DOF-Joint 'virtual_joint' not supported.
[move_group-2] [WARN] [1789244848.305247084] [move_group.moveit.moveit.planners.pilz.joint_limits_aggregator]: Multi-DOF-Joint 'virtual_joint' not supported.
[move_group-2] [INFO] [1789244848.305441164] [move_group.moveit.moveit.planners.pilz.joint_limits_aggregator]: Reading limits from namespace robot_description_planning
[move_group-2] [WARN] [1789244848.305478188] [move_group.moveit.moveit.planners.pilz.joint_limits_aggregator]: Multi-DOF-Joint 'virtual_joint' not supported.
[move_group-2] [WARN] [1789244848.305493900] [move_group.moveit.moveit.planners.pilz.joint_limits_aggregator]: Multi-DOF-Joint 'virtual_joint' not supported.
[move_group-2] [INFO] [1789244848.306426064] [move_group.moveit.moveit.ros.move_group.executable]: 
[move_group-2] 
[move_group-2] ********************************************************
[move_group-2] * MoveGroup using: 
[move_group-2] *     - apply_planning_scene_service
[move_group-2] *     - clear_octomap_service
[move_group-2] *     - get_group_urdf
[move_group-2] *     - load_geometry_from_file
[move_group-2] *     - CartesianPathService
[move_group-2] *     - execute_trajectory_action
[move_group-2] *     - get_planning_scene_service
[move_group-2] *     - kinematics_service
[move_group-2] *     - move_action
[move_group-2] *     - motion_plan_service
[move_group-2] *     - query_planners_service
[move_group-2] *     - state_validation_service
[move_group-2] *     - save_geometry_to_file
[move_group-2] *     - SequenceAction
[move_group-2] *     - SequenceService
[move_group-2] ********************************************************
[move_group-2] 
[move_group-2] [INFO] [1789244848.306499952] [move_group.moveit.moveit.ros.move_group.context]: MoveGroup context using pipeline ompl
[move_group-2] [INFO] [1789244848.306515088] [move_group.moveit.moveit.ros.move_group.context]: MoveGroup context initialization complete
[move_group-2] [WARN] [1789244848.543924746] [move_group.moveit.moveit.ros.current_state_monitor]: Unable to update multi-DOF joint 'virtual_joint':Failure to lookup transform between 'world'and 'panda_link0' with TF exception: "world" passed to lookupTransform argument target_frame does not exist. 
[move_group-2] [WARN] [1789244851.285754936] [move_group.moveit.moveit.ros.planning_scene_monitor]: The complete state of the robot is not yet known.  Missing virtual_joint
[move_group-2] terminate called after throwing an instance of 'std::runtime_error'
[move_group-2]   what():  Box dimensions must be non-negative.
[move_group-2] Stack trace (most recent call last) in thread 2290:
[move_group-2] #22   Object "/usr/lib/aarch64-linux-gnu/ld-linux-aarch64.so.1", at 0xffffffffffffffff, in 
[move_group-2] #21   Object "/usr/lib/aarch64-linux-gnu/libc.so.6", at 0xfa834ababa0b, in 
[move_group-2] #20   Object "/usr/lib/aarch64-linux-gnu/libc.so.6", at 0xfa834ab4582b, in 
[move_group-2] #19   Object "/usr/lib/aarch64-linux-gnu/libstdc++.so.6.0.33", at 0xfa834ada1adf, in 
[move_group-2] #18   Object "/opt/ros/jazzy/lib/librclcpp.so", at 0xfa834b10c21b, in rclcpp::executors::MultiThreadedExecutor::run(unsigned long)
[move_group-2] #17   Object "/opt/ros/jazzy/lib/librclcpp.so", at 0xfa834b0d8e33, in rclcpp::Executor::execute_any_executable(rclcpp::AnyExecutable&)
[move_group-2] #16   Object "/opt/ros/jazzy/lib/librclcpp.so", at 0xfa834b0d3ffb, in rclcpp::Executor::execute_service(std::shared_ptr<rclcpp::ServiceBase>)
[move_group-2] #15   Object "/opt/ros/jazzy/lib/librclcpp.so", at 0xfa834b1dc567, in 
[move_group-2] #14   Object "/opt/ros/jazzy/lib/libmoveit_move_group_default_capabilities.so.2.12.4", at 0xfa830eda55ff, in 
[move_group-2] #13   Object "/opt/ros/jazzy/lib/libmoveit_move_group_default_capabilities.so.2.12.4", at 0xfa830eda48bf, in move_group::ApplyPlanningSceneService::applyScene(std::shared_ptr<rmw_request_id_s> const&, std::shared_ptr<moveit_msgs::srv::ApplyPlanningScene_Request_<std::allocator<void> > > const&, std::shared_ptr<moveit_msgs::srv::ApplyPlanningScene_Response_<std::allocator<void> > > const&)
[move_group-2] #12   Object "/opt/ros/jazzy/lib/libmoveit_planning_scene_monitor.so.2.12.4", at 0xfa834b455003, in planning_scene_monitor::PlanningSceneMonitor::newPlanningSceneMessage(moveit_msgs::msg::PlanningScene_<std::allocator<void> > const&)
[move_group-2] #11   Object "/opt/ros/jazzy/lib/libmoveit_planning_scene.so.2.12.4", at 0xfa834a5a65c7, in planning_scene::PlanningScene::setPlanningSceneDiffMsg(moveit_msgs::msg::PlanningScene_<std::allocator<void> > const&)
[move_group-2] #10   Object "/opt/ros/jazzy/lib/libmoveit_planning_scene.so.2.12.4", at 0xfa834a5ae12b, in planning_scene::PlanningScene::processCollisionObjectAdd(moveit_msgs::msg::CollisionObject_<std::allocator<void> > const&)
[move_group-2] #9    Object "/opt/ros/jazzy/lib/libmoveit_planning_scene.so.2.12.4", at 0xfa834a5acef7, in planning_scene::PlanningScene::shapesAndPosesFromCollisionObjectMessage(moveit_msgs::msg::CollisionObject_<std::allocator<void> > const&, Eigen::Transform<double, 3, 1, 0>&, std::vector<std::shared_ptr<shapes::Shape const>, std::allocator<std::shared_ptr<shapes::Shape const> > >&, std::vector<Eigen::Transform<double, 3, 1, 0>, Eigen::aligned_allocator<Eigen::Transform<double, 3, 1, 0> > >&)
[move_group-2] #8    Object "/opt/ros/jazzy/lib/libgeometric_shapes.so.2.3.4", at 0xfa834a2fc57f, in shapes::constructShapeFromMsg(shape_msgs::msg::SolidPrimitive_<std::allocator<void> > const&)
[move_group-2] #7    Object "/opt/ros/jazzy/lib/libgeometric_shapes.so.2.3.4", at 0xfa834a3020ff, in shapes::Box::Box(double, double, double)
[move_group-2] #6    Object "/usr/lib/aarch64-linux-gnu/libstdc++.so.6.0.33", at 0xfa834ad6a907, in __cxa_throw
[move_group-2] #5    Object "/usr/lib/aarch64-linux-gnu/libstdc++.so.6.0.33", at 0xfa834ad60e03, in std::terminate()
[move_group-2] #4    Object "/usr/lib/aarch64-linux-gnu/libstdc++.so.6.0.33", at 0xfa834ad6a56f, in 
[move_group-2] #3    Object "/usr/lib/aarch64-linux-gnu/libstdc++.so.6.0.33", at 0xfa834ad6d4d7, in __gnu_cxx::__verbose_terminate_handler()
[move_group-2] #2    Object "/usr/lib/aarch64-linux-gnu/libc.so.6", at 0xfa834aae7dff, in abort
[move_group-2] #1    Object "/usr/lib/aarch64-linux-gnu/libc.so.6", at 0xfa834aafcb3b, in raise
[move_group-2] #0    Object "/usr/lib/aarch64-linux-gnu/libc.so.6", at 0xfa834ab474d8, in 
[move_group-2] Aborted (Signal sent by tkill() 2251 0)
[ERROR] [move_group-2]: process has died [pid 2251, exit code -6, cmd '/opt/ros/jazzy/lib/moveit_ros_move_group/move_group --ros-args --params-file /tmp/launch_params_92utr06l --params-file /tmp/launch_params_w7psfgoj --params-file /tmp/launch_params_38ogrib6 -r /panda_hand_controller/gripper_action:=/franka_gripper/gripper_action'].
[INFO] [move_group-2]: process started with pid [2421]
[move_group-2] [INFO] [1789244877.887298212] [move_group.moveit.moveit.ros.rdf_loader]: Loaded robot model in 0 seconds
[move_group-2] [INFO] [1789244877.887419492] [move_group.moveit.moveit.core.robot_model]: Loading robot model 'panda'...
[move_group-2] [WARN] [1789244877.892594935] [kdl_parser]: The root link panda_link0 has an inertia specified in the URDF, but KDL does not support a root link with an inertia.  As a workaround, you can add an extra dummy link to your URDF.
[move_group-2] [INFO] [1789244877.892683255] [move_group.moveit.moveit.kinematics.kdl_kinematics_plugin]: Joint weights for group 'panda_arm': 1 1 1 1 1 1 1
[move_group-2] [INFO] [1789244877.916001995] [move_group.moveit.moveit.ros.planning_scene_monitor]: Publishing maintained planning scene on 'monitored_planning_scene'
[move_group-2] [INFO] [1789244877.916222700] [move_group.moveit.moveit.ros.moveit_cpp]: Listening to 'joint_states' for joint states
[move_group-2] [INFO] [1789244877.917350160] [move_group.moveit.moveit.ros.current_state_monitor]: Listening to joint states on topic 'joint_states'
[move_group-2] [INFO] [1789244877.917726097] [move_group.moveit.moveit.ros.planning_scene_monitor]: Listening to '/attached_collision_object' for attached collision objects
[move_group-2] [INFO] [1789244877.917744786] [move_group.moveit.moveit.ros.planning_scene_monitor]: Stopping existing planning scene publisher.
[move_group-2] [INFO] [1789244877.917855858] [move_group.moveit.moveit.ros.planning_scene_monitor]: Stopped publishing maintained planning scene.
[move_group-2] [INFO] [1789244877.918175571] [move_group.moveit.moveit.ros.planning_scene_monitor]: Publishing maintained planning scene on 'monitored_planning_scene'
[move_group-2] [INFO] [1789244877.918285523] [move_group.moveit.moveit.ros.planning_scene_monitor]: Starting planning scene monitor
[move_group-2] [INFO] [1789244877.918941014] [move_group.moveit.moveit.ros.planning_scene_monitor]: Listening to '/planning_scene'
[move_group-2] [INFO] [1789244877.918960662] [move_group.moveit.moveit.ros.planning_scene_monitor]: Starting world geometry update monitor for collision objects, attached objects, octomap updates.
[move_group-2] [INFO] [1789244877.919297687] [move_group.moveit.moveit.ros.planning_scene_monitor]: Listening to 'collision_object'
[move_group-2] [INFO] [1789244877.919623192] [move_group.moveit.moveit.ros.planning_scene_monitor]: Listening to 'planning_scene_world' for planning scene world geometry
[move_group-2] [WARN] [1789244877.919748121] [move_group.moveit.moveit.ros.occupancy_map_monitor]: Resolution not specified for Octomap. Assuming resolution = 0.1 instead
[move_group-2] [ERROR] [1789244877.919768153] [move_group.moveit.moveit.ros.occupancy_map_monitor]: No 3D sensor plugin(s) defined for octomap updates
[move_group-2] [INFO] [1789244877.924434986] [move_group.moveit.moveit.ros.planning_pipeline]: Successfully loaded planner 'CHOMP'
[move_group-2] [INFO] [1789244877.925125356] [move_group]: Try loading adapter 'default_planning_request_adapters/ResolveConstraintFrames'
[move_group-2] [INFO] [1789244877.925648622] [move_group]: Loaded adapter 'default_planning_request_adapters/ResolveConstraintFrames'
[move_group-2] [INFO] [1789244877.925671790] [move_group]: Try loading adapter 'default_planning_request_adapters/ValidateWorkspaceBounds'
[move_group-2] [INFO] [1789244877.925822543] [move_group]: Loaded adapter 'default_planning_request_adapters/ValidateWorkspaceBounds'
[move_group-2] [INFO] [1789244877.925842063] [move_group]: Try loading adapter 'default_planning_request_adapters/CheckStartStateBounds'
[move_group-2] [INFO] [1789244877.925862415] [move_group]: Loaded adapter 'default_planning_request_adapters/CheckStartStateBounds'
[move_group-2] [INFO] [1789244877.925869199] [move_group]: Try loading adapter 'default_planning_request_adapters/CheckStartStateCollision'
[move_group-2] [INFO] [1789244877.925885359] [move_group]: Loaded adapter 'default_planning_request_adapters/CheckStartStateCollision'
[move_group-2] [INFO] [1789244877.926495793] [move_group]: Try loading adapter 'default_planning_response_adapters/AddTimeOptimalParameterization'
[move_group-2] [INFO] [1789244877.927812694] [move_group]: Loaded adapter 'default_planning_response_adapters/AddTimeOptimalParameterization'
[move_group-2] [INFO] [1789244877.938071483] [move_group.moveit.moveit.ros.planning_pipeline]: Successfully loaded planner 'OMPL'
[move_group-2] [INFO] [1789244877.938806398] [move_group]: Try loading adapter 'default_planning_request_adapters/ResolveConstraintFrames'
[move_group-2] [INFO] [1789244877.938893278] [move_group]: Loaded adapter 'default_planning_request_adapters/ResolveConstraintFrames'
[move_group-2] [INFO] [1789244877.938904862] [move_group]: Try loading adapter 'default_planning_request_adapters/ValidateWorkspaceBounds'
[move_group-2] [INFO] [1789244877.939027102] [move_group]: Loaded adapter 'default_planning_request_adapters/ValidateWorkspaceBounds'
[move_group-2] [INFO] [1789244877.939041598] [move_group]: Try loading adapter 'default_planning_request_adapters/CheckStartStateBounds'
[move_group-2] [INFO] [1789244877.939078943] [move_group]: Loaded adapter 'default_planning_request_adapters/CheckStartStateBounds'
[move_group-2] [INFO] [1789244877.939089279] [move_group]: Try loading adapter 'default_planning_request_adapters/CheckStartStateCollision'
[move_group-2] [INFO] [1789244877.939104031] [move_group]: Loaded adapter 'default_planning_request_adapters/CheckStartStateCollision'
[move_group-2] [INFO] [1789244877.939699105] [move_group]: Try loading adapter 'default_planning_response_adapters/AddTimeOptimalParameterization'
[move_group-2] [INFO] [1789244877.939930914] [move_group]: Loaded adapter 'default_planning_response_adapters/AddTimeOptimalParameterization'
[move_group-2] [INFO] [1789244877.939947554] [move_group]: Try loading adapter 'default_planning_response_adapters/ValidateSolution'
[move_group-2] [INFO] [1789244877.941537479] [move_group]: Loaded adapter 'default_planning_response_adapters/ValidateSolution'
[move_group-2] [INFO] [1789244877.941566152] [move_group]: Try loading adapter 'default_planning_response_adapters/DisplayMotionPath'
[move_group-2] [INFO] [1789244877.942031753] [move_group]: Loaded adapter 'default_planning_response_adapters/DisplayMotionPath'
[move_group-2] [INFO] [1789244877.943878960] [move_group.moveit.moveit.planners.pilz.joint_limits_aggregator]: Reading limits from namespace robot_description_planning
[move_group-2] [WARN] [1789244877.944424818] [move_group.moveit.moveit.planners.pilz.joint_limits_aggregator]: Multi-DOF-Joint 'virtual_joint' not supported.
[move_group-2] [WARN] [1789244877.944459218] [move_group.moveit.moveit.planners.pilz.joint_limits_aggregator]: Multi-DOF-Joint 'virtual_joint' not supported.
[move_group-2] [INFO] [1789244877.947179292] [move_group.moveit.moveit.planners.pilz.command_planner]: Available plugins: pilz_industrial_motion_planner/PlanningContextLoaderCIRC pilz_industrial_motion_planner/PlanningContextLoaderLIN pilz_industrial_motion_planner/PlanningContextLoaderPTP 
[move_group-2] [INFO] [1789244877.947213276] [move_group.moveit.moveit.planners.pilz.command_planner]: About to load: pilz_industrial_motion_planner/PlanningContextLoaderCIRC
[move_group-2] [INFO] [1789244877.948104511] [move_group.moveit.moveit.planners.pilz.command_planner]: Registered Algorithm [CIRC]
[move_group-2] [INFO] [1789244877.948136639] [move_group.moveit.moveit.planners.pilz.command_planner]: About to load: pilz_industrial_motion_planner/PlanningContextLoaderLIN
[move_group-2] [INFO] [1789244877.948714849] [move_group.moveit.moveit.planners.pilz.command_planner]: Registered Algorithm [LIN]
[move_group-2] [INFO] [1789244877.948744321] [move_group.moveit.moveit.planners.pilz.command_planner]: About to load: pilz_industrial_motion_planner/PlanningContextLoaderPTP
[move_group-2] [INFO] [1789244877.949322852] [move_group.moveit.moveit.planners.pilz.command_planner]: Registered Algorithm [PTP]
[move_group-2] [INFO] [1789244877.949354564] [move_group.moveit.moveit.ros.planning_pipeline]: Successfully loaded planner 'Pilz Industrial Motion Planner'
[move_group-2] [INFO] [1789244877.950005350] [move_group]: Try loading adapter 'default_planning_request_adapters/ValidateWorkspaceBounds'
[move_group-2] [INFO] [1789244877.950233575] [move_group]: Loaded adapter 'default_planning_request_adapters/ValidateWorkspaceBounds'
[move_group-2] [INFO] [1789244877.950253223] [move_group]: Try loading adapter 'default_planning_request_adapters/CheckStartStateBounds'
[move_group-2] [INFO] [1789244877.950276135] [move_group]: Loaded adapter 'default_planning_request_adapters/CheckStartStateBounds'
[move_group-2] [INFO] [1789244877.950283367] [move_group]: Try loading adapter 'default_planning_request_adapters/CheckStartStateCollision'
[move_group-2] [INFO] [1789244877.950295047] [move_group]: Loaded adapter 'default_planning_request_adapters/CheckStartStateCollision'
[move_group-2] [WARN] [1789244877.950302375] [move_group.moveit.moveit.ros.planning_pipeline]: No planning response adapter names specified.
[move_group-2] [INFO] [1789244877.952420431] [move_group.moveit.moveit.ros.planning_pipeline]: Successfully loaded planner 'STOMP'
[move_group-2] [INFO] [1789244877.953082097] [move_group]: Try loading adapter 'default_planning_request_adapters/ResolveConstraintFrames'
[move_group-2] [INFO] [1789244877.953155250] [move_group]: Loaded adapter 'default_planning_request_adapters/ResolveConstraintFrames'
[move_group-2] [INFO] [1789244877.953167282] [move_group]: Try loading adapter 'default_planning_request_adapters/ValidateWorkspaceBounds'
[move_group-2] [INFO] [1789244877.953305362] [move_group]: Loaded adapter 'default_planning_request_adapters/ValidateWorkspaceBounds'
[move_group-2] [INFO] [1789244877.953324914] [move_group]: Try loading adapter 'default_planning_request_adapters/CheckStartStateBounds'
[move_group-2] [INFO] [1789244877.953346962] [move_group]: Loaded adapter 'default_planning_request_adapters/CheckStartStateBounds'
[move_group-2] [INFO] [1789244877.953354802] [move_group]: Try loading adapter 'default_planning_request_adapters/CheckStartStateCollision'
[move_group-2] [INFO] [1789244877.953369778] [move_group]: Loaded adapter 'default_planning_request_adapters/CheckStartStateCollision'
[move_group-2] [INFO] [1789244877.953976052] [move_group]: Try loading adapter 'default_planning_response_adapters/AddTimeOptimalParameterization'
[move_group-2] [INFO] [1789244877.954281782] [move_group]: Loaded adapter 'default_planning_response_adapters/AddTimeOptimalParameterization'
[move_group-2] [INFO] [1789244877.954301590] [move_group]: Try loading adapter 'default_planning_response_adapters/ValidateSolution'
[move_group-2] [INFO] [1789244877.954619991] [move_group]: Loaded adapter 'default_planning_response_adapters/ValidateSolution'
[move_group-2] [INFO] [1789244877.954638391] [move_group]: Try loading adapter 'default_planning_response_adapters/DisplayMotionPath'
[move_group-2] [INFO] [1789244877.954909272] [move_group]: Loaded adapter 'default_planning_response_adapters/DisplayMotionPath'
[move_group-2] [INFO] [1789244877.987233933] [move_group.moveit.moveit.plugins.simple_controller_manager]: Added FollowJointTrajectory controller for panda_arm_controller
[move_group-2] [INFO] [1789244877.987296493] [move_group.moveit.moveit.plugins.simple_controller_manager]: panda_hand_controller will command a max effort of: 0
[move_group-2] [ERROR] [1789244877.990268280] [move_group.moveit.moveit.plugins.simple_controller_manager]: Parallel Gripper requires exactly two joints, 1 are specified
[move_group-2] [INFO] [1789244877.993785124] [move_group.moveit.moveit.plugins.simple_controller_manager]: Returned 1 controllers in list
[move_group-2] [INFO] [1789244877.993827524] [move_group.moveit.moveit.plugins.simple_controller_manager]: Returned 1 controllers in list
[move_group-2] [INFO] [1789244877.994492135] [move_group.moveit.moveit.ros.trajectory_execution_manager]: Trajectory execution is managing controllers
[move_group-2] [INFO] [1789244877.994522471] [move_group]: MoveGroup debug mode is ON
[move_group-2] [INFO] [1789244878.015854740] [move_group.moveit.moveit.planners.pilz.move_group_sequence_action]: initialize move group sequence action
[move_group-2] [INFO] [1789244878.019355745] [move_group.moveit.moveit.planners.pilz.joint_limits_aggregator]: Reading limits from namespace robot_description_planning
[move_group-2] [WARN] [1789244878.019418177] [move_group.moveit.moveit.planners.pilz.joint_limits_aggregator]: Multi-DOF-Joint 'virtual_joint' not supported.
[move_group-2] [WARN] [1789244878.019439105] [move_group.moveit.moveit.planners.pilz.joint_limits_aggregator]: Multi-DOF-Joint 'virtual_joint' not supported.
[move_group-2] [INFO] [1789244878.019600193] [move_group.moveit.moveit.planners.pilz.joint_limits_aggregator]: Reading limits from namespace robot_description_planning
[move_group-2] [WARN] [1789244878.019629986] [move_group.moveit.moveit.planners.pilz.joint_limits_aggregator]: Multi-DOF-Joint 'virtual_joint' not supported.
[move_group-2] [WARN] [1789244878.019644322] [move_group.moveit.moveit.planners.pilz.joint_limits_aggregator]: Multi-DOF-Joint 'virtual_joint' not supported.
[move_group-2] [INFO] [1789244878.020555301] [move_group.moveit.moveit.ros.move_group.executable]: 
[move_group-2] 
[move_group-2] ********************************************************
[move_group-2] * MoveGroup using: 
[move_group-2] *     - apply_planning_scene_service
[move_group-2] *     - clear_octomap_service
[move_group-2] *     - get_group_urdf
[move_group-2] *     - load_geometry_from_file
[move_group-2] *     - CartesianPathService
[move_group-2] *     - execute_trajectory_action
[move_group-2] *     - get_planning_scene_service
[move_group-2] *     - kinematics_service
[move_group-2] *     - move_action
[move_group-2] *     - motion_plan_service
[move_group-2] *     - query_planners_service
[move_group-2] *     - state_validation_service
[move_group-2] *     - save_geometry_to_file
[move_group-2] *     - SequenceAction
[move_group-2] *     - SequenceService
[move_group-2] ********************************************************
[move_group-2] 
[move_group-2] [INFO] [1789244878.020611973] [move_group.moveit.moveit.ros.move_group.context]: MoveGroup context using pipeline ompl
[move_group-2] [INFO] [1789244878.020624645] [move_group.moveit.moveit.ros.move_group.context]: MoveGroup context initialization complete
[move_group-2] [WARN] [1789244878.784907534] [move_group.moveit.moveit.ros.planning_scene_monitor]: The complete state of the robot is not yet known.  Missing virtual_joint
[move_group-2] [WARN] [1789244879.036861883] [move_group.moveit.moveit.ros.current_state_monitor]: Unable to update multi-DOF joint 'virtual_joint':Failure to lookup transform between 'world'and 'panda_link0' with TF exception: "world" passed to lookupTransform argument target_frame does not exist. 
[move_group-2] terminate called after throwing an instance of 'std::runtime_error'
[move_group-2]   what():  Box dimensions must be non-negative.
[move_group-2] Stack trace (most recent call last) in thread 2503:
[move_group-2] #22   Object "/usr/lib/aarch64-linux-gnu/ld-linux-aarch64.so.1", at 0xffffffffffffffff, in 
[move_group-2] #21   Object "/usr/lib/aarch64-linux-gnu/libc.so.6", at 0xe3fa8452ba0b, in 
[move_group-2] #20   Object "/usr/lib/aarch64-linux-gnu/libc.so.6", at 0xe3fa844c582b, in 
[move_group-2] #19   Object "/usr/lib/aarch64-linux-gnu/libstdc++.so.6.0.33", at 0xe3fa84721adf, in 
[move_group-2] #18   Object "/opt/ros/jazzy/lib/librclcpp.so", at 0xe3fa84a8c21b, in rclcpp::executors::MultiThreadedExecutor::run(unsigned long)
[move_group-2] #17   Object "/opt/ros/jazzy/lib/librclcpp.so", at 0xe3fa84a58e33, in rclcpp::Executor::execute_any_executable(rclcpp::AnyExecutable&)
[move_group-2] #16   Object "/opt/ros/jazzy/lib/librclcpp.so", at 0xe3fa84a53ffb, in rclcpp::Executor::execute_service(std::shared_ptr<rclcpp::ServiceBase>)
[move_group-2] #15   Object "/opt/ros/jazzy/lib/librclcpp.so", at 0xe3fa84b5c567, in 
[move_group-2] #14   Object "/opt/ros/jazzy/lib/libmoveit_move_group_default_capabilities.so.2.12.4", at 0xe3fa4c6955ff, in 
[move_group-2] #13   Object "/opt/ros/jazzy/lib/libmoveit_move_group_default_capabilities.so.2.12.4", at 0xe3fa4c6948bf, in move_group::ApplyPlanningSceneService::applyScene(std::shared_ptr<rmw_request_id_s> const&, std::shared_ptr<moveit_msgs::srv::ApplyPlanningScene_Request_<std::allocator<void> > > const&, std::shared_ptr<moveit_msgs::srv::ApplyPlanningScene_Response_<std::allocator<void> > > const&)
[move_group-2] #12   Object "/opt/ros/jazzy/lib/libmoveit_planning_scene_monitor.so.2.12.4", at 0xe3fa84dd5003, in planning_scene_monitor::PlanningSceneMonitor::newPlanningSceneMessage(moveit_msgs::msg::PlanningScene_<std::allocator<void> > const&)
[move_group-2] #11   Object "/opt/ros/jazzy/lib/libmoveit_planning_scene.so.2.12.4", at 0xe3fa83f265c7, in planning_scene::PlanningScene::setPlanningSceneDiffMsg(moveit_msgs::msg::PlanningScene_<std::allocator<void> > const&)
[move_group-2] #10   Object "/opt/ros/jazzy/lib/libmoveit_planning_scene.so.2.12.4", at 0xe3fa83f2e12b, in planning_scene::PlanningScene::processCollisionObjectAdd(moveit_msgs::msg::CollisionObject_<std::allocator<void> > const&)
[move_group-2] #9    Object "/opt/ros/jazzy/lib/libmoveit_planning_scene.so.2.12.4", at 0xe3fa83f2cef7, in planning_scene::PlanningScene::shapesAndPosesFromCollisionObjectMessage(moveit_msgs::msg::CollisionObject_<std::allocator<void> > const&, Eigen::Transform<double, 3, 1, 0>&, std::vector<std::shared_ptr<shapes::Shape const>, std::allocator<std::shared_ptr<shapes::Shape const> > >&, std::vector<Eigen::Transform<double, 3, 1, 0>, Eigen::aligned_allocator<Eigen::Transform<double, 3, 1, 0> > >&)
[move_group-2] #8    Object "/opt/ros/jazzy/lib/libgeometric_shapes.so.2.3.4", at 0xe3fa83c7c57f, in shapes::constructShapeFromMsg(shape_msgs::msg::SolidPrimitive_<std::allocator<void> > const&)
[move_group-2] #7    Object "/opt/ros/jazzy/lib/libgeometric_shapes.so.2.3.4", at 0xe3fa83c820ff, in shapes::Box::Box(double, double, double)
[move_group-2] #6    Object "/usr/lib/aarch64-linux-gnu/libstdc++.so.6.0.33", at 0xe3fa846ea907, in __cxa_throw
[move_group-2] #5    Object "/usr/lib/aarch64-linux-gnu/libstdc++.so.6.0.33", at 0xe3fa846e0e03, in std::terminate()
[move_group-2] #4    Object "/usr/lib/aarch64-linux-gnu/libstdc++.so.6.0.33", at 0xe3fa846ea56f, in 
[move_group-2] #3    Object "/usr/lib/aarch64-linux-gnu/libstdc++.so.6.0.33", at 0xe3fa846ed4d7, in __gnu_cxx::__verbose_terminate_handler()
[move_group-2] #2    Object "/usr/lib/aarch64-linux-gnu/libc.so.6", at 0xe3fa84467dff, in abort
[move_group-2] #1    Object "/usr/lib/aarch64-linux-gnu/libc.so.6", at 0xe3fa8447cb3b, in raise
[move_group-2] #0    Object "/usr/lib/aarch64-linux-gnu/libc.so.6", at 0xe3fa844c74d8, in 
[move_group-2] Aborted (Signal sent by tkill() 2421 0)
[ERROR] [move_group-2]: process has died [pid 2421, exit code -6, cmd '/opt/ros/jazzy/lib/moveit_ros_move_group/move_group --ros-args --params-file /tmp/launch_params_92utr06l --params-file /tmp/launch_params_w7psfgoj --params-file /tmp/launch_params_38ogrib6 -r /panda_hand_controller/gripper_action:=/franka_gripper/gripper_action'].
[INFO] [move_group-2]: process started with pid [2591]
[move_group-2] [INFO] [1789244907.887755043] [move_group.moveit.moveit.ros.rdf_loader]: Loaded robot model in 0 seconds
[move_group-2] [INFO] [1789244907.887875267] [move_group.moveit.moveit.core.robot_model]: Loading robot model 'panda'...
[move_group-2] [WARN] [1789244907.893251927] [kdl_parser]: The root link panda_link0 has an inertia specified in the URDF, but KDL does not support a root link with an inertia.  As a workaround, you can add an extra dummy link to your URDF.
[move_group-2] [INFO] [1789244907.893342295] [move_group.moveit.moveit.kinematics.kdl_kinematics_plugin]: Joint weights for group 'panda_arm': 1 1 1 1 1 1 1
[move_group-2] [INFO] [1789244907.914806148] [move_group.moveit.moveit.ros.planning_scene_monitor]: Publishing maintained planning scene on 'monitored_planning_scene'
[move_group-2] [INFO] [1789244907.915020357] [move_group.moveit.moveit.ros.moveit_cpp]: Listening to 'joint_states' for joint states
[move_group-2] [INFO] [1789244907.915905064] [move_group.moveit.moveit.ros.current_state_monitor]: Listening to joint states on topic 'joint_states'
[move_group-2] [INFO] [1789244907.916207210] [move_group.moveit.moveit.ros.planning_scene_monitor]: Listening to '/attached_collision_object' for attached collision objects
[move_group-2] [INFO] [1789244907.916229802] [move_group.moveit.moveit.ros.planning_scene_monitor]: Stopping existing planning scene publisher.
[move_group-2] [INFO] [1789244907.916567403] [move_group.moveit.moveit.ros.planning_scene_monitor]: Stopped publishing maintained planning scene.
[move_group-2] [INFO] [1789244907.917471502] [move_group.moveit.moveit.ros.planning_scene_monitor]: Publishing maintained planning scene on 'monitored_planning_scene'
[move_group-2] [INFO] [1789244907.917627055] [move_group.moveit.moveit.ros.planning_scene_monitor]: Starting planning scene monitor
[move_group-2] [INFO] [1789244907.918545202] [move_group.moveit.moveit.ros.planning_scene_monitor]: Listening to '/planning_scene'
[move_group-2] [INFO] [1789244907.918568946] [move_group.moveit.moveit.ros.planning_scene_monitor]: Starting world geometry update monitor for collision objects, attached objects, octomap updates.
[move_group-2] [INFO] [1789244907.918955251] [move_group.moveit.moveit.ros.planning_scene_monitor]: Listening to 'collision_object'
[move_group-2] [INFO] [1789244907.919233332] [move_group.moveit.moveit.ros.planning_scene_monitor]: Listening to 'planning_scene_world' for planning scene world geometry
[move_group-2] [WARN] [1789244907.919473397] [move_group.moveit.moveit.ros.occupancy_map_monitor]: Resolution not specified for Octomap. Assuming resolution = 0.1 instead
[move_group-2] [ERROR] [1789244907.919506997] [move_group.moveit.moveit.ros.occupancy_map_monitor]: No 3D sensor plugin(s) defined for octomap updates
[move_group-2] [INFO] [1789244907.925268810] [move_group.moveit.moveit.ros.planning_pipeline]: Successfully loaded planner 'CHOMP'
[move_group-2] [INFO] [1789244907.925968205] [move_group]: Try loading adapter 'default_planning_request_adapters/ResolveConstraintFrames'
[move_group-2] [INFO] [1789244907.926562703] [move_group]: Loaded adapter 'default_planning_request_adapters/ResolveConstraintFrames'
[move_group-2] [INFO] [1789244907.926588687] [move_group]: Try loading adapter 'default_planning_request_adapters/ValidateWorkspaceBounds'
[move_group-2] [INFO] [1789244907.926738320] [move_group]: Loaded adapter 'default_planning_request_adapters/ValidateWorkspaceBounds'
[move_group-2] [INFO] [1789244907.926751920] [move_group]: Try loading adapter 'default_planning_request_adapters/CheckStartStateBounds'
[move_group-2] [INFO] [1789244907.926773392] [move_group]: Loaded adapter 'default_planning_request_adapters/CheckStartStateBounds'
[move_group-2] [INFO] [1789244907.926782224] [move_group]: Try loading adapter 'default_planning_request_adapters/CheckStartStateCollision'
[move_group-2] [INFO] [1789244907.926803632] [move_group]: Loaded adapter 'default_planning_request_adapters/CheckStartStateCollision'
[move_group-2] [INFO] [1789244907.927438866] [move_group]: Try loading adapter 'default_planning_response_adapters/AddTimeOptimalParameterization'
[move_group-2] [INFO] [1789244907.929071064] [move_group]: Loaded adapter 'default_planning_response_adapters/AddTimeOptimalParameterization'
[move_group-2] [INFO] [1789244907.941113219] [move_group.moveit.moveit.ros.planning_pipeline]: Successfully loaded planner 'OMPL'
[move_group-2] [INFO] [1789244907.941914566] [move_group]: Try loading adapter 'default_planning_request_adapters/ResolveConstraintFrames'
[move_group-2] [INFO] [1789244907.942015047] [move_group]: Loaded adapter 'default_planning_request_adapters/ResolveConstraintFrames'
[move_group-2] [INFO] [1789244907.942027815] [move_group]: Try loading adapter 'default_planning_request_adapters/ValidateWorkspaceBounds'
[move_group-2] [INFO] [1789244907.942248072] [move_group]: Loaded adapter 'default_planning_request_adapters/ValidateWorkspaceBounds'
[move_group-2] [INFO] [1789244907.942263560] [move_group]: Try loading adapter 'default_planning_request_adapters/CheckStartStateBounds'
[move_group-2] [INFO] [1789244907.942286120] [move_group]: Loaded adapter 'default_planning_request_adapters/CheckStartStateBounds'
[move_group-2] [INFO] [1789244907.942294152] [move_group]: Try loading adapter 'default_planning_request_adapters/CheckStartStateCollision'
[move_group-2] [INFO] [1789244907.942307304] [move_group]: Loaded adapter 'default_planning_request_adapters/CheckStartStateCollision'
[move_group-2] [INFO] [1789244907.942920746] [move_group]: Try loading adapter 'default_planning_response_adapters/AddTimeOptimalParameterization'
[move_group-2] [INFO] [1789244907.943259499] [move_group]: Loaded adapter 'default_planning_response_adapters/AddTimeOptimalParameterization'
[move_group-2] [INFO] [1789244907.943280107] [move_group]: Try loading adapter 'default_planning_response_adapters/ValidateSolution'
[move_group-2] [INFO] [1789244907.945212050] [move_group]: Loaded adapter 'default_planning_response_adapters/ValidateSolution'
[move_group-2] [INFO] [1789244907.945243314] [move_group]: Try loading adapter 'default_planning_response_adapters/DisplayMotionPath'
[move_group-2] [INFO] [1789244907.945688148] [move_group]: Loaded adapter 'default_planning_response_adapters/DisplayMotionPath'
[move_group-2] [INFO] [1789244907.947668795] [move_group.moveit.moveit.planners.pilz.joint_limits_aggregator]: Reading limits from namespace robot_description_planning
[move_group-2] [WARN] [1789244907.948549182] [move_group.moveit.moveit.planners.pilz.joint_limits_aggregator]: Multi-DOF-Joint 'virtual_joint' not supported.
[move_group-2] [WARN] [1789244907.948589502] [move_group.moveit.moveit.planners.pilz.joint_limits_aggregator]: Multi-DOF-Joint 'virtual_joint' not supported.
[move_group-2] [INFO] [1789244907.952493645] [move_group.moveit.moveit.planners.pilz.command_planner]: Available plugins: pilz_industrial_motion_planner/PlanningContextLoaderCIRC pilz_industrial_motion_planner/PlanningContextLoaderLIN pilz_industrial_motion_planner/PlanningContextLoaderPTP 
[move_group-2] [INFO] [1789244907.952527917] [move_group.moveit.moveit.planners.pilz.command_planner]: About to load: pilz_industrial_motion_planner/PlanningContextLoaderCIRC
[move_group-2] [INFO] [1789244907.953461584] [move_group.moveit.moveit.planners.pilz.command_planner]: Registered Algorithm [CIRC]
[move_group-2] [INFO] [1789244907.953491920] [move_group.moveit.moveit.planners.pilz.command_planner]: About to load: pilz_industrial_motion_planner/PlanningContextLoaderLIN
[move_group-2] [INFO] [1789244907.954061362] [move_group.moveit.moveit.planners.pilz.command_planner]: Registered Algorithm [LIN]
[move_group-2] [INFO] [1789244907.954089746] [move_group.moveit.moveit.planners.pilz.command_planner]: About to load: pilz_industrial_motion_planner/PlanningContextLoaderPTP
[move_group-2] [INFO] [1789244907.954662036] [move_group.moveit.moveit.planners.pilz.command_planner]: Registered Algorithm [PTP]
[move_group-2] [INFO] [1789244907.954696213] [move_group.moveit.moveit.ros.planning_pipeline]: Successfully loaded planner 'Pilz Industrial Motion Planner'
[move_group-2] [INFO] [1789244907.955372855] [move_group]: Try loading adapter 'default_planning_request_adapters/ValidateWorkspaceBounds'
[move_group-2] [INFO] [1789244907.955618072] [move_group]: Loaded adapter 'default_planning_request_adapters/ValidateWorkspaceBounds'
[move_group-2] [INFO] [1789244907.955639256] [move_group]: Try loading adapter 'default_planning_request_adapters/CheckStartStateBounds'
[move_group-2] [INFO] [1789244907.955664344] [move_group]: Loaded adapter 'default_planning_request_adapters/CheckStartStateBounds'
[move_group-2] [INFO] [1789244907.955672824] [move_group]: Try loading adapter 'default_planning_request_adapters/CheckStartStateCollision'
[move_group-2] [INFO] [1789244907.955685528] [move_group]: Loaded adapter 'default_planning_request_adapters/CheckStartStateCollision'
[move_group-2] [WARN] [1789244907.955692696] [move_group.moveit.moveit.ros.planning_pipeline]: No planning response adapter names specified.
[move_group-2] [INFO] [1789244907.957954368] [move_group.moveit.moveit.ros.planning_pipeline]: Successfully loaded planner 'STOMP'
[move_group-2] [INFO] [1789244907.958626307] [move_group]: Try loading adapter 'default_planning_request_adapters/ResolveConstraintFrames'
[move_group-2] [INFO] [1789244907.958703203] [move_group]: Loaded adapter 'default_planning_request_adapters/ResolveConstraintFrames'
[move_group-2] [INFO] [1789244907.958715555] [move_group]: Try loading adapter 'default_planning_request_adapters/ValidateWorkspaceBounds'
[move_group-2] [INFO] [1789244907.958872388] [move_group]: Loaded adapter 'default_planning_request_adapters/ValidateWorkspaceBounds'
[move_group-2] [INFO] [1789244907.958893540] [move_group]: Try loading adapter 'default_planning_request_adapters/CheckStartStateBounds'
[move_group-2] [INFO] [1789244907.958917316] [move_group]: Loaded adapter 'default_planning_request_adapters/CheckStartStateBounds'
[move_group-2] [INFO] [1789244907.958925508] [move_group]: Try loading adapter 'default_planning_request_adapters/CheckStartStateCollision'
[move_group-2] [INFO] [1789244907.958939748] [move_group]: Loaded adapter 'default_planning_request_adapters/CheckStartStateCollision'
[move_group-2] [INFO] [1789244907.959562982] [move_group]: Try loading adapter 'default_planning_response_adapters/AddTimeOptimalParameterization'
[move_group-2] [INFO] [1789244907.959916423] [move_group]: Loaded adapter 'default_planning_response_adapters/AddTimeOptimalParameterization'
[move_group-2] [INFO] [1789244907.959934888] [move_group]: Try loading adapter 'default_planning_response_adapters/ValidateSolution'
[move_group-2] [INFO] [1789244907.960215913] [move_group]: Loaded adapter 'default_planning_response_adapters/ValidateSolution'
[move_group-2] [INFO] [1789244907.960234985] [move_group]: Try loading adapter 'default_planning_response_adapters/DisplayMotionPath'
[move_group-2] [INFO] [1789244907.960431337] [move_group]: Loaded adapter 'default_planning_response_adapters/DisplayMotionPath'
[move_group-2] [INFO] [1789244907.995966826] [move_group.moveit.moveit.plugins.simple_controller_manager]: Added FollowJointTrajectory controller for panda_arm_controller
[move_group-2] [INFO] [1789244907.996045002] [move_group.moveit.moveit.plugins.simple_controller_manager]: panda_hand_controller will command a max effort of: 0
[move_group-2] [ERROR] [1789244907.997530415] [move_group.moveit.moveit.plugins.simple_controller_manager]: Parallel Gripper requires exactly two joints, 1 are specified
[move_group-2] [INFO] [1789244907.999895480] [move_group.moveit.moveit.plugins.simple_controller_manager]: Returned 1 controllers in list
[move_group-2] [INFO] [1789244907.999948344] [move_group.moveit.moveit.plugins.simple_controller_manager]: Returned 1 controllers in list
[move_group-2] [INFO] [1789244908.000429338] [move_group.moveit.moveit.ros.trajectory_execution_manager]: Trajectory execution is managing controllers
[move_group-2] [INFO] [1789244908.000466010] [move_group]: MoveGroup debug mode is ON
[move_group-2] [INFO] [1789244908.013236456] [move_group.moveit.moveit.planners.pilz.move_group_sequence_action]: initialize move group sequence action
[move_group-2] [INFO] [1789244908.014966062] [move_group.moveit.moveit.planners.pilz.joint_limits_aggregator]: Reading limits from namespace robot_description_planning
[move_group-2] [WARN] [1789244908.015026126] [move_group.moveit.moveit.planners.pilz.joint_limits_aggregator]: Multi-DOF-Joint 'virtual_joint' not supported.
[move_group-2] [WARN] [1789244908.015063759] [move_group.moveit.moveit.planners.pilz.joint_limits_aggregator]: Multi-DOF-Joint 'virtual_joint' not supported.
[move_group-2] [INFO] [1789244908.015251279] [move_group.moveit.moveit.planners.pilz.joint_limits_aggregator]: Reading limits from namespace robot_description_planning
[move_group-2] [WARN] [1789244908.015283407] [move_group.moveit.moveit.planners.pilz.joint_limits_aggregator]: Multi-DOF-Joint 'virtual_joint' not supported.
[move_group-2] [WARN] [1789244908.015301263] [move_group.moveit.moveit.planners.pilz.joint_limits_aggregator]: Multi-DOF-Joint 'virtual_joint' not supported.
[move_group-2] [INFO] [1789244908.015805649] [move_group.moveit.moveit.ros.move_group.executable]: 
[move_group-2] 
[move_group-2] ********************************************************
[move_group-2] * MoveGroup using: 
[move_group-2] *     - apply_planning_scene_service
[move_group-2] *     - clear_octomap_service
[move_group-2] *     - get_group_urdf
[move_group-2] *     - load_geometry_from_file
[move_group-2] *     - CartesianPathService
[move_group-2] *     - execute_trajectory_action
[move_group-2] *     - get_planning_scene_service
[move_group-2] *     - kinematics_service
[move_group-2] *     - move_action
[move_group-2] *     - motion_plan_service
[move_group-2] *     - query_planners_service
[move_group-2] *     - state_validation_service
[move_group-2] *     - save_geometry_to_file
[move_group-2] *     - SequenceAction
[move_group-2] *     - SequenceService
[move_group-2] ********************************************************
[move_group-2] 
[move_group-2] [INFO] [1789244908.015876017] [move_group.moveit.moveit.ros.move_group.context]: MoveGroup context using pipeline ompl
[move_group-2] [INFO] [1789244908.015890546] [move_group.moveit.moveit.ros.move_group.context]: MoveGroup context initialization complete
[move_group-2] [WARN] [1789244908.544977224] [move_group.moveit.moveit.ros.current_state_monitor]: Unable to update multi-DOF joint 'virtual_joint':Failure to lookup transform between 'world'and 'panda_link0' with TF exception: "world" passed to lookupTransform argument target_frame does not exist. 
[move_group-2] [WARN] [1789244911.284870224] [move_group.moveit.moveit.ros.planning_scene_monitor]: The complete state of the robot is not yet known.  Missing virtual_joint
[move_group-2] terminate called after throwing an instance of 'std::runtime_error'
[move_group-2]   what():  Box dimensions must be non-negative.
[move_group-2] Stack trace (most recent call last) in thread 2656:
[move_group-2] #22   Object "/usr/lib/aarch64-linux-gnu/ld-linux-aarch64.so.1", at 0xffffffffffffffff, in 
[move_group-2] #21   Object "/usr/lib/aarch64-linux-gnu/libc.so.6", at 0xe8ef642cba0b, in 
[move_group-2] #20   Object "/usr/lib/aarch64-linux-gnu/libc.so.6", at 0xe8ef6426582b, in 
[move_group-2] #19   Object "/usr/lib/aarch64-linux-gnu/libstdc++.so.6.0.33", at 0xe8ef644c1adf, in 
[move_group-2] #18   Object "/opt/ros/jazzy/lib/librclcpp.so", at 0xe8ef6482c21b, in rclcpp::executors::MultiThreadedExecutor::run(unsigned long)
[move_group-2] #17   Object "/opt/ros/jazzy/lib/librclcpp.so", at 0xe8ef647f8e33, in rclcpp::Executor::execute_any_executable(rclcpp::AnyExecutable&)
[move_group-2] #16   Object "/opt/ros/jazzy/lib/librclcpp.so", at 0xe8ef647f3ffb, in rclcpp::Executor::execute_service(std::shared_ptr<rclcpp::ServiceBase>)
[move_group-2] #15   Object "/opt/ros/jazzy/lib/librclcpp.so", at 0xe8ef648fc567, in 
[move_group-2] #14   Object "/opt/ros/jazzy/lib/libmoveit_move_group_default_capabilities.so.2.12.4", at 0xe8ef385555ff, in 
[move_group-2] #13   Object "/opt/ros/jazzy/lib/libmoveit_move_group_default_capabilities.so.2.12.4", at 0xe8ef385548bf, in move_group::ApplyPlanningSceneService::applyScene(std::shared_ptr<rmw_request_id_s> const&, std::shared_ptr<moveit_msgs::srv::ApplyPlanningScene_Request_<std::allocator<void> > > const&, std::shared_ptr<moveit_msgs::srv::ApplyPlanningScene_Response_<std::allocator<void> > > const&)
[move_group-2] #12   Object "/opt/ros/jazzy/lib/libmoveit_planning_scene_monitor.so.2.12.4", at 0xe8ef64b75003, in planning_scene_monitor::PlanningSceneMonitor::newPlanningSceneMessage(moveit_msgs::msg::PlanningScene_<std::allocator<void> > const&)
[move_group-2] #11   Object "/opt/ros/jazzy/lib/libmoveit_planning_scene.so.2.12.4", at 0xe8ef63cc65c7, in planning_scene::PlanningScene::setPlanningSceneDiffMsg(moveit_msgs::msg::PlanningScene_<std::allocator<void> > const&)
[move_group-2] #10   Object "/opt/ros/jazzy/lib/libmoveit_planning_scene.so.2.12.4", at 0xe8ef63cce12b, in planning_scene::PlanningScene::processCollisionObjectAdd(moveit_msgs::msg::CollisionObject_<std::allocator<void> > const&)
[move_group-2] #9    Object "/opt/ros/jazzy/lib/libmoveit_planning_scene.so.2.12.4", at 0xe8ef63cccef7, in planning_scene::PlanningScene::shapesAndPosesFromCollisionObjectMessage(moveit_msgs::msg::CollisionObject_<std::allocator<void> > const&, Eigen::Transform<double, 3, 1, 0>&, std::vector<std::shared_ptr<shapes::Shape const>, std::allocator<std::shared_ptr<shapes::Shape const> > >&, std::vector<Eigen::Transform<double, 3, 1, 0>, Eigen::aligned_allocator<Eigen::Transform<double, 3, 1, 0> > >&)
[move_group-2] #8    Object "/opt/ros/jazzy/lib/libgeometric_shapes.so.2.3.4", at 0xe8ef63a1c57f, in shapes::constructShapeFromMsg(shape_msgs::msg::SolidPrimitive_<std::allocator<void> > const&)
[move_group-2] #7    Object "/opt/ros/jazzy/lib/libgeometric_shapes.so.2.3.4", at 0xe8ef63a220ff, in shapes::Box::Box(double, double, double)
[move_group-2] #6    Object "/usr/lib/aarch64-linux-gnu/libstdc++.so.6.0.33", at 0xe8ef6448a907, in __cxa_throw
[move_group-2] #5    Object "/usr/lib/aarch64-linux-gnu/libstdc++.so.6.0.33", at 0xe8ef64480e03, in std::terminate()
[move_group-2] #4    Object "/usr/lib/aarch64-linux-gnu/libstdc++.so.6.0.33", at 0xe8ef6448a56f, in 
[move_group-2] #3    Object "/usr/lib/aarch64-linux-gnu/libstdc++.so.6.0.33", at 0xe8ef6448d4d7, in __gnu_cxx::__verbose_terminate_handler()
[move_group-2] #2    Object "/usr/lib/aarch64-linux-gnu/libc.so.6", at 0xe8ef64207dff, in abort
[move_group-2] #1    Object "/usr/lib/aarch64-linux-gnu/libc.so.6", at 0xe8ef6421cb3b, in raise
[move_group-2] #0    Object "/usr/lib/aarch64-linux-gnu/libc.so.6", at 0xe8ef642674d8, in 
[move_group-2] Aborted (Signal sent by tkill() 2591 0)
[ERROR] [move_group-2]: process has died [pid 2591, exit code -6, cmd '/opt/ros/jazzy/lib/moveit_ros_move_group/move_group --ros-args --params-file /tmp/launch_params_92utr06l --params-file /tmp/launch_params_w7psfgoj --params-file /tmp/launch_params_38ogrib6 -r /panda_hand_controller/gripper_action:=/franka_gripper/gripper_action'].
[INFO] [move_group-2]: process started with pid [2761]
[move_group-2] [INFO] [1789244937.899357290] [move_group.moveit.moveit.ros.rdf_loader]: Loaded robot model in 0 seconds
[move_group-2] [INFO] [1789244937.899484491] [move_group.moveit.moveit.core.robot_model]: Loading robot model 'panda'...
[move_group-2] [WARN] [1789244937.904930110] [kdl_parser]: The root link panda_link0 has an inertia specified in the URDF, but KDL does not support a root link with an inertia.  As a workaround, you can add an extra dummy link to your URDF.
[move_group-2] [INFO] [1789244937.905026303] [move_group.moveit.moveit.kinematics.kdl_kinematics_plugin]: Joint weights for group 'panda_arm': 1 1 1 1 1 1 1
[move_group-2] [INFO] [1789244937.926130731] [move_group.moveit.moveit.ros.planning_scene_monitor]: Publishing maintained planning scene on 'monitored_planning_scene'
[move_group-2] [INFO] [1789244937.926317292] [move_group.moveit.moveit.ros.moveit_cpp]: Listening to 'joint_states' for joint states
[move_group-2] [INFO] [1789244937.927186447] [move_group.moveit.moveit.ros.current_state_monitor]: Listening to joint states on topic 'joint_states'
[move_group-2] [INFO] [1789244937.927461840] [move_group.moveit.moveit.ros.planning_scene_monitor]: Listening to '/attached_collision_object' for attached collision objects
[move_group-2] [INFO] [1789244937.927481744] [move_group.moveit.moveit.ros.planning_scene_monitor]: Stopping existing planning scene publisher.
[move_group-2] [INFO] [1789244937.927590544] [move_group.moveit.moveit.ros.planning_scene_monitor]: Stopped publishing maintained planning scene.
[move_group-2] [INFO] [1789244937.927829297] [move_group.moveit.moveit.ros.planning_scene_monitor]: Publishing maintained planning scene on 'monitored_planning_scene'
[move_group-2] [INFO] [1789244937.927927345] [move_group.moveit.moveit.ros.planning_scene_monitor]: Starting planning scene monitor
[move_group-2] [INFO] [1789244937.928433843] [move_group.moveit.moveit.ros.planning_scene_monitor]: Listening to '/planning_scene'
[move_group-2] [INFO] [1789244937.928453363] [move_group.moveit.moveit.ros.planning_scene_monitor]: Starting world geometry update monitor for collision objects, attached objects, octomap updates.
[move_group-2] [INFO] [1789244937.928675348] [move_group.moveit.moveit.ros.planning_scene_monitor]: Listening to 'collision_object'
[move_group-2] [INFO] [1789244937.928910485] [move_group.moveit.moveit.ros.planning_scene_monitor]: Listening to 'planning_scene_world' for planning scene world geometry
[move_group-2] [WARN] [1789244937.929037813] [move_group.moveit.moveit.ros.occupancy_map_monitor]: Resolution not specified for Octomap. Assuming resolution = 0.1 instead
[move_group-2] [ERROR] [1789244937.929070773] [move_group.moveit.moveit.ros.occupancy_map_monitor]: No 3D sensor plugin(s) defined for octomap updates
[move_group-2] [INFO] [1789244937.933339333] [move_group.moveit.moveit.ros.planning_pipeline]: Successfully loaded planner 'CHOMP'
[move_group-2] [INFO] [1789244937.934061960] [move_group]: Try loading adapter 'default_planning_request_adapters/ResolveConstraintFrames'
[move_group-2] [INFO] [1789244937.934597033] [move_group]: Loaded adapter 'default_planning_request_adapters/ResolveConstraintFrames'
[move_group-2] [INFO] [1789244937.934619338] [move_group]: Try loading adapter 'default_planning_request_adapters/ValidateWorkspaceBounds'
[move_group-2] [INFO] [1789244937.934752362] [move_group]: Loaded adapter 'default_planning_request_adapters/ValidateWorkspaceBounds'
[move_group-2] [INFO] [1789244937.934767210] [move_group]: Try loading adapter 'default_planning_request_adapters/CheckStartStateBounds'
[move_group-2] [INFO] [1789244937.934787306] [move_group]: Loaded adapter 'default_planning_request_adapters/CheckStartStateBounds'
[move_group-2] [INFO] [1789244937.934793546] [move_group]: Try loading adapter 'default_planning_request_adapters/CheckStartStateCollision'
[move_group-2] [INFO] [1789244937.934808874] [move_group]: Loaded adapter 'default_planning_request_adapters/CheckStartStateCollision'
[move_group-2] [INFO] [1789244937.935489837] [move_group]: Try loading adapter 'default_planning_response_adapters/AddTimeOptimalParameterization'
[move_group-2] [INFO] [1789244937.936879474] [move_group]: Loaded adapter 'default_planning_response_adapters/AddTimeOptimalParameterization'
[move_group-2] [INFO] [1789244937.946834358] [move_group.moveit.moveit.ros.planning_pipeline]: Successfully loaded planner 'OMPL'
[move_group-2] [INFO] [1789244937.947618553] [move_group]: Try loading adapter 'default_planning_request_adapters/ResolveConstraintFrames'
[move_group-2] [INFO] [1789244937.947705273] [move_group]: Loaded adapter 'default_planning_request_adapters/ResolveConstraintFrames'
[move_group-2] [INFO] [1789244937.947716665] [move_group]: Try loading adapter 'default_planning_request_adapters/ValidateWorkspaceBounds'
[move_group-2] [INFO] [1789244937.947849881] [move_group]: Loaded adapter 'default_planning_request_adapters/ValidateWorkspaceBounds'
[move_group-2] [INFO] [1789244937.947865561] [move_group]: Try loading adapter 'default_planning_request_adapters/CheckStartStateBounds'
[move_group-2] [INFO] [1789244937.947884313] [move_group]: Loaded adapter 'default_planning_request_adapters/CheckStartStateBounds'
[move_group-2] [INFO] [1789244937.947890521] [move_group]: Try loading adapter 'default_planning_request_adapters/CheckStartStateCollision'
[move_group-2] [INFO] [1789244937.947902938] [move_group]: Loaded adapter 'default_planning_request_adapters/CheckStartStateCollision'
[move_group-2] [INFO] [1789244937.948592956] [move_group]: Try loading adapter 'default_planning_response_adapters/AddTimeOptimalParameterization'
[move_group-2] [INFO] [1789244937.948860029] [move_group]: Loaded adapter 'default_planning_response_adapters/AddTimeOptimalParameterization'
[move_group-2] [INFO] [1789244937.948875293] [move_group]: Try loading adapter 'default_planning_response_adapters/ValidateSolution'
[move_group-2] [INFO] [1789244937.950320898] [move_group]: Loaded adapter 'default_planning_response_adapters/ValidateSolution'
[move_group-2] [INFO] [1789244937.950344738] [move_group]: Try loading adapter 'default_planning_response_adapters/DisplayMotionPath'
[move_group-2] [INFO] [1789244937.950722340] [move_group]: Loaded adapter 'default_planning_response_adapters/DisplayMotionPath'
[move_group-2] [INFO] [1789244937.952474058] [move_group.moveit.moveit.planners.pilz.joint_limits_aggregator]: Reading limits from namespace robot_description_planning
[move_group-2] [WARN] [1789244937.953090860] [move_group.moveit.moveit.planners.pilz.joint_limits_aggregator]: Multi-DOF-Joint 'virtual_joint' not supported.
[move_group-2] [WARN] [1789244937.953122156] [move_group.moveit.moveit.planners.pilz.joint_limits_aggregator]: Multi-DOF-Joint 'virtual_joint' not supported.
[move_group-2] [INFO] [1789244937.956128311] [move_group.moveit.moveit.planners.pilz.command_planner]: Available plugins: pilz_industrial_motion_planner/PlanningContextLoaderCIRC pilz_industrial_motion_planner/PlanningContextLoaderLIN pilz_industrial_motion_planner/PlanningContextLoaderPTP 
[move_group-2] [INFO] [1789244937.956160919] [move_group.moveit.moveit.planners.pilz.command_planner]: About to load: pilz_industrial_motion_planner/PlanningContextLoaderCIRC
[move_group-2] [INFO] [1789244937.957034267] [move_group.moveit.moveit.planners.pilz.command_planner]: Registered Algorithm [CIRC]
[move_group-2] [INFO] [1789244937.957078171] [move_group.moveit.moveit.planners.pilz.command_planner]: About to load: pilz_industrial_motion_planner/PlanningContextLoaderLIN
[move_group-2] [INFO] [1789244937.957637757] [move_group.moveit.moveit.planners.pilz.command_planner]: Registered Algorithm [LIN]
[move_group-2] [INFO] [1789244937.957667709] [move_group.moveit.moveit.planners.pilz.command_planner]: About to load: pilz_industrial_motion_planner/PlanningContextLoaderPTP
[move_group-2] [INFO] [1789244937.958216831] [move_group.moveit.moveit.planners.pilz.command_planner]: Registered Algorithm [PTP]
[move_group-2] [INFO] [1789244937.958248191] [move_group.moveit.moveit.ros.planning_pipeline]: Successfully loaded planner 'Pilz Industrial Motion Planner'
[move_group-2] [INFO] [1789244937.958938401] [move_group]: Try loading adapter 'default_planning_request_adapters/ValidateWorkspaceBounds'
[move_group-2] [INFO] [1789244937.959176706] [move_group]: Loaded adapter 'default_planning_request_adapters/ValidateWorkspaceBounds'
[move_group-2] [INFO] [1789244937.959194466] [move_group]: Try loading adapter 'default_planning_request_adapters/CheckStartStateBounds'
[move_group-2] [INFO] [1789244937.959218306] [move_group]: Loaded adapter 'default_planning_request_adapters/CheckStartStateBounds'
[move_group-2] [INFO] [1789244937.959225954] [move_group]: Try loading adapter 'default_planning_request_adapters/CheckStartStateCollision'
[move_group-2] [INFO] [1789244937.959240514] [move_group]: Loaded adapter 'default_planning_request_adapters/CheckStartStateCollision'
[move_group-2] [WARN] [1789244937.959246690] [move_group.moveit.moveit.ros.planning_pipeline]: No planning response adapter names specified.
[move_group-2] [INFO] [1789244937.961345450] [move_group.moveit.moveit.ros.planning_pipeline]: Successfully loaded planner 'STOMP'
[move_group-2] [INFO] [1789244937.962013548] [move_group]: Try loading adapter 'default_planning_request_adapters/ResolveConstraintFrames'
[move_group-2] [INFO] [1789244937.962098733] [move_group]: Loaded adapter 'default_planning_request_adapters/ResolveConstraintFrames'
[move_group-2] [INFO] [1789244937.962112173] [move_group]: Try loading adapter 'default_planning_request_adapters/ValidateWorkspaceBounds'
[move_group-2] [INFO] [1789244937.962262829] [move_group]: Loaded adapter 'default_planning_request_adapters/ValidateWorkspaceBounds'
[move_group-2] [INFO] [1789244937.962277965] [move_group]: Try loading adapter 'default_planning_request_adapters/CheckStartStateBounds'
[move_group-2] [INFO] [1789244937.962298862] [move_group]: Loaded adapter 'default_planning_request_adapters/CheckStartStateBounds'
[move_group-2] [INFO] [1789244937.962305294] [move_group]: Try loading adapter 'default_planning_request_adapters/CheckStartStateCollision'
[move_group-2] [INFO] [1789244937.962317742] [move_group]: Loaded adapter 'default_planning_request_adapters/CheckStartStateCollision'
[move_group-2] [INFO] [1789244937.962967824] [move_group]: Try loading adapter 'default_planning_response_adapters/AddTimeOptimalParameterization'
[move_group-2] [INFO] [1789244937.963312977] [move_group]: Loaded adapter 'default_planning_response_adapters/AddTimeOptimalParameterization'
[move_group-2] [INFO] [1789244937.963333425] [move_group]: Try loading adapter 'default_planning_response_adapters/ValidateSolution'
[move_group-2] [INFO] [1789244937.963567570] [move_group]: Loaded adapter 'default_planning_response_adapters/ValidateSolution'
[move_group-2] [INFO] [1789244937.963584082] [move_group]: Try loading adapter 'default_planning_response_adapters/DisplayMotionPath'
[move_group-2] [INFO] [1789244937.963767763] [move_group]: Loaded adapter 'default_planning_response_adapters/DisplayMotionPath'
[move_group-2] [INFO] [1789244937.992267354] [move_group.moveit.moveit.plugins.simple_controller_manager]: Added FollowJointTrajectory controller for panda_arm_controller
[move_group-2] [INFO] [1789244937.992328890] [move_group.moveit.moveit.plugins.simple_controller_manager]: panda_hand_controller will command a max effort of: 0
[move_group-2] [ERROR] [1789244937.993700319] [move_group.moveit.moveit.plugins.simple_controller_manager]: Parallel Gripper requires exactly two joints, 1 are specified
[move_group-2] [INFO] [1789244937.995683750] [move_group.moveit.moveit.plugins.simple_controller_manager]: Returned 1 controllers in list
[move_group-2] [INFO] [1789244937.995723558] [move_group.moveit.moveit.plugins.simple_controller_manager]: Returned 1 controllers in list
[move_group-2] [INFO] [1789244937.996139784] [move_group.moveit.moveit.ros.trajectory_execution_manager]: Trajectory execution is managing controllers
[move_group-2] [INFO] [1789244937.996164232] [move_group]: MoveGroup debug mode is ON
[move_group-2] [INFO] [1789244938.007841362] [move_group.moveit.moveit.planners.pilz.move_group_sequence_action]: initialize move group sequence action
[move_group-2] [INFO] [1789244938.009567736] [move_group.moveit.moveit.planners.pilz.joint_limits_aggregator]: Reading limits from namespace robot_description_planning
[move_group-2] [WARN] [1789244938.009616472] [move_group.moveit.moveit.planners.pilz.joint_limits_aggregator]: Multi-DOF-Joint 'virtual_joint' not supported.
[move_group-2] [WARN] [1789244938.009637144] [move_group.moveit.moveit.planners.pilz.joint_limits_aggregator]: Multi-DOF-Joint 'virtual_joint' not supported.
[move_group-2] [INFO] [1789244938.009787865] [move_group.moveit.moveit.planners.pilz.joint_limits_aggregator]: Reading limits from namespace robot_description_planning
[move_group-2] [WARN] [1789244938.009821593] [move_group.moveit.moveit.planners.pilz.joint_limits_aggregator]: Multi-DOF-Joint 'virtual_joint' not supported.
[move_group-2] [WARN] [1789244938.009835961] [move_group.moveit.moveit.planners.pilz.joint_limits_aggregator]: Multi-DOF-Joint 'virtual_joint' not supported.
[move_group-2] [INFO] [1789244938.010365691] [move_group.moveit.moveit.ros.move_group.executable]: 
[move_group-2] 
[move_group-2] ********************************************************
[move_group-2] * MoveGroup using: 
[move_group-2] *     - apply_planning_scene_service
[move_group-2] *     - clear_octomap_service
[move_group-2] *     - get_group_urdf
[move_group-2] *     - load_geometry_from_file
[move_group-2] *     - CartesianPathService
[move_group-2] *     - execute_trajectory_action
[move_group-2] *     - get_planning_scene_service
[move_group-2] *     - kinematics_service
[move_group-2] *     - move_action
[move_group-2] *     - motion_plan_service
[move_group-2] *     - query_planners_service
[move_group-2] *     - state_validation_service
[move_group-2] *     - save_geometry_to_file
[move_group-2] *     - SequenceAction
[move_group-2] *     - SequenceService
[move_group-2] ********************************************************
[move_group-2] 
[move_group-2] [INFO] [1789244938.010425819] [move_group.moveit.moveit.ros.move_group.context]: MoveGroup context using pipeline ompl
[move_group-2] [INFO] [1789244938.010439963] [move_group.moveit.moveit.ros.move_group.context]: MoveGroup context initialization complete
[move_group-2] [WARN] [1789244938.545635464] [move_group.moveit.moveit.ros.current_state_monitor]: Unable to update multi-DOF joint 'virtual_joint':Failure to lookup transform between 'world'and 'panda_link0' with TF exception: "world" passed to lookupTransform argument target_frame does not exist. 
[move_group-2] [WARN] [1789244941.285003246] [move_group.moveit.moveit.ros.planning_scene_monitor]: The complete state of the robot is not yet known.  Missing virtual_joint
[move_group-2] terminate called after throwing an instance of 'std::runtime_error'
[move_group-2]   what():  Box dimensions must be non-negative.
[move_group-2] Stack trace (most recent call last) in thread 2814:
[move_group-2] #22   Object "/usr/lib/aarch64-linux-gnu/ld-linux-aarch64.so.1", at 0xffffffffffffffff, in 
[move_group-2] #21   Object "/usr/lib/aarch64-linux-gnu/libc.so.6", at 0xef96a718ba0b, in 
[move_group-2] #20   Object "/usr/lib/aarch64-linux-gnu/libc.so.6", at 0xef96a712582b, in 
[move_group-2] #19   Object "/usr/lib/aarch64-linux-gnu/libstdc++.so.6.0.33", at 0xef96a7381adf, in 
[move_group-2] #18   Object "/opt/ros/jazzy/lib/librclcpp.so", at 0xef96a76ec21b, in rclcpp::executors::MultiThreadedExecutor::run(unsigned long)
[move_group-2] #17   Object "/opt/ros/jazzy/lib/librclcpp.so", at 0xef96a76b8e33, in rclcpp::Executor::execute_any_executable(rclcpp::AnyExecutable&)
[move_group-2] #16   Object "/opt/ros/jazzy/lib/librclcpp.so", at 0xef96a76b3ffb, in rclcpp::Executor::execute_service(std::shared_ptr<rclcpp::ServiceBase>)
[move_group-2] #15   Object "/opt/ros/jazzy/lib/librclcpp.so", at 0xef96a77bc567, in 
[move_group-2] #14   Object "/opt/ros/jazzy/lib/libmoveit_move_group_default_capabilities.so.2.12.4", at 0xef966b4455ff, in 
[move_group-2] #13   Object "/opt/ros/jazzy/lib/libmoveit_move_group_default_capabilities.so.2.12.4", at 0xef966b4448bf, in move_group::ApplyPlanningSceneService::applyScene(std::shared_ptr<rmw_request_id_s> const&, std::shared_ptr<moveit_msgs::srv::ApplyPlanningScene_Request_<std::allocator<void> > > const&, std::shared_ptr<moveit_msgs::srv::ApplyPlanningScene_Response_<std::allocator<void> > > const&)
[move_group-2] #12   Object "/opt/ros/jazzy/lib/libmoveit_planning_scene_monitor.so.2.12.4", at 0xef96a7a35003, in planning_scene_monitor::PlanningSceneMonitor::newPlanningSceneMessage(moveit_msgs::msg::PlanningScene_<std::allocator<void> > const&)
[move_group-2] #11   Object "/opt/ros/jazzy/lib/libmoveit_planning_scene.so.2.12.4", at 0xef96a6b865c7, in planning_scene::PlanningScene::setPlanningSceneDiffMsg(moveit_msgs::msg::PlanningScene_<std::allocator<void> > const&)
[move_group-2] #10   Object "/opt/ros/jazzy/lib/libmoveit_planning_scene.so.2.12.4", at 0xef96a6b8e12b, in planning_scene::PlanningScene::processCollisionObjectAdd(moveit_msgs::msg::CollisionObject_<std::allocator<void> > const&)
[move_group-2] #9    Object "/opt/ros/jazzy/lib/libmoveit_planning_scene.so.2.12.4", at 0xef96a6b8cef7, in planning_scene::PlanningScene::shapesAndPosesFromCollisionObjectMessage(moveit_msgs::msg::CollisionObject_<std::allocator<void> > const&, Eigen::Transform<double, 3, 1, 0>&, std::vector<std::shared_ptr<shapes::Shape const>, std::allocator<std::shared_ptr<shapes::Shape const> > >&, std::vector<Eigen::Transform<double, 3, 1, 0>, Eigen::aligned_allocator<Eigen::Transform<double, 3, 1, 0> > >&)
[move_group-2] #8    Object "/opt/ros/jazzy/lib/libgeometric_shapes.so.2.3.4", at 0xef96a68dc57f, in shapes::constructShapeFromMsg(shape_msgs::msg::SolidPrimitive_<std::allocator<void> > const&)
[move_group-2] #7    Object "/opt/ros/jazzy/lib/libgeometric_shapes.so.2.3.4", at 0xef96a68e20ff, in shapes::Box::Box(double, double, double)
[move_group-2] #6    Object "/usr/lib/aarch64-linux-gnu/libstdc++.so.6.0.33", at 0xef96a734a907, in __cxa_throw
[move_group-2] #5    Object "/usr/lib/aarch64-linux-gnu/libstdc++.so.6.0.33", at 0xef96a7340e03, in std::terminate()
[move_group-2] #4    Object "/usr/lib/aarch64-linux-gnu/libstdc++.so.6.0.33", at 0xef96a734a56f, in 
[move_group-2] #3    Object "/usr/lib/aarch64-linux-gnu/libstdc++.so.6.0.33", at 0xef96a734d4d7, in __gnu_cxx::__verbose_terminate_handler()
[move_group-2] #2    Object "/usr/lib/aarch64-linux-gnu/libc.so.6", at 0xef96a70c7dff, in abort
[move_group-2] #1    Object "/usr/lib/aarch64-linux-gnu/libc.so.6", at 0xef96a70dcb3b, in raise
[move_group-2] #0    Object "/usr/lib/aarch64-linux-gnu/libc.so.6", at 0xef96a71274d8, in 
[move_group-2] Aborted (Signal sent by tkill() 2761 0)
[ERROR] [move_group-2]: process has died [pid 2761, exit code -6, cmd '/opt/ros/jazzy/lib/moveit_ros_move_group/move_group --ros-args --params-file /tmp/launch_params_92utr06l --params-file /tmp/launch_params_w7psfgoj --params-file /tmp/launch_params_38ogrib6 -r /panda_hand_controller/gripper_action:=/franka_gripper/gripper_action'].
[INFO] [move_group-2]: process started with pid [2931]
[move_group-2] [INFO] [1789244967.903782217] [move_group.moveit.moveit.ros.rdf_loader]: Loaded robot model in 0 seconds
[move_group-2] [INFO] [1789244967.903906761] [move_group.moveit.moveit.core.robot_model]: Loading robot model 'panda'...
[move_group-2] [WARN] [1789244967.909318717] [kdl_parser]: The root link panda_link0 has an inertia specified in the URDF, but KDL does not support a root link with an inertia.  As a workaround, you can add an extra dummy link to your URDF.
[move_group-2] [INFO] [1789244967.909411773] [move_group.moveit.moveit.kinematics.kdl_kinematics_plugin]: Joint weights for group 'panda_arm': 1 1 1 1 1 1 1
[move_group-2] [INFO] [1789244967.933610773] [move_group.moveit.moveit.ros.planning_scene_monitor]: Publishing maintained planning scene on 'monitored_planning_scene'
[move_group-2] [INFO] [1789244967.933921494] [move_group.moveit.moveit.ros.moveit_cpp]: Listening to 'joint_states' for joint states
[move_group-2] [INFO] [1789244967.935021978] [move_group.moveit.moveit.ros.current_state_monitor]: Listening to joint states on topic 'joint_states'
[move_group-2] [INFO] [1789244967.935382235] [move_group.moveit.moveit.ros.planning_scene_monitor]: Listening to '/attached_collision_object' for attached collision objects
[move_group-2] [INFO] [1789244967.935406779] [move_group.moveit.moveit.ros.planning_scene_monitor]: Stopping existing planning scene publisher.
[move_group-2] [INFO] [1789244967.935584668] [move_group.moveit.moveit.ros.planning_scene_monitor]: Stopped publishing maintained planning scene.
[move_group-2] [INFO] [1789244967.935850365] [move_group.moveit.moveit.ros.planning_scene_monitor]: Publishing maintained planning scene on 'monitored_planning_scene'
[move_group-2] [INFO] [1789244967.935964029] [move_group.moveit.moveit.ros.planning_scene_monitor]: Starting planning scene monitor
[move_group-2] [INFO] [1789244967.936876512] [move_group.moveit.moveit.ros.planning_scene_monitor]: Listening to '/planning_scene'
[move_group-2] [INFO] [1789244967.936900193] [move_group.moveit.moveit.ros.planning_scene_monitor]: Starting world geometry update monitor for collision objects, attached objects, octomap updates.
[move_group-2] [INFO] [1789244967.937170209] [move_group.moveit.moveit.ros.planning_scene_monitor]: Listening to 'collision_object'
[move_group-2] [INFO] [1789244967.937432258] [move_group.moveit.moveit.ros.planning_scene_monitor]: Listening to 'planning_scene_world' for planning scene world geometry
[move_group-2] [WARN] [1789244967.937624611] [move_group.moveit.moveit.ros.occupancy_map_monitor]: Resolution not specified for Octomap. Assuming resolution = 0.1 instead
[move_group-2] [ERROR] [1789244967.937653859] [move_group.moveit.moveit.ros.occupancy_map_monitor]: No 3D sensor plugin(s) defined for octomap updates
[move_group-2] [INFO] [1789244967.942835958] [move_group.moveit.moveit.ros.planning_pipeline]: Successfully loaded planner 'CHOMP'
[move_group-2] [INFO] [1789244967.943574745] [move_group]: Try loading adapter 'default_planning_request_adapters/ResolveConstraintFrames'
[move_group-2] [INFO] [1789244967.944190299] [move_group]: Loaded adapter 'default_planning_request_adapters/ResolveConstraintFrames'
[move_group-2] [INFO] [1789244967.944217051] [move_group]: Try loading adapter 'default_planning_request_adapters/ValidateWorkspaceBounds'
[move_group-2] [INFO] [1789244967.944364763] [move_group]: Loaded adapter 'default_planning_request_adapters/ValidateWorkspaceBounds'
[move_group-2] [INFO] [1789244967.944378812] [move_group]: Try loading adapter 'default_planning_request_adapters/CheckStartStateBounds'
[move_group-2] [INFO] [1789244967.944397884] [move_group]: Loaded adapter 'default_planning_request_adapters/CheckStartStateBounds'
[move_group-2] [INFO] [1789244967.944408124] [move_group]: Try loading adapter 'default_planning_request_adapters/CheckStartStateCollision'
[move_group-2] [INFO] [1789244967.944426876] [move_group]: Loaded adapter 'default_planning_request_adapters/CheckStartStateCollision'
[move_group-2] [INFO] [1789244967.945120510] [move_group]: Try loading adapter 'default_planning_response_adapters/AddTimeOptimalParameterization'
[move_group-2] [INFO] [1789244967.946702980] [move_group]: Loaded adapter 'default_planning_response_adapters/AddTimeOptimalParameterization'
[move_group-2] [INFO] [1789244967.958224365] [move_group.moveit.moveit.ros.planning_pipeline]: Successfully loaded planner 'OMPL'
[move_group-2] [INFO] [1789244967.959000624] [move_group]: Try loading adapter 'default_planning_request_adapters/ResolveConstraintFrames'
[move_group-2] [INFO] [1789244967.959110961] [move_group]: Loaded adapter 'default_planning_request_adapters/ResolveConstraintFrames'
[move_group-2] [INFO] [1789244967.959126001] [move_group]: Try loading adapter 'default_planning_request_adapters/ValidateWorkspaceBounds'
[move_group-2] [INFO] [1789244967.959277809] [move_group]: Loaded adapter 'default_planning_request_adapters/ValidateWorkspaceBounds'
[move_group-2] [INFO] [1789244967.959295089] [move_group]: Try loading adapter 'default_planning_request_adapters/CheckStartStateBounds'
[move_group-2] [INFO] [1789244967.959315953] [move_group]: Loaded adapter 'default_planning_request_adapters/CheckStartStateBounds'
[move_group-2] [INFO] [1789244967.959324241] [move_group]: Try loading adapter 'default_planning_request_adapters/CheckStartStateCollision'
[move_group-2] [INFO] [1789244967.959337137] [move_group]: Loaded adapter 'default_planning_request_adapters/CheckStartStateCollision'
[move_group-2] [INFO] [1789244967.959959572] [move_group]: Try loading adapter 'default_planning_response_adapters/AddTimeOptimalParameterization'
[move_group-2] [INFO] [1789244967.960299637] [move_group]: Loaded adapter 'default_planning_response_adapters/AddTimeOptimalParameterization'
[move_group-2] [INFO] [1789244967.960317333] [move_group]: Try loading adapter 'default_planning_response_adapters/ValidateSolution'
[move_group-2] [INFO] [1789244967.961914939] [move_group]: Loaded adapter 'default_planning_response_adapters/ValidateSolution'
[move_group-2] [INFO] [1789244967.961941627] [move_group]: Try loading adapter 'default_planning_response_adapters/DisplayMotionPath'
[move_group-2] [INFO] [1789244967.962364540] [move_group]: Loaded adapter 'default_planning_response_adapters/DisplayMotionPath'
[move_group-2] [INFO] [1789244967.964238819] [move_group.moveit.moveit.planners.pilz.joint_limits_aggregator]: Reading limits from namespace robot_description_planning
[move_group-2] [WARN] [1789244967.965032038] [move_group.moveit.moveit.planners.pilz.joint_limits_aggregator]: Multi-DOF-Joint 'virtual_joint' not supported.
[move_group-2] [WARN] [1789244967.965079238] [move_group.moveit.moveit.planners.pilz.joint_limits_aggregator]: Multi-DOF-Joint 'virtual_joint' not supported.
[move_group-2] [INFO] [1789244967.968934068] [move_group.moveit.moveit.planners.pilz.command_planner]: Available plugins: pilz_industrial_motion_planner/PlanningContextLoaderCIRC pilz_industrial_motion_planner/PlanningContextLoaderLIN pilz_industrial_motion_planner/PlanningContextLoaderPTP 
[move_group-2] [INFO] [1789244967.968970932] [move_group.moveit.moveit.planners.pilz.command_planner]: About to load: pilz_industrial_motion_planner/PlanningContextLoaderCIRC
[move_group-2] [INFO] [1789244967.969883256] [move_group.moveit.moveit.planners.pilz.command_planner]: Registered Algorithm [CIRC]
[move_group-2] [INFO] [1789244967.969915736] [move_group.moveit.moveit.planners.pilz.command_planner]: About to load: pilz_industrial_motion_planner/PlanningContextLoaderLIN
[move_group-2] [INFO] [1789244967.970553594] [move_group.moveit.moveit.planners.pilz.command_planner]: Registered Algorithm [LIN]
[move_group-2] [INFO] [1789244967.970583130] [move_group.moveit.moveit.planners.pilz.command_planner]: About to load: pilz_industrial_motion_planner/PlanningContextLoaderPTP
[move_group-2] [INFO] [1789244967.971158140] [move_group.moveit.moveit.planners.pilz.command_planner]: Registered Algorithm [PTP]
[move_group-2] [INFO] [1789244967.971190364] [move_group.moveit.moveit.ros.planning_pipeline]: Successfully loaded planner 'Pilz Industrial Motion Planner'
[move_group-2] [INFO] [1789244967.971859935] [move_group]: Try loading adapter 'default_planning_request_adapters/ValidateWorkspaceBounds'
[move_group-2] [INFO] [1789244967.972112672] [move_group]: Loaded adapter 'default_planning_request_adapters/ValidateWorkspaceBounds'
[move_group-2] [INFO] [1789244967.972131776] [move_group]: Try loading adapter 'default_planning_request_adapters/CheckStartStateBounds'
[move_group-2] [INFO] [1789244967.972156608] [move_group]: Loaded adapter 'default_planning_request_adapters/CheckStartStateBounds'
[move_group-2] [INFO] [1789244967.972165504] [move_group]: Try loading adapter 'default_planning_request_adapters/CheckStartStateCollision'
[move_group-2] [INFO] [1789244967.972179328] [move_group]: Loaded adapter 'default_planning_request_adapters/CheckStartStateCollision'
[move_group-2] [WARN] [1789244967.972185536] [move_group.moveit.moveit.ros.planning_pipeline]: No planning response adapter names specified.
[move_group-2] [INFO] [1789244967.974385864] [move_group.moveit.moveit.ros.planning_pipeline]: Successfully loaded planner 'STOMP'
[move_group-2] [INFO] [1789244967.975016586] [move_group]: Try loading adapter 'default_planning_request_adapters/ResolveConstraintFrames'
[move_group-2] [INFO] [1789244967.975098122] [move_group]: Loaded adapter 'default_planning_request_adapters/ResolveConstraintFrames'
[move_group-2] [INFO] [1789244967.975112266] [move_group]: Try loading adapter 'default_planning_request_adapters/ValidateWorkspaceBounds'
[move_group-2] [INFO] [1789244967.975259627] [move_group]: Loaded adapter 'default_planning_request_adapters/ValidateWorkspaceBounds'
[move_group-2] [INFO] [1789244967.975273643] [move_group]: Try loading adapter 'default_planning_request_adapters/CheckStartStateBounds'
[move_group-2] [INFO] [1789244967.975294443] [move_group]: Loaded adapter 'default_planning_request_adapters/CheckStartStateBounds'
[move_group-2] [INFO] [1789244967.975302635] [move_group]: Try loading adapter 'default_planning_request_adapters/CheckStartStateCollision'
[move_group-2] [INFO] [1789244967.975315211] [move_group]: Loaded adapter 'default_planning_request_adapters/CheckStartStateCollision'
[move_group-2] [INFO] [1789244967.975907949] [move_group]: Try loading adapter 'default_planning_response_adapters/AddTimeOptimalParameterization'
[move_group-2] [INFO] [1789244967.976273583] [move_group]: Loaded adapter 'default_planning_response_adapters/AddTimeOptimalParameterization'
[move_group-2] [INFO] [1789244967.976292975] [move_group]: Try loading adapter 'default_planning_response_adapters/ValidateSolution'
[move_group-2] [INFO] [1789244967.976519184] [move_group]: Loaded adapter 'default_planning_response_adapters/ValidateSolution'
[move_group-2] [INFO] [1789244967.976538832] [move_group]: Try loading adapter 'default_planning_response_adapters/DisplayMotionPath'
[move_group-2] [INFO] [1789244967.976708368] [move_group]: Loaded adapter 'default_planning_response_adapters/DisplayMotionPath'
[move_group-2] [INFO] [1789244968.013061043] [move_group.moveit.moveit.plugins.simple_controller_manager]: Added FollowJointTrajectory controller for panda_arm_controller
[move_group-2] [INFO] [1789244968.013125076] [move_group.moveit.moveit.plugins.simple_controller_manager]: panda_hand_controller will command a max effort of: 0
[move_group-2] [ERROR] [1789244968.014543481] [move_group.moveit.moveit.plugins.simple_controller_manager]: Parallel Gripper requires exactly two joints, 1 are specified
[move_group-2] [INFO] [1789244968.016801025] [move_group.moveit.moveit.plugins.simple_controller_manager]: Returned 1 controllers in list
[move_group-2] [INFO] [1789244968.016844353] [move_group.moveit.moveit.plugins.simple_controller_manager]: Returned 1 controllers in list
[move_group-2] [INFO] [1789244968.017282819] [move_group.moveit.moveit.ros.trajectory_execution_manager]: Trajectory execution is managing controllers
[move_group-2] [INFO] [1789244968.017317987] [move_group]: MoveGroup debug mode is ON
[move_group-2] [INFO] [1789244968.029989937] [move_group.moveit.moveit.planners.pilz.move_group_sequence_action]: initialize move group sequence action
[move_group-2] [INFO] [1789244968.033382653] [move_group.moveit.moveit.planners.pilz.joint_limits_aggregator]: Reading limits from namespace robot_description_planning
[move_group-2] [WARN] [1789244968.033498525] [move_group.moveit.moveit.planners.pilz.joint_limits_aggregator]: Multi-DOF-Joint 'virtual_joint' not supported.
[move_group-2] [WARN] [1789244968.033527741] [move_group.moveit.moveit.planners.pilz.joint_limits_aggregator]: Multi-DOF-Joint 'virtual_joint' not supported.
[move_group-2] [INFO] [1789244968.033814846] [move_group.moveit.moveit.planners.pilz.joint_limits_aggregator]: Reading limits from namespace robot_description_planning
[move_group-2] [WARN] [1789244968.033862334] [move_group.moveit.moveit.planners.pilz.joint_limits_aggregator]: Multi-DOF-Joint 'virtual_joint' not supported.
[move_group-2] [WARN] [1789244968.033880735] [move_group.moveit.moveit.planners.pilz.joint_limits_aggregator]: Multi-DOF-Joint 'virtual_joint' not supported.
[move_group-2] [INFO] [1789244968.034824546] [move_group.moveit.moveit.ros.move_group.executable]: 
[move_group-2] 
[move_group-2] ********************************************************
[move_group-2] * MoveGroup using: 
[move_group-2] *     - apply_planning_scene_service
[move_group-2] *     - clear_octomap_service
[move_group-2] *     - get_group_urdf
[move_group-2] *     - load_geometry_from_file
[move_group-2] *     - CartesianPathService
[move_group-2] *     - execute_trajectory_action
[move_group-2] *     - get_planning_scene_service
[move_group-2] *     - kinematics_service
[move_group-2] *     - move_action
[move_group-2] *     - motion_plan_service
[move_group-2] *     - query_planners_service
[move_group-2] *     - state_validation_service
[move_group-2] *     - save_geometry_to_file
[move_group-2] *     - SequenceAction
[move_group-2] *     - SequenceService
[move_group-2] ********************************************************
[move_group-2] 
[move_group-2] [INFO] [1789244968.034919362] [move_group.moveit.moveit.ros.move_group.context]: MoveGroup context using pipeline ompl
[move_group-2] [INFO] [1789244968.034933250] [move_group.moveit.moveit.ros.move_group.context]: MoveGroup context initialization complete
[move_group-2] [WARN] [1789244968.546687001] [move_group.moveit.moveit.ros.current_state_monitor]: Unable to update multi-DOF joint 'virtual_joint':Failure to lookup transform between 'world'and 'panda_link0' with TF exception: "world" passed to lookupTransform argument target_frame does not exist. 
[move_group-2] [WARN] [1789244971.284394227] [move_group.moveit.moveit.ros.planning_scene_monitor]: The complete state of the robot is not yet known.  Missing virtual_joint
[move_group-2] terminate called after throwing an instance of 'std::runtime_error'
[move_group-2]   what():  Box dimensions must be non-negative.
[move_group-2] Stack trace (most recent call last):
[move_group-2] #24   Object "/usr/lib/aarch64-linux-gnu/ld-linux-aarch64.so.1", at 0xffffffffffffffff, in 
[move_group-2] #23   Object "/opt/ros/jazzy/lib/moveit_ros_move_group/move_group", at 0xc1cb22ce1d6f, in _start
[move_group-2] #22   Object "/usr/lib/aarch64-linux-gnu/libc.so.6", at 0xfeb436b68597, in __libc_start_main
[move_group-2] #21   Object "/usr/lib/aarch64-linux-gnu/libc.so.6", at 0xfeb436b684c3, in 
[move_group-2] #20   Object "/opt/ros/jazzy/lib/moveit_ros_move_group/move_group", at 0xc1cb22ce0a07, in main
[move_group-2] #19   Object "/opt/ros/jazzy/lib/librclcpp.so", at 0xfeb43718c683, in rclcpp::executors::MultiThreadedExecutor::spin()
[move_group-2] #18   Object "/opt/ros/jazzy/lib/librclcpp.so", at 0xfeb43718c21b, in rclcpp::executors::MultiThreadedExecutor::run(unsigned long)
[move_group-2] #17   Object "/opt/ros/jazzy/lib/librclcpp.so", at 0xfeb437158e33, in rclcpp::Executor::execute_any_executable(rclcpp::AnyExecutable&)
[move_group-2] #16   Object "/opt/ros/jazzy/lib/librclcpp.so", at 0xfeb437153ffb, in rclcpp::Executor::execute_service(std::shared_ptr<rclcpp::ServiceBase>)
[move_group-2] #15   Object "/opt/ros/jazzy/lib/librclcpp.so", at 0xfeb43725c567, in 
[move_group-2] #14   Object "/opt/ros/jazzy/lib/libmoveit_move_group_default_capabilities.so.2.12.4", at 0xfeb3faea55ff, in 
[move_group-2] #13   Object "/opt/ros/jazzy/lib/libmoveit_move_group_default_capabilities.so.2.12.4", at 0xfeb3faea48bf, in move_group::ApplyPlanningSceneService::applyScene(std::shared_ptr<rmw_request_id_s> const&, std::shared_ptr<moveit_msgs::srv::ApplyPlanningScene_Request_<std::allocator<void> > > const&, std::shared_ptr<moveit_msgs::srv::ApplyPlanningScene_Response_<std::allocator<void> > > const&)
[move_group-2] #12   Object "/opt/ros/jazzy/lib/libmoveit_planning_scene_monitor.so.2.12.4", at 0xfeb4374d5003, in planning_scene_monitor::PlanningSceneMonitor::newPlanningSceneMessage(moveit_msgs::msg::PlanningScene_<std::allocator<void> > const&)
[move_group-2] #11   Object "/opt/ros/jazzy/lib/libmoveit_planning_scene.so.2.12.4", at 0xfeb4366265c7, in planning_scene::PlanningScene::setPlanningSceneDiffMsg(moveit_msgs::msg::PlanningScene_<std::allocator<void> > const&)
[move_group-2] #10   Object "/opt/ros/jazzy/lib/libmoveit_planning_scene.so.2.12.4", at 0xfeb43662e12b, in planning_scene::PlanningScene::processCollisionObjectAdd(moveit_msgs::msg::CollisionObject_<std::allocator<void> > const&)
[move_group-2] #9    Object "/opt/ros/jazzy/lib/libmoveit_planning_scene.so.2.12.4", at 0xfeb43662cef7, in planning_scene::PlanningScene::shapesAndPosesFromCollisionObjectMessage(moveit_msgs::msg::CollisionObject_<std::allocator<void> > const&, Eigen::Transform<double, 3, 1, 0>&, std::vector<std::shared_ptr<shapes::Shape const>, std::allocator<std::shared_ptr<shapes::Shape const> > >&, std::vector<Eigen::Transform<double, 3, 1, 0>, Eigen::aligned_allocator<Eigen::Transform<double, 3, 1, 0> > >&)
[move_group-2] #8    Object "/opt/ros/jazzy/lib/libgeometric_shapes.so.2.3.4", at 0xfeb43637c57f, in shapes::constructShapeFromMsg(shape_msgs::msg::SolidPrimitive_<std::allocator<void> > const&)
[move_group-2] #7    Object "/opt/ros/jazzy/lib/libgeometric_shapes.so.2.3.4", at 0xfeb4363820ff, in shapes::Box::Box(double, double, double)
[move_group-2] #6    Object "/usr/lib/aarch64-linux-gnu/libstdc++.so.6.0.33", at 0xfeb436dea907, in __cxa_throw
[move_group-2] #5    Object "/usr/lib/aarch64-linux-gnu/libstdc++.so.6.0.33", at 0xfeb436de0e03, in std::terminate()
[move_group-2] #4    Object "/usr/lib/aarch64-linux-gnu/libstdc++.so.6.0.33", at 0xfeb436dea56f, in 
[move_group-2] #3    Object "/usr/lib/aarch64-linux-gnu/libstdc++.so.6.0.33", at 0xfeb436ded4d7, in __gnu_cxx::__verbose_terminate_handler()
[move_group-2] #2    Object "/usr/lib/aarch64-linux-gnu/libc.so.6", at 0xfeb436b67dff, in abort
[move_group-2] #1    Object "/usr/lib/aarch64-linux-gnu/libc.so.6", at 0xfeb436b7cb3b, in raise
[move_group-2] #0    Object "/usr/lib/aarch64-linux-gnu/libc.so.6", at 0xfeb436bc74d8, in 
[move_group-2] Aborted (Signal sent by tkill() 2931 0)
[ERROR] [move_group-2]: process has died [pid 2931, exit code -6, cmd '/opt/ros/jazzy/lib/moveit_ros_move_group/move_group --ros-args --params-file /tmp/launch_params_92utr06l --params-file /tmp/launch_params_w7psfgoj --params-file /tmp/launch_params_38ogrib6 -r /panda_hand_controller/gripper_action:=/franka_gripper/gripper_action'].
[INFO] [move_group-2]: process started with pid [3101]
[move_group-2] [INFO] [1789244998.067141616] [move_group.moveit.moveit.ros.rdf_loader]: Loaded robot model in 0 seconds
[move_group-2] [INFO] [1789244998.067258321] [move_group.moveit.moveit.core.robot_model]: Loading robot model 'panda'...
[move_group-2] [WARN] [1789244998.072474916] [kdl_parser]: The root link panda_link0 has an inertia specified in the URDF, but KDL does not support a root link with an inertia.  As a workaround, you can add an extra dummy link to your URDF.
[move_group-2] [INFO] [1789244998.072571524] [move_group.moveit.moveit.kinematics.kdl_kinematics_plugin]: Joint weights for group 'panda_arm': 1 1 1 1 1 1 1
[move_group-2] [INFO] [1789244998.097709311] [move_group.moveit.moveit.ros.planning_scene_monitor]: Publishing maintained planning scene on 'monitored_planning_scene'
[move_group-2] [INFO] [1789244998.098041920] [move_group.moveit.moveit.ros.moveit_cpp]: Listening to 'joint_states' for joint states
[move_group-2] [INFO] [1789244998.099391237] [move_group.moveit.moveit.ros.current_state_monitor]: Listening to joint states on topic 'joint_states'
[move_group-2] [INFO] [1789244998.099817606] [move_group.moveit.moveit.ros.planning_scene_monitor]: Listening to '/attached_collision_object' for attached collision objects
[move_group-2] [INFO] [1789244998.099845990] [move_group.moveit.moveit.ros.planning_scene_monitor]: Stopping existing planning scene publisher.
[move_group-2] [INFO] [1789244998.100039111] [move_group.moveit.moveit.ros.planning_scene_monitor]: Stopped publishing maintained planning scene.
[move_group-2] [INFO] [1789244998.100386056] [move_group.moveit.moveit.ros.planning_scene_monitor]: Publishing maintained planning scene on 'monitored_planning_scene'
[move_group-2] [INFO] [1789244998.100527721] [move_group.moveit.moveit.ros.planning_scene_monitor]: Starting planning scene monitor
[move_group-2] [INFO] [1789244998.101555021] [move_group.moveit.moveit.ros.planning_scene_monitor]: Listening to '/planning_scene'
[move_group-2] [INFO] [1789244998.101581069] [move_group.moveit.moveit.ros.planning_scene_monitor]: Starting world geometry update monitor for collision objects, attached objects, octomap updates.
[move_group-2] [INFO] [1789244998.101898318] [move_group.moveit.moveit.ros.planning_scene_monitor]: Listening to 'collision_object'
[move_group-2] [INFO] [1789244998.102297423] [move_group.moveit.moveit.ros.planning_scene_monitor]: Listening to 'planning_scene_world' for planning scene world geometry
[move_group-2] [WARN] [1789244998.102511120] [move_group.moveit.moveit.ros.occupancy_map_monitor]: Resolution not specified for Octomap. Assuming resolution = 0.1 instead
[move_group-2] [ERROR] [1789244998.102544720] [move_group.moveit.moveit.ros.occupancy_map_monitor]: No 3D sensor plugin(s) defined for octomap updates
[move_group-2] [INFO] [1789244998.108227301] [move_group.moveit.moveit.ros.planning_pipeline]: Successfully loaded planner 'CHOMP'
[move_group-2] [INFO] [1789244998.108956231] [move_group]: Try loading adapter 'default_planning_request_adapters/ResolveConstraintFrames'
[move_group-2] [INFO] [1789244998.109574089] [move_group]: Loaded adapter 'default_planning_request_adapters/ResolveConstraintFrames'
[move_group-2] [INFO] [1789244998.109601418] [move_group]: Try loading adapter 'default_planning_request_adapters/ValidateWorkspaceBounds'
[move_group-2] [INFO] [1789244998.109765674] [move_group]: Loaded adapter 'default_planning_request_adapters/ValidateWorkspaceBounds'
[move_group-2] [INFO] [1789244998.109780906] [move_group]: Try loading adapter 'default_planning_request_adapters/CheckStartStateBounds'
[move_group-2] [INFO] [1789244998.109803242] [move_group]: Loaded adapter 'default_planning_request_adapters/CheckStartStateBounds'
[move_group-2] [INFO] [1789244998.109812650] [move_group]: Try loading adapter 'default_planning_request_adapters/CheckStartStateCollision'
[move_group-2] [INFO] [1789244998.109830186] [move_group]: Loaded adapter 'default_planning_request_adapters/CheckStartStateCollision'
[move_group-2] [INFO] [1789244998.110490029] [move_group]: Try loading adapter 'default_planning_response_adapters/AddTimeOptimalParameterization'
[move_group-2] [INFO] [1789244998.112036498] [move_group]: Loaded adapter 'default_planning_response_adapters/AddTimeOptimalParameterization'
[move_group-2] [INFO] [1789244998.123695260] [move_group.moveit.moveit.ros.planning_pipeline]: Successfully loaded planner 'OMPL'
[move_group-2] [INFO] [1789244998.124432287] [move_group]: Try loading adapter 'default_planning_request_adapters/ResolveConstraintFrames'
[move_group-2] [INFO] [1789244998.124523103] [move_group]: Loaded adapter 'default_planning_request_adapters/ResolveConstraintFrames'
[move_group-2] [INFO] [1789244998.124536896] [move_group]: Try loading adapter 'default_planning_request_adapters/ValidateWorkspaceBounds'
[move_group-2] [INFO] [1789244998.124677728] [move_group]: Loaded adapter 'default_planning_request_adapters/ValidateWorkspaceBounds'
[move_group-2] [INFO] [1789244998.124693504] [move_group]: Try loading adapter 'default_planning_request_adapters/CheckStartStateBounds'
[move_group-2] [INFO] [1789244998.124717824] [move_group]: Loaded adapter 'default_planning_request_adapters/CheckStartStateBounds'
[move_group-2] [INFO] [1789244998.124726592] [move_group]: Try loading adapter 'default_planning_request_adapters/CheckStartStateCollision'
[move_group-2] [INFO] [1789244998.124740832] [move_group]: Loaded adapter 'default_planning_request_adapters/CheckStartStateCollision'
[move_group-2] [INFO] [1789244998.125368803] [move_group]: Try loading adapter 'default_planning_response_adapters/AddTimeOptimalParameterization'
[move_group-2] [INFO] [1789244998.125681476] [move_group]: Loaded adapter 'default_planning_response_adapters/AddTimeOptimalParameterization'
[move_group-2] [INFO] [1789244998.125704452] [move_group]: Try loading adapter 'default_planning_response_adapters/ValidateSolution'
[move_group-2] [INFO] [1789244998.127495498] [move_group]: Loaded adapter 'default_planning_response_adapters/ValidateSolution'
[move_group-2] [INFO] [1789244998.127519626] [move_group]: Try loading adapter 'default_planning_response_adapters/DisplayMotionPath'
[move_group-2] [INFO] [1789244998.127962540] [move_group]: Loaded adapter 'default_planning_response_adapters/DisplayMotionPath'
[move_group-2] [INFO] [1789244998.129951827] [move_group.moveit.moveit.planners.pilz.joint_limits_aggregator]: Reading limits from namespace robot_description_planning
[move_group-2] [WARN] [1789244998.130807702] [move_group.moveit.moveit.planners.pilz.joint_limits_aggregator]: Multi-DOF-Joint 'virtual_joint' not supported.
[move_group-2] [WARN] [1789244998.130851894] [move_group.moveit.moveit.planners.pilz.joint_limits_aggregator]: Multi-DOF-Joint 'virtual_joint' not supported.
[move_group-2] [INFO] [1789244998.134696932] [move_group.moveit.moveit.planners.pilz.command_planner]: Available plugins: pilz_industrial_motion_planner/PlanningContextLoaderCIRC pilz_industrial_motion_planner/PlanningContextLoaderLIN pilz_industrial_motion_planner/PlanningContextLoaderPTP 
[move_group-2] [INFO] [1789244998.134732548] [move_group.moveit.moveit.planners.pilz.command_planner]: About to load: pilz_industrial_motion_planner/PlanningContextLoaderCIRC
[move_group-2] [INFO] [1789244998.135696136] [move_group.moveit.moveit.planners.pilz.command_planner]: Registered Algorithm [CIRC]
[move_group-2] [INFO] [1789244998.135728648] [move_group.moveit.moveit.planners.pilz.command_planner]: About to load: pilz_industrial_motion_planner/PlanningContextLoaderLIN
[move_group-2] [INFO] [1789244998.136334474] [move_group.moveit.moveit.planners.pilz.command_planner]: Registered Algorithm [LIN]
[move_group-2] [INFO] [1789244998.136364362] [move_group.moveit.moveit.planners.pilz.command_planner]: About to load: pilz_industrial_motion_planner/PlanningContextLoaderPTP
[move_group-2] [INFO] [1789244998.136915564] [move_group.moveit.moveit.planners.pilz.command_planner]: Registered Algorithm [PTP]
[move_group-2] [INFO] [1789244998.136947372] [move_group.moveit.moveit.ros.planning_pipeline]: Successfully loaded planner 'Pilz Industrial Motion Planner'
[move_group-2] [INFO] [1789244998.137626863] [move_group]: Try loading adapter 'default_planning_request_adapters/ValidateWorkspaceBounds'
[move_group-2] [INFO] [1789244998.137864112] [move_group]: Loaded adapter 'default_planning_request_adapters/ValidateWorkspaceBounds'
[move_group-2] [INFO] [1789244998.137883632] [move_group]: Try loading adapter 'default_planning_request_adapters/CheckStartStateBounds'
[move_group-2] [INFO] [1789244998.137909680] [move_group]: Loaded adapter 'default_planning_request_adapters/CheckStartStateBounds'
[move_group-2] [INFO] [1789244998.137919792] [move_group]: Try loading adapter 'default_planning_request_adapters/CheckStartStateCollision'
[move_group-2] [INFO] [1789244998.137935344] [move_group]: Loaded adapter 'default_planning_request_adapters/CheckStartStateCollision'
[move_group-2] [WARN] [1789244998.137944080] [move_group.moveit.moveit.ros.planning_pipeline]: No planning response adapter names specified.
[move_group-2] [INFO] [1789244998.140295352] [move_group.moveit.moveit.ros.planning_pipeline]: Successfully loaded planner 'STOMP'
[move_group-2] [INFO] [1789244998.140956379] [move_group]: Try loading adapter 'default_planning_request_adapters/ResolveConstraintFrames'
[move_group-2] [INFO] [1789244998.141037275] [move_group]: Loaded adapter 'default_planning_request_adapters/ResolveConstraintFrames'
[move_group-2] [INFO] [1789244998.141062203] [move_group]: Try loading adapter 'default_planning_request_adapters/ValidateWorkspaceBounds'
[move_group-2] [INFO] [1789244998.141236540] [move_group]: Loaded adapter 'default_planning_request_adapters/ValidateWorkspaceBounds'
[move_group-2] [INFO] [1789244998.141255484] [move_group]: Try loading adapter 'default_planning_request_adapters/CheckStartStateBounds'
[move_group-2] [INFO] [1789244998.141278012] [move_group]: Loaded adapter 'default_planning_request_adapters/CheckStartStateBounds'
[move_group-2] [INFO] [1789244998.141287036] [move_group]: Try loading adapter 'default_planning_request_adapters/CheckStartStateCollision'
[move_group-2] [INFO] [1789244998.141302460] [move_group]: Loaded adapter 'default_planning_request_adapters/CheckStartStateCollision'
[move_group-2] [INFO] [1789244998.141928158] [move_group]: Try loading adapter 'default_planning_response_adapters/AddTimeOptimalParameterization'
[move_group-2] [INFO] [1789244998.142293184] [move_group]: Loaded adapter 'default_planning_response_adapters/AddTimeOptimalParameterization'
[move_group-2] [INFO] [1789244998.142313632] [move_group]: Try loading adapter 'default_planning_response_adapters/ValidateSolution'
[move_group-2] [INFO] [1789244998.142644961] [move_group]: Loaded adapter 'default_planning_response_adapters/ValidateSolution'
[move_group-2] [INFO] [1789244998.142666113] [move_group]: Try loading adapter 'default_planning_response_adapters/DisplayMotionPath'
[move_group-2] [INFO] [1789244998.142917346] [move_group]: Loaded adapter 'default_planning_response_adapters/DisplayMotionPath'
[move_group-2] [INFO] [1789244998.183900406] [move_group.moveit.moveit.plugins.simple_controller_manager]: Added FollowJointTrajectory controller for panda_arm_controller
[move_group-2] [INFO] [1789244998.183983606] [move_group.moveit.moveit.plugins.simple_controller_manager]: panda_hand_controller will command a max effort of: 0
[move_group-2] [ERROR] [1789244998.186942209] [move_group.moveit.moveit.plugins.simple_controller_manager]: Parallel Gripper requires exactly two joints, 1 are specified
[move_group-2] [INFO] [1789244998.189941004] [move_group.moveit.moveit.plugins.simple_controller_manager]: Returned 1 controllers in list
[move_group-2] [INFO] [1789244998.189996236] [move_group.moveit.moveit.plugins.simple_controller_manager]: Returned 1 controllers in list
[move_group-2] [INFO] [1789244998.190706126] [move_group.moveit.moveit.ros.trajectory_execution_manager]: Trajectory execution is managing controllers
[move_group-2] [INFO] [1789244998.190750575] [move_group]: MoveGroup debug mode is ON
[move_group-2] [INFO] [1789244998.211475673] [move_group.moveit.moveit.planners.pilz.move_group_sequence_action]: initialize move group sequence action
[move_group-2] [INFO] [1789244998.214715845] [move_group.moveit.moveit.planners.pilz.joint_limits_aggregator]: Reading limits from namespace robot_description_planning
[move_group-2] [WARN] [1789244998.214798437] [move_group.moveit.moveit.planners.pilz.joint_limits_aggregator]: Multi-DOF-Joint 'virtual_joint' not supported.
[move_group-2] [WARN] [1789244998.214823653] [move_group.moveit.moveit.planners.pilz.joint_limits_aggregator]: Multi-DOF-Joint 'virtual_joint' not supported.
[move_group-2] [INFO] [1789244998.215075654] [move_group.moveit.moveit.planners.pilz.joint_limits_aggregator]: Reading limits from namespace robot_description_planning
[move_group-2] [WARN] [1789244998.215113830] [move_group.moveit.moveit.planners.pilz.joint_limits_aggregator]: Multi-DOF-Joint 'virtual_joint' not supported.
[move_group-2] [WARN] [1789244998.215130567] [move_group.moveit.moveit.planners.pilz.joint_limits_aggregator]: Multi-DOF-Joint 'virtual_joint' not supported.
[move_group-2] [INFO] [1789244998.216045482] [move_group.moveit.moveit.ros.move_group.executable]: 
[move_group-2] 
[move_group-2] ********************************************************
[move_group-2] * MoveGroup using: 
[move_group-2] *     - apply_planning_scene_service
[move_group-2] *     - clear_octomap_service
[move_group-2] *     - get_group_urdf
[move_group-2] *     - load_geometry_from_file
[move_group-2] *     - CartesianPathService
[move_group-2] *     - execute_trajectory_action
[move_group-2] *     - get_planning_scene_service
[move_group-2] *     - kinematics_service
[move_group-2] *     - move_action
[move_group-2] *     - motion_plan_service
[move_group-2] *     - query_planners_service
[move_group-2] *     - state_validation_service
[move_group-2] *     - save_geometry_to_file
[move_group-2] *     - SequenceAction
[move_group-2] *     - SequenceService
[move_group-2] ********************************************************
[move_group-2] 
[move_group-2] [INFO] [1789244998.216130026] [move_group.moveit.moveit.ros.move_group.context]: MoveGroup context using pipeline ompl
[move_group-2] [INFO] [1789244998.216145130] [move_group.moveit.moveit.ros.move_group.context]: MoveGroup context initialization complete
[move_group-2] [WARN] [1789244998.239348382] [move_group.moveit.moveit.ros.current_state_monitor]: Unable to update multi-DOF joint 'virtual_joint':Failure to lookup transform between 'world'and 'panda_link0' with TF exception: "world" passed to lookupTransform argument target_frame does not exist. 
[move_group-2] [WARN] [1789244998.284896962] [move_group.moveit.moveit.ros.planning_scene_monitor]: The complete state of the robot is not yet known.  Missing virtual_joint
[move_group-2] terminate called after throwing an instance of 'std::runtime_error'
[move_group-2]   what():  Box dimensions must be non-negative.
[move_group-2] Stack trace (most recent call last) in thread 3166:
[move_group-2] #22   Object "/usr/lib/aarch64-linux-gnu/ld-linux-aarch64.so.1", at 0xffffffffffffffff, in 
[move_group-2] #21   Object "/usr/lib/aarch64-linux-gnu/libc.so.6", at 0xefe897e7ba0b, in 
[move_group-2] #20   Object "/usr/lib/aarch64-linux-gnu/libc.so.6", at 0xefe897e1582b, in 
[move_group-2] #19   Object "/usr/lib/aarch64-linux-gnu/libstdc++.so.6.0.33", at 0xefe898071adf, in 
[move_group-2] #18   Object "/opt/ros/jazzy/lib/librclcpp.so", at 0xefe8983dc21b, in rclcpp::executors::MultiThreadedExecutor::run(unsigned long)
[move_group-2] #17   Object "/opt/ros/jazzy/lib/librclcpp.so", at 0xefe8983a8e33, in rclcpp::Executor::execute_any_executable(rclcpp::AnyExecutable&)
[move_group-2] #16   Object "/opt/ros/jazzy/lib/librclcpp.so", at 0xefe8983a3ffb, in rclcpp::Executor::execute_service(std::shared_ptr<rclcpp::ServiceBase>)
[move_group-2] #15   Object "/opt/ros/jazzy/lib/librclcpp.so", at 0xefe8984ac567, in 
[move_group-2] #14   Object "/opt/ros/jazzy/lib/libmoveit_move_group_default_capabilities.so.2.12.4", at 0xefe847f555ff, in 
[move_group-2] #13   Object "/opt/ros/jazzy/lib/libmoveit_move_group_default_capabilities.so.2.12.4", at 0xefe847f548bf, in move_group::ApplyPlanningSceneService::applyScene(std::shared_ptr<rmw_request_id_s> const&, std::shared_ptr<moveit_msgs::srv::ApplyPlanningScene_Request_<std::allocator<void> > > const&, std::shared_ptr<moveit_msgs::srv::ApplyPlanningScene_Response_<std::allocator<void> > > const&)
[move_group-2] #12   Object "/opt/ros/jazzy/lib/libmoveit_planning_scene_monitor.so.2.12.4", at 0xefe898725003, in planning_scene_monitor::PlanningSceneMonitor::newPlanningSceneMessage(moveit_msgs::msg::PlanningScene_<std::allocator<void> > const&)
[move_group-2] #11   Object "/opt/ros/jazzy/lib/libmoveit_planning_scene.so.2.12.4", at 0xefe8978765c7, in planning_scene::PlanningScene::setPlanningSceneDiffMsg(moveit_msgs::msg::PlanningScene_<std::allocator<void> > const&)
[move_group-2] #10   Object "/opt/ros/jazzy/lib/libmoveit_planning_scene.so.2.12.4", at 0xefe89787e12b, in planning_scene::PlanningScene::processCollisionObjectAdd(moveit_msgs::msg::CollisionObject_<std::allocator<void> > const&)
[move_group-2] #9    Object "/opt/ros/jazzy/lib/libmoveit_planning_scene.so.2.12.4", at 0xefe89787cef7, in planning_scene::PlanningScene::shapesAndPosesFromCollisionObjectMessage(moveit_msgs::msg::CollisionObject_<std::allocator<void> > const&, Eigen::Transform<double, 3, 1, 0>&, std::vector<std::shared_ptr<shapes::Shape const>, std::allocator<std::shared_ptr<shapes::Shape const> > >&, std::vector<Eigen::Transform<double, 3, 1, 0>, Eigen::aligned_allocator<Eigen::Transform<double, 3, 1, 0> > >&)
[move_group-2] #8    Object "/opt/ros/jazzy/lib/libgeometric_shapes.so.2.3.4", at 0xefe8975cc57f, in shapes::constructShapeFromMsg(shape_msgs::msg::SolidPrimitive_<std::allocator<void> > const&)
[move_group-2] #7    Object "/opt/ros/jazzy/lib/libgeometric_shapes.so.2.3.4", at 0xefe8975d20ff, in shapes::Box::Box(double, double, double)
[move_group-2] #6    Object "/usr/lib/aarch64-linux-gnu/libstdc++.so.6.0.33", at 0xefe89803a907, in __cxa_throw
[move_group-2] #5    Object "/usr/lib/aarch64-linux-gnu/libstdc++.so.6.0.33", at 0xefe898030e03, in std::terminate()
[move_group-2] #4    Object "/usr/lib/aarch64-linux-gnu/libstdc++.so.6.0.33", at 0xefe89803a56f, in 
[move_group-2] #3    Object "/usr/lib/aarch64-linux-gnu/libstdc++.so.6.0.33", at 0xefe89803d4d7, in __gnu_cxx::__verbose_terminate_handler()
[move_group-2] #2    Object "/usr/lib/aarch64-linux-gnu/libc.so.6", at 0xefe897db7dff, in abort
[move_group-2] #1    Object "/usr/lib/aarch64-linux-gnu/libc.so.6", at 0xefe897dccb3b, in raise
[move_group-2] #0    Object "/usr/lib/aarch64-linux-gnu/libc.so.6", at 0xefe897e174d8, in 
[move_group-2] Aborted (Signal sent by tkill() 3101 0)
[ERROR] [move_group-2]: process has died [pid 3101, exit code -6, cmd '/opt/ros/jazzy/lib/moveit_ros_move_group/move_group --ros-args --params-file /tmp/launch_params_92utr06l --params-file /tmp/launch_params_w7psfgoj --params-file /tmp/launch_params_38ogrib6 -r /panda_hand_controller/gripper_action:=/franka_gripper/gripper_action'].
[INFO] [move_group-2]: process started with pid [3271]
[move_group-2] [INFO] [1789245028.074845510] [move_group.moveit.moveit.ros.rdf_loader]: Loaded robot model in 0 seconds
[move_group-2] [INFO] [1789245028.074982790] [move_group.moveit.moveit.core.robot_model]: Loading robot model 'panda'...
[move_group-2] [WARN] [1789245028.080481402] [kdl_parser]: The root link panda_link0 has an inertia specified in the URDF, but KDL does not support a root link with an inertia.  As a workaround, you can add an extra dummy link to your URDF.
[move_group-2] [INFO] [1789245028.080573243] [move_group.moveit.moveit.kinematics.kdl_kinematics_plugin]: Joint weights for group 'panda_arm': 1 1 1 1 1 1 1
[move_group-2] [INFO] [1789245028.101565958] [move_group.moveit.moveit.ros.planning_scene_monitor]: Publishing maintained planning scene on 'monitored_planning_scene'
[move_group-2] [INFO] [1789245028.101745895] [move_group.moveit.moveit.ros.moveit_cpp]: Listening to 'joint_states' for joint states
[move_group-2] [INFO] [1789245028.102558122] [move_group.moveit.moveit.ros.current_state_monitor]: Listening to joint states on topic 'joint_states'
[move_group-2] [INFO] [1789245028.102829643] [move_group.moveit.moveit.ros.planning_scene_monitor]: Listening to '/attached_collision_object' for attached collision objects
[move_group-2] [INFO] [1789245028.102849067] [move_group.moveit.moveit.ros.planning_scene_monitor]: Stopping existing planning scene publisher.
[move_group-2] [INFO] [1789245028.102957611] [move_group.moveit.moveit.ros.planning_scene_monitor]: Stopped publishing maintained planning scene.
[move_group-2] [INFO] [1789245028.103205388] [move_group.moveit.moveit.ros.planning_scene_monitor]: Publishing maintained planning scene on 'monitored_planning_scene'
[move_group-2] [INFO] [1789245028.103292045] [move_group.moveit.moveit.ros.planning_scene_monitor]: Starting planning scene monitor
[move_group-2] [INFO] [1789245028.103784814] [move_group.moveit.moveit.ros.planning_scene_monitor]: Listening to '/planning_scene'
[move_group-2] [INFO] [1789245028.103804270] [move_group.moveit.moveit.ros.planning_scene_monitor]: Starting world geometry update monitor for collision objects, attached objects, octomap updates.
[move_group-2] [INFO] [1789245028.104018639] [move_group.moveit.moveit.ros.planning_scene_monitor]: Listening to 'collision_object'
[move_group-2] [INFO] [1789245028.104265936] [move_group.moveit.moveit.ros.planning_scene_monitor]: Listening to 'planning_scene_world' for planning scene world geometry
[move_group-2] [WARN] [1789245028.104384753] [move_group.moveit.moveit.ros.occupancy_map_monitor]: Resolution not specified for Octomap. Assuming resolution = 0.1 instead
[move_group-2] [ERROR] [1789245028.104403793] [move_group.moveit.moveit.ros.occupancy_map_monitor]: No 3D sensor plugin(s) defined for octomap updates
[move_group-2] [INFO] [1789245028.108615648] [move_group.moveit.moveit.ros.planning_pipeline]: Successfully loaded planner 'CHOMP'
[move_group-2] [INFO] [1789245028.109311938] [move_group]: Try loading adapter 'default_planning_request_adapters/ResolveConstraintFrames'
[move_group-2] [INFO] [1789245028.109842692] [move_group]: Loaded adapter 'default_planning_request_adapters/ResolveConstraintFrames'
[move_group-2] [INFO] [1789245028.109866660] [move_group]: Try loading adapter 'default_planning_request_adapters/ValidateWorkspaceBounds'
[move_group-2] [INFO] [1789245028.109990117] [move_group]: Loaded adapter 'default_planning_request_adapters/ValidateWorkspaceBounds'
[move_group-2] [INFO] [1789245028.110004549] [move_group]: Try loading adapter 'default_planning_request_adapters/CheckStartStateBounds'
[move_group-2] [INFO] [1789245028.110024165] [move_group]: Loaded adapter 'default_planning_request_adapters/CheckStartStateBounds'
[move_group-2] [INFO] [1789245028.110030309] [move_group]: Try loading adapter 'default_planning_request_adapters/CheckStartStateCollision'
[move_group-2] [INFO] [1789245028.110045157] [move_group]: Loaded adapter 'default_planning_request_adapters/CheckStartStateCollision'
[move_group-2] [INFO] [1789245028.110683783] [move_group]: Try loading adapter 'default_planning_response_adapters/AddTimeOptimalParameterization'
[move_group-2] [INFO] [1789245028.112004780] [move_group]: Loaded adapter 'default_planning_response_adapters/AddTimeOptimalParameterization'
[move_group-2] [INFO] [1789245028.121835535] [move_group.moveit.moveit.ros.planning_pipeline]: Successfully loaded planner 'OMPL'
[move_group-2] [INFO] [1789245028.122585906] [move_group]: Try loading adapter 'default_planning_request_adapters/ResolveConstraintFrames'
[move_group-2] [INFO] [1789245028.122675155] [move_group]: Loaded adapter 'default_planning_request_adapters/ResolveConstraintFrames'
[move_group-2] [INFO] [1789245028.122686099] [move_group]: Try loading adapter 'default_planning_request_adapters/ValidateWorkspaceBounds'
[move_group-2] [INFO] [1789245028.122859699] [move_group]: Loaded adapter 'default_planning_request_adapters/ValidateWorkspaceBounds'
[move_group-2] [INFO] [1789245028.122876179] [move_group]: Try loading adapter 'default_planning_request_adapters/CheckStartStateBounds'
[move_group-2] [INFO] [1789245028.122895475] [move_group]: Loaded adapter 'default_planning_request_adapters/CheckStartStateBounds'
[move_group-2] [INFO] [1789245028.122900787] [move_group]: Try loading adapter 'default_planning_request_adapters/CheckStartStateCollision'
[move_group-2] [INFO] [1789245028.122912147] [move_group]: Loaded adapter 'default_planning_request_adapters/CheckStartStateCollision'
[move_group-2] [INFO] [1789245028.123518454] [move_group]: Try loading adapter 'default_planning_response_adapters/AddTimeOptimalParameterization'
[move_group-2] [INFO] [1789245028.123785239] [move_group]: Loaded adapter 'default_planning_response_adapters/AddTimeOptimalParameterization'
[move_group-2] [INFO] [1789245028.123804215] [move_group]: Try loading adapter 'default_planning_response_adapters/ValidateSolution'
[move_group-2] [INFO] [1789245028.125274268] [move_group]: Loaded adapter 'default_planning_response_adapters/ValidateSolution'
[move_group-2] [INFO] [1789245028.125304412] [move_group]: Try loading adapter 'default_planning_response_adapters/DisplayMotionPath'
[move_group-2] [INFO] [1789245028.125688221] [move_group]: Loaded adapter 'default_planning_response_adapters/DisplayMotionPath'
[move_group-2] [INFO] [1789245028.127400356] [move_group.moveit.moveit.planners.pilz.joint_limits_aggregator]: Reading limits from namespace robot_description_planning
[move_group-2] [WARN] [1789245028.127982342] [move_group.moveit.moveit.planners.pilz.joint_limits_aggregator]: Multi-DOF-Joint 'virtual_joint' not supported.
[move_group-2] [WARN] [1789245028.128018374] [move_group.moveit.moveit.planners.pilz.joint_limits_aggregator]: Multi-DOF-Joint 'virtual_joint' not supported.
[move_group-2] [INFO] [1789245028.130896592] [move_group.moveit.moveit.planners.pilz.command_planner]: Available plugins: pilz_industrial_motion_planner/PlanningContextLoaderCIRC pilz_industrial_motion_planner/PlanningContextLoaderLIN pilz_industrial_motion_planner/PlanningContextLoaderPTP 
[move_group-2] [INFO] [1789245028.130936912] [move_group.moveit.moveit.planners.pilz.command_planner]: About to load: pilz_industrial_motion_planner/PlanningContextLoaderCIRC
[move_group-2] [INFO] [1789245028.131758355] [move_group.moveit.moveit.planners.pilz.command_planner]: Registered Algorithm [CIRC]
[move_group-2] [INFO] [1789245028.131796659] [move_group.moveit.moveit.planners.pilz.command_planner]: About to load: pilz_industrial_motion_planner/PlanningContextLoaderLIN
[move_group-2] [INFO] [1789245028.132322101] [move_group.moveit.moveit.planners.pilz.command_planner]: Registered Algorithm [LIN]
[move_group-2] [INFO] [1789245028.132357141] [move_group.moveit.moveit.planners.pilz.command_planner]: About to load: pilz_industrial_motion_planner/PlanningContextLoaderPTP
[move_group-2] [INFO] [1789245028.132854903] [move_group.moveit.moveit.planners.pilz.command_planner]: Registered Algorithm [PTP]
[move_group-2] [INFO] [1789245028.132892279] [move_group.moveit.moveit.ros.planning_pipeline]: Successfully loaded planner 'Pilz Industrial Motion Planner'
[move_group-2] [INFO] [1789245028.133563930] [move_group]: Try loading adapter 'default_planning_request_adapters/ValidateWorkspaceBounds'
[move_group-2] [INFO] [1789245028.133797595] [move_group]: Loaded adapter 'default_planning_request_adapters/ValidateWorkspaceBounds'
[move_group-2] [INFO] [1789245028.133816635] [move_group]: Try loading adapter 'default_planning_request_adapters/CheckStartStateBounds'
[move_group-2] [INFO] [1789245028.133839131] [move_group]: Loaded adapter 'default_planning_request_adapters/CheckStartStateBounds'
[move_group-2] [INFO] [1789245028.133846267] [move_group]: Try loading adapter 'default_planning_request_adapters/CheckStartStateCollision'
[move_group-2] [INFO] [1789245028.133857883] [move_group]: Loaded adapter 'default_planning_request_adapters/CheckStartStateCollision'
[move_group-2] [WARN] [1789245028.133864539] [move_group.moveit.moveit.ros.planning_pipeline]: No planning response adapter names specified.
[move_group-2] [INFO] [1789245028.135853218] [move_group.moveit.moveit.ros.planning_pipeline]: Successfully loaded planner 'STOMP'
[move_group-2] [INFO] [1789245028.136512293] [move_group]: Try loading adapter 'default_planning_request_adapters/ResolveConstraintFrames'
[move_group-2] [INFO] [1789245028.136596869] [move_group]: Loaded adapter 'default_planning_request_adapters/ResolveConstraintFrames'
[move_group-2] [INFO] [1789245028.136608293] [move_group]: Try loading adapter 'default_planning_request_adapters/ValidateWorkspaceBounds'
[move_group-2] [INFO] [1789245028.136751685] [move_group]: Loaded adapter 'default_planning_request_adapters/ValidateWorkspaceBounds'
[move_group-2] [INFO] [1789245028.136773285] [move_group]: Try loading adapter 'default_planning_request_adapters/CheckStartStateBounds'
[move_group-2] [INFO] [1789245028.136793702] [move_group]: Loaded adapter 'default_planning_request_adapters/CheckStartStateBounds'
[move_group-2] [INFO] [1789245028.136799558] [move_group]: Try loading adapter 'default_planning_request_adapters/CheckStartStateCollision'
[move_group-2] [INFO] [1789245028.136810982] [move_group]: Loaded adapter 'default_planning_request_adapters/CheckStartStateCollision'
[move_group-2] [INFO] [1789245028.137422760] [move_group]: Try loading adapter 'default_planning_response_adapters/AddTimeOptimalParameterization'
[move_group-2] [INFO] [1789245028.137747369] [move_group]: Loaded adapter 'default_planning_response_adapters/AddTimeOptimalParameterization'
[move_group-2] [INFO] [1789245028.137765929] [move_group]: Try loading adapter 'default_planning_response_adapters/ValidateSolution'
[move_group-2] [INFO] [1789245028.137986442] [move_group]: Loaded adapter 'default_planning_response_adapters/ValidateSolution'
[move_group-2] [INFO] [1789245028.138006026] [move_group]: Try loading adapter 'default_planning_response_adapters/DisplayMotionPath'
[move_group-2] [INFO] [1789245028.138239915] [move_group]: Loaded adapter 'default_planning_response_adapters/DisplayMotionPath'
[move_group-2] [INFO] [1789245028.169102298] [move_group.moveit.moveit.plugins.simple_controller_manager]: Added FollowJointTrajectory controller for panda_arm_controller
[move_group-2] [INFO] [1789245028.169193498] [move_group.moveit.moveit.plugins.simple_controller_manager]: panda_hand_controller will command a max effort of: 0
[move_group-2] [ERROR] [1789245028.170626400] [move_group.moveit.moveit.plugins.simple_controller_manager]: Parallel Gripper requires exactly two joints, 1 are specified
[move_group-2] [INFO] [1789245028.172690727] [move_group.moveit.moveit.plugins.simple_controller_manager]: Returned 1 controllers in list
[move_group-2] [INFO] [1789245028.172740423] [move_group.moveit.moveit.plugins.simple_controller_manager]: Returned 1 controllers in list
[move_group-2] [INFO] [1789245028.173166249] [move_group.moveit.moveit.ros.trajectory_execution_manager]: Trajectory execution is managing controllers
[move_group-2] [INFO] [1789245028.173197225] [move_group]: MoveGroup debug mode is ON
[move_group-2] [INFO] [1789245028.185319893] [move_group.moveit.moveit.planners.pilz.move_group_sequence_action]: initialize move group sequence action
[move_group-2] [INFO] [1789245028.187085211] [move_group.moveit.moveit.planners.pilz.joint_limits_aggregator]: Reading limits from namespace robot_description_planning
[move_group-2] [WARN] [1789245028.187143323] [move_group.moveit.moveit.planners.pilz.joint_limits_aggregator]: Multi-DOF-Joint 'virtual_joint' not supported.
[move_group-2] [WARN] [1789245028.187163099] [move_group.moveit.moveit.planners.pilz.joint_limits_aggregator]: Multi-DOF-Joint 'virtual_joint' not supported.
[move_group-2] [INFO] [1789245028.187318844] [move_group.moveit.moveit.planners.pilz.joint_limits_aggregator]: Reading limits from namespace robot_description_planning
[move_group-2] [WARN] [1789245028.187356316] [move_group.moveit.moveit.planners.pilz.joint_limits_aggregator]: Multi-DOF-Joint 'virtual_joint' not supported.
[move_group-2] [WARN] [1789245028.187373468] [move_group.moveit.moveit.planners.pilz.joint_limits_aggregator]: Multi-DOF-Joint 'virtual_joint' not supported.
[move_group-2] [INFO] [1789245028.187894206] [move_group.moveit.moveit.ros.move_group.executable]: 
[move_group-2] 
[move_group-2] ********************************************************
[move_group-2] * MoveGroup using: 
[move_group-2] *     - apply_planning_scene_service
[move_group-2] *     - clear_octomap_service
[move_group-2] *     - get_group_urdf
[move_group-2] *     - load_geometry_from_file
[move_group-2] *     - CartesianPathService
[move_group-2] *     - execute_trajectory_action
[move_group-2] *     - get_planning_scene_service
[move_group-2] *     - kinematics_service
[move_group-2] *     - move_action
[move_group-2] *     - motion_plan_service
[move_group-2] *     - query_planners_service
[move_group-2] *     - state_validation_service
[move_group-2] *     - save_geometry_to_file
[move_group-2] *     - SequenceAction
[move_group-2] *     - SequenceService
[move_group-2] ********************************************************
[move_group-2] 
[move_group-2] [INFO] [1789245028.187948094] [move_group.moveit.moveit.ros.move_group.context]: MoveGroup context using pipeline ompl
[move_group-2] [INFO] [1789245028.187960734] [move_group.moveit.moveit.ros.move_group.context]: MoveGroup context initialization complete
[move_group-2] [WARN] [1789245028.547911793] [move_group.moveit.moveit.ros.current_state_monitor]: Unable to update multi-DOF joint 'virtual_joint':Failure to lookup transform between 'world'and 'panda_link0' with TF exception: "world" passed to lookupTransform argument target_frame does not exist. 
[move_group-2] [WARN] [1789245031.284899848] [move_group.moveit.moveit.ros.planning_scene_monitor]: The complete state of the robot is not yet known.  Missing virtual_joint
[move_group-2] terminate called after throwing an instance of 'std::runtime_error'
[move_group-2]   what():  Box dimensions must be non-negative.
[move_group-2] Stack trace (most recent call last) in thread 3390:
[move_group-2] #22   Object "/usr/lib/aarch64-linux-gnu/ld-linux-aarch64.so.1", at 0xffffffffffffffff, in 
[move_group-2] #21   Object "/usr/lib/aarch64-linux-gnu/libc.so.6", at 0xe2646662ba0b, in 
[move_group-2] #20   Object "/usr/lib/aarch64-linux-gnu/libc.so.6", at 0xe264665c582b, in 
[move_group-2] #19   Object "/usr/lib/aarch64-linux-gnu/libstdc++.so.6.0.33", at 0xe26466821adf, in 
[move_group-2] #18   Object "/opt/ros/jazzy/lib/librclcpp.so", at 0xe26466b8c21b, in rclcpp::executors::MultiThreadedExecutor::run(unsigned long)
[move_group-2] #17   Object "/opt/ros/jazzy/lib/librclcpp.so", at 0xe26466b58e33, in rclcpp::Executor::execute_any_executable(rclcpp::AnyExecutable&)
[move_group-2] #16   Object "/opt/ros/jazzy/lib/librclcpp.so", at 0xe26466b53ffb, in rclcpp::Executor::execute_service(std::shared_ptr<rclcpp::ServiceBase>)
[move_group-2] #15   Object "/opt/ros/jazzy/lib/librclcpp.so", at 0xe26466c5c567, in 
[move_group-2] #14   Object "/opt/ros/jazzy/lib/libmoveit_move_group_default_capabilities.so.2.12.4", at 0xe2642a8b55ff, in 
[move_group-2] #13   Object "/opt/ros/jazzy/lib/libmoveit_move_group_default_capabilities.so.2.12.4", at 0xe2642a8b48bf, in move_group::ApplyPlanningSceneService::applyScene(std::shared_ptr<rmw_request_id_s> const&, std::shared_ptr<moveit_msgs::srv::ApplyPlanningScene_Request_<std::allocator<void> > > const&, std::shared_ptr<moveit_msgs::srv::ApplyPlanningScene_Response_<std::allocator<void> > > const&)
[move_group-2] #12   Object "/opt/ros/jazzy/lib/libmoveit_planning_scene_monitor.so.2.12.4", at 0xe26466ed5003, in planning_scene_monitor::PlanningSceneMonitor::newPlanningSceneMessage(moveit_msgs::msg::PlanningScene_<std::allocator<void> > const&)
[move_group-2] #11   Object "/opt/ros/jazzy/lib/libmoveit_planning_scene.so.2.12.4", at 0xe264660265c7, in planning_scene::PlanningScene::setPlanningSceneDiffMsg(moveit_msgs::msg::PlanningScene_<std::allocator<void> > const&)
[move_group-2] #10   Object "/opt/ros/jazzy/lib/libmoveit_planning_scene.so.2.12.4", at 0xe2646602e12b, in planning_scene::PlanningScene::processCollisionObjectAdd(moveit_msgs::msg::CollisionObject_<std::allocator<void> > const&)
[move_group-2] #9    Object "/opt/ros/jazzy/lib/libmoveit_planning_scene.so.2.12.4", at 0xe2646602cef7, in planning_scene::PlanningScene::shapesAndPosesFromCollisionObjectMessage(moveit_msgs::msg::CollisionObject_<std::allocator<void> > const&, Eigen::Transform<double, 3, 1, 0>&, std::vector<std::shared_ptr<shapes::Shape const>, std::allocator<std::shared_ptr<shapes::Shape const> > >&, std::vector<Eigen::Transform<double, 3, 1, 0>, Eigen::aligned_allocator<Eigen::Transform<double, 3, 1, 0> > >&)
[move_group-2] #8    Object "/opt/ros/jazzy/lib/libgeometric_shapes.so.2.3.4", at 0xe26465d7c57f, in shapes::constructShapeFromMsg(shape_msgs::msg::SolidPrimitive_<std::allocator<void> > const&)
[move_group-2] #7    Object "/opt/ros/jazzy/lib/libgeometric_shapes.so.2.3.4", at 0xe26465d820ff, in shapes::Box::Box(double, double, double)
[move_group-2] #6    Object "/usr/lib/aarch64-linux-gnu/libstdc++.so.6.0.33", at 0xe264667ea907, in __cxa_throw
[move_group-2] #5    Object "/usr/lib/aarch64-linux-gnu/libstdc++.so.6.0.33", at 0xe264667e0e03, in std::terminate()
[move_group-2] #4    Object "/usr/lib/aarch64-linux-gnu/libstdc++.so.6.0.33", at 0xe264667ea56f, in 
[move_group-2] #3    Object "/usr/lib/aarch64-linux-gnu/libstdc++.so.6.0.33", at 0xe264667ed4d7, in __gnu_cxx::__verbose_terminate_handler()
[move_group-2] #2    Object "/usr/lib/aarch64-linux-gnu/libc.so.6", at 0xe26466567dff, in abort
[move_group-2] #1    Object "/usr/lib/aarch64-linux-gnu/libc.so.6", at 0xe2646657cb3b, in raise
[move_group-2] #0    Object "/usr/lib/aarch64-linux-gnu/libc.so.6", at 0xe264665c74d8, in 
[move_group-2] Aborted (Signal sent by tkill() 3271 0)
[ERROR] [move_group-2]: process has died [pid 3271, exit code -6, cmd '/opt/ros/jazzy/lib/moveit_ros_move_group/move_group --ros-args --params-file /tmp/launch_params_92utr06l --params-file /tmp/launch_params_w7psfgoj --params-file /tmp/launch_params_38ogrib6 -r /panda_hand_controller/gripper_action:=/franka_gripper/gripper_action'].
[INFO] [move_group-2]: process started with pid [3441]
[move_group-2] [INFO] [1789245058.081419319] [move_group.moveit.moveit.ros.rdf_loader]: Loaded robot model in 0 seconds
[move_group-2] [INFO] [1789245058.081537048] [move_group.moveit.moveit.core.robot_model]: Loading robot model 'panda'...
[move_group-2] [WARN] [1789245058.086873579] [kdl_parser]: The root link panda_link0 has an inertia specified in the URDF, but KDL does not support a root link with an inertia.  As a workaround, you can add an extra dummy link to your URDF.
[move_group-2] [INFO] [1789245058.086963947] [move_group.moveit.moveit.kinematics.kdl_kinematics_plugin]: Joint weights for group 'panda_arm': 1 1 1 1 1 1 1
[move_group-2] [INFO] [1789245058.107994135] [move_group.moveit.moveit.ros.planning_scene_monitor]: Publishing maintained planning scene on 'monitored_planning_scene'
[move_group-2] [INFO] [1789245058.108200536] [move_group.moveit.moveit.ros.moveit_cpp]: Listening to 'joint_states' for joint states
[move_group-2] [INFO] [1789245058.109004859] [move_group.moveit.moveit.ros.current_state_monitor]: Listening to joint states on topic 'joint_states'
[move_group-2] [INFO] [1789245058.109288572] [move_group.moveit.moveit.ros.planning_scene_monitor]: Listening to '/attached_collision_object' for attached collision objects
[move_group-2] [INFO] [1789245058.109310652] [move_group.moveit.moveit.ros.planning_scene_monitor]: Stopping existing planning scene publisher.
[move_group-2] [INFO] [1789245058.109651965] [move_group.moveit.moveit.ros.planning_scene_monitor]: Stopped publishing maintained planning scene.
[move_group-2] [INFO] [1789245058.110554849] [move_group.moveit.moveit.ros.planning_scene_monitor]: Publishing maintained planning scene on 'monitored_planning_scene'
[move_group-2] [INFO] [1789245058.110710561] [move_group.moveit.moveit.ros.planning_scene_monitor]: Starting planning scene monitor
[move_group-2] [INFO] [1789245058.111607236] [move_group.moveit.moveit.ros.planning_scene_monitor]: Listening to '/planning_scene'
[move_group-2] [INFO] [1789245058.111633316] [move_group.moveit.moveit.ros.planning_scene_monitor]: Starting world geometry update monitor for collision objects, attached objects, octomap updates.
[move_group-2] [INFO] [1789245058.112014278] [move_group.moveit.moveit.ros.planning_scene_monitor]: Listening to 'collision_object'
[move_group-2] [INFO] [1789245058.112311975] [move_group.moveit.moveit.ros.planning_scene_monitor]: Listening to 'planning_scene_world' for planning scene world geometry
[move_group-2] [WARN] [1789245058.112543496] [move_group.moveit.moveit.ros.occupancy_map_monitor]: Resolution not specified for Octomap. Assuming resolution = 0.1 instead
[move_group-2] [ERROR] [1789245058.112573864] [move_group.moveit.moveit.ros.occupancy_map_monitor]: No 3D sensor plugin(s) defined for octomap updates
[move_group-2] [INFO] [1789245058.118377693] [move_group.moveit.moveit.ros.planning_pipeline]: Successfully loaded planner 'CHOMP'
[move_group-2] [INFO] [1789245058.119115871] [move_group]: Try loading adapter 'default_planning_request_adapters/ResolveConstraintFrames'
[move_group-2] [INFO] [1789245058.119729826] [move_group]: Loaded adapter 'default_planning_request_adapters/ResolveConstraintFrames'
[move_group-2] [INFO] [1789245058.119754562] [move_group]: Try loading adapter 'default_planning_request_adapters/ValidateWorkspaceBounds'
[move_group-2] [INFO] [1789245058.119926594] [move_group]: Loaded adapter 'default_planning_request_adapters/ValidateWorkspaceBounds'
[move_group-2] [INFO] [1789245058.119941698] [move_group]: Try loading adapter 'default_planning_request_adapters/CheckStartStateBounds'
[move_group-2] [INFO] [1789245058.119964451] [move_group]: Loaded adapter 'default_planning_request_adapters/CheckStartStateBounds'
[move_group-2] [INFO] [1789245058.119973859] [move_group]: Try loading adapter 'default_planning_request_adapters/CheckStartStateCollision'
[move_group-2] [INFO] [1789245058.119992547] [move_group]: Loaded adapter 'default_planning_request_adapters/CheckStartStateCollision'
[move_group-2] [INFO] [1789245058.120639173] [move_group]: Try loading adapter 'default_planning_response_adapters/AddTimeOptimalParameterization'
[move_group-2] [INFO] [1789245058.122298059] [move_group]: Loaded adapter 'default_planning_response_adapters/AddTimeOptimalParameterization'
[move_group-2] [INFO] [1789245058.134396951] [move_group.moveit.moveit.ros.planning_pipeline]: Successfully loaded planner 'OMPL'
[move_group-2] [INFO] [1789245058.135245978] [move_group]: Try loading adapter 'default_planning_request_adapters/ResolveConstraintFrames'
[move_group-2] [INFO] [1789245058.135345626] [move_group]: Loaded adapter 'default_planning_request_adapters/ResolveConstraintFrames'
[move_group-2] [INFO] [1789245058.135358106] [move_group]: Try loading adapter 'default_planning_request_adapters/ValidateWorkspaceBounds'
[move_group-2] [INFO] [1789245058.135553019] [move_group]: Loaded adapter 'default_planning_request_adapters/ValidateWorkspaceBounds'
[move_group-2] [INFO] [1789245058.135571259] [move_group]: Try loading adapter 'default_planning_request_adapters/CheckStartStateBounds'
[move_group-2] [INFO] [1789245058.135596347] [move_group]: Loaded adapter 'default_planning_request_adapters/CheckStartStateBounds'
[move_group-2] [INFO] [1789245058.135605467] [move_group]: Try loading adapter 'default_planning_request_adapters/CheckStartStateCollision'
[move_group-2] [INFO] [1789245058.135621051] [move_group]: Loaded adapter 'default_planning_request_adapters/CheckStartStateCollision'
[move_group-2] [INFO] [1789245058.136250109] [move_group]: Try loading adapter 'default_planning_response_adapters/AddTimeOptimalParameterization'
[move_group-2] [INFO] [1789245058.136575071] [move_group]: Loaded adapter 'default_planning_response_adapters/AddTimeOptimalParameterization'
[move_group-2] [INFO] [1789245058.136593887] [move_group]: Try loading adapter 'default_planning_response_adapters/ValidateSolution'
[move_group-2] [INFO] [1789245058.138430149] [move_group]: Loaded adapter 'default_planning_response_adapters/ValidateSolution'
[move_group-2] [INFO] [1789245058.138456421] [move_group]: Try loading adapter 'default_planning_response_adapters/DisplayMotionPath'
[move_group-2] [INFO] [1789245058.138857383] [move_group]: Loaded adapter 'default_planning_response_adapters/DisplayMotionPath'
[move_group-2] [INFO] [1789245058.140821166] [move_group.moveit.moveit.planners.pilz.joint_limits_aggregator]: Reading limits from namespace robot_description_planning
[move_group-2] [WARN] [1789245058.141673873] [move_group.moveit.moveit.planners.pilz.joint_limits_aggregator]: Multi-DOF-Joint 'virtual_joint' not supported.
[move_group-2] [WARN] [1789245058.141718001] [move_group.moveit.moveit.planners.pilz.joint_limits_aggregator]: Multi-DOF-Joint 'virtual_joint' not supported.
[move_group-2] [INFO] [1789245058.145340990] [move_group.moveit.moveit.planners.pilz.command_planner]: Available plugins: pilz_industrial_motion_planner/PlanningContextLoaderCIRC pilz_industrial_motion_planner/PlanningContextLoaderLIN pilz_industrial_motion_planner/PlanningContextLoaderPTP 
[move_group-2] [INFO] [1789245058.145375806] [move_group.moveit.moveit.planners.pilz.command_planner]: About to load: pilz_industrial_motion_planner/PlanningContextLoaderCIRC
[move_group-2] [INFO] [1789245058.146345922] [move_group.moveit.moveit.planners.pilz.command_planner]: Registered Algorithm [CIRC]
[move_group-2] [INFO] [1789245058.146376418] [move_group.moveit.moveit.planners.pilz.command_planner]: About to load: pilz_industrial_motion_planner/PlanningContextLoaderLIN
[move_group-2] [INFO] [1789245058.146963460] [move_group.moveit.moveit.planners.pilz.command_planner]: Registered Algorithm [LIN]
[move_group-2] [INFO] [1789245058.146992996] [move_group.moveit.moveit.planners.pilz.command_planner]: About to load: pilz_industrial_motion_planner/PlanningContextLoaderPTP
[move_group-2] [INFO] [1789245058.147546502] [move_group.moveit.moveit.planners.pilz.command_planner]: Registered Algorithm [PTP]
[move_group-2] [INFO] [1789245058.147577446] [move_group.moveit.moveit.ros.planning_pipeline]: Successfully loaded planner 'Pilz Industrial Motion Planner'
[move_group-2] [INFO] [1789245058.148248265] [move_group]: Try loading adapter 'default_planning_request_adapters/ValidateWorkspaceBounds'
[move_group-2] [INFO] [1789245058.148486729] [move_group]: Loaded adapter 'default_planning_request_adapters/ValidateWorkspaceBounds'
[move_group-2] [INFO] [1789245058.148504106] [move_group]: Try loading adapter 'default_planning_request_adapters/CheckStartStateBounds'
[move_group-2] [INFO] [1789245058.148526698] [move_group]: Loaded adapter 'default_planning_request_adapters/CheckStartStateBounds'
[move_group-2] [INFO] [1789245058.148534826] [move_group]: Try loading adapter 'default_planning_request_adapters/CheckStartStateCollision'
[move_group-2] [INFO] [1789245058.148547690] [move_group]: Loaded adapter 'default_planning_request_adapters/CheckStartStateCollision'
[move_group-2] [WARN] [1789245058.148554698] [move_group.moveit.moveit.ros.planning_pipeline]: No planning response adapter names specified.
[move_group-2] [INFO] [1789245058.150736242] [move_group.moveit.moveit.ros.planning_pipeline]: Successfully loaded planner 'STOMP'
[move_group-2] [INFO] [1789245058.151403508] [move_group]: Try loading adapter 'default_planning_request_adapters/ResolveConstraintFrames'
[move_group-2] [INFO] [1789245058.151472596] [move_group]: Loaded adapter 'default_planning_request_adapters/ResolveConstraintFrames'
[move_group-2] [INFO] [1789245058.151485396] [move_group]: Try loading adapter 'default_planning_request_adapters/ValidateWorkspaceBounds'
[move_group-2] [INFO] [1789245058.151640341] [move_group]: Loaded adapter 'default_planning_request_adapters/ValidateWorkspaceBounds'
[move_group-2] [INFO] [1789245058.151656981] [move_group]: Try loading adapter 'default_planning_request_adapters/CheckStartStateBounds'
[move_group-2] [INFO] [1789245058.151679765] [move_group]: Loaded adapter 'default_planning_request_adapters/CheckStartStateBounds'
[move_group-2] [INFO] [1789245058.151688053] [move_group]: Try loading adapter 'default_planning_request_adapters/CheckStartStateCollision'
[move_group-2] [INFO] [1789245058.151699925] [move_group]: Loaded adapter 'default_planning_request_adapters/CheckStartStateCollision'
[move_group-2] [INFO] [1789245058.152329527] [move_group]: Try loading adapter 'default_planning_response_adapters/AddTimeOptimalParameterization'
[move_group-2] [INFO] [1789245058.152671225] [move_group]: Loaded adapter 'default_planning_response_adapters/AddTimeOptimalParameterization'
[move_group-2] [INFO] [1789245058.152691417] [move_group]: Try loading adapter 'default_planning_response_adapters/ValidateSolution'
[move_group-2] [INFO] [1789245058.152950970] [move_group]: Loaded adapter 'default_planning_response_adapters/ValidateSolution'
[move_group-2] [INFO] [1789245058.152971514] [move_group]: Try loading adapter 'default_planning_response_adapters/DisplayMotionPath'
[move_group-2] [INFO] [1789245058.153188443] [move_group]: Loaded adapter 'default_planning_response_adapters/DisplayMotionPath'
[move_group-2] [INFO] [1789245058.191337476] [move_group.moveit.moveit.plugins.simple_controller_manager]: Added FollowJointTrajectory controller for panda_arm_controller
[move_group-2] [INFO] [1789245058.191430724] [move_group.moveit.moveit.plugins.simple_controller_manager]: panda_hand_controller will command a max effort of: 0
[move_group-2] [ERROR] [1789245058.192971050] [move_group.moveit.moveit.plugins.simple_controller_manager]: Parallel Gripper requires exactly two joints, 1 are specified
[move_group-2] [INFO] [1789245058.195304722] [move_group.moveit.moveit.plugins.simple_controller_manager]: Returned 1 controllers in list
[move_group-2] [INFO] [1789245058.195355731] [move_group.moveit.moveit.plugins.simple_controller_manager]: Returned 1 controllers in list
[move_group-2] [INFO] [1789245058.195801396] [move_group.moveit.moveit.ros.trajectory_execution_manager]: Trajectory execution is managing controllers
[move_group-2] [INFO] [1789245058.195838772] [move_group]: MoveGroup debug mode is ON
[move_group-2] [INFO] [1789245058.209899079] [move_group.moveit.moveit.planners.pilz.move_group_sequence_action]: initialize move group sequence action
[move_group-2] [INFO] [1789245058.211952271] [move_group.moveit.moveit.planners.pilz.joint_limits_aggregator]: Reading limits from namespace robot_description_planning
[move_group-2] [WARN] [1789245058.212024271] [move_group.moveit.moveit.planners.pilz.joint_limits_aggregator]: Multi-DOF-Joint 'virtual_joint' not supported.
[move_group-2] [WARN] [1789245058.212067823] [move_group.moveit.moveit.planners.pilz.joint_limits_aggregator]: Multi-DOF-Joint 'virtual_joint' not supported.
[move_group-2] [INFO] [1789245058.212281424] [move_group.moveit.moveit.planners.pilz.joint_limits_aggregator]: Reading limits from namespace robot_description_planning
[move_group-2] [WARN] [1789245058.212311280] [move_group.moveit.moveit.planners.pilz.joint_limits_aggregator]: Multi-DOF-Joint 'virtual_joint' not supported.
[move_group-2] [WARN] [1789245058.212325264] [move_group.moveit.moveit.planners.pilz.joint_limits_aggregator]: Multi-DOF-Joint 'virtual_joint' not supported.
[move_group-2] [INFO] [1789245058.212931954] [move_group.moveit.moveit.ros.move_group.executable]: 
[move_group-2] 
[move_group-2] ********************************************************
[move_group-2] * MoveGroup using: 
[move_group-2] *     - apply_planning_scene_service
[move_group-2] *     - clear_octomap_service
[move_group-2] *     - get_group_urdf
[move_group-2] *     - load_geometry_from_file
[move_group-2] *     - CartesianPathService
[move_group-2] *     - execute_trajectory_action
[move_group-2] *     - get_planning_scene_service
[move_group-2] *     - kinematics_service
[move_group-2] *     - move_action
[move_group-2] *     - motion_plan_service
[move_group-2] *     - query_planners_service
[move_group-2] *     - state_validation_service
[move_group-2] *     - save_geometry_to_file
[move_group-2] *     - SequenceAction
[move_group-2] *     - SequenceService
[move_group-2] ********************************************************
[move_group-2] 
[move_group-2] [INFO] [1789245058.213004402] [move_group.moveit.moveit.ros.move_group.context]: MoveGroup context using pipeline ompl
[move_group-2] [INFO] [1789245058.213022258] [move_group.moveit.moveit.ros.move_group.context]: MoveGroup context initialization complete
[move_group-2] [WARN] [1789245058.548636846] [move_group.moveit.moveit.ros.current_state_monitor]: Unable to update multi-DOF joint 'virtual_joint':Failure to lookup transform between 'world'and 'panda_link0' with TF exception: "world" passed to lookupTransform argument target_frame does not exist. 
[move_group-2] [WARN] [1789245061.285138019] [move_group.moveit.moveit.ros.planning_scene_monitor]: The complete state of the robot is not yet known.  Missing virtual_joint
[move_group-2] terminate called after throwing an instance of 'std::runtime_error'
[move_group-2]   what():  Box dimensions must be non-negative.
[move_group-2] Stack trace (most recent call last) in thread 3507:
[move_group-2] #22   Object "/usr/lib/aarch64-linux-gnu/ld-linux-aarch64.so.1", at 0xffffffffffffffff, in 
[move_group-2] #21   Object "/usr/lib/aarch64-linux-gnu/libc.so.6", at 0xe6bfaa66ba0b, in 
[move_group-2] #20   Object "/usr/lib/aarch64-linux-gnu/libc.so.6", at 0xe6bfaa60582b, in 
[move_group-2] #19   Object "/usr/lib/aarch64-linux-gnu/libstdc++.so.6.0.33", at 0xe6bfaa861adf, in 
[move_group-2] #18   Object "/opt/ros/jazzy/lib/librclcpp.so", at 0xe6bfaabcc21b, in rclcpp::executors::MultiThreadedExecutor::run(unsigned long)
[move_group-2] #17   Object "/opt/ros/jazzy/lib/librclcpp.so", at 0xe6bfaab98e33, in rclcpp::Executor::execute_any_executable(rclcpp::AnyExecutable&)
[move_group-2] #16   Object "/opt/ros/jazzy/lib/librclcpp.so", at 0xe6bfaab93ffb, in rclcpp::Executor::execute_service(std::shared_ptr<rclcpp::ServiceBase>)
[move_group-2] #15   Object "/opt/ros/jazzy/lib/librclcpp.so", at 0xe6bfaac9c567, in 
[move_group-2] #14   Object "/opt/ros/jazzy/lib/libmoveit_move_group_default_capabilities.so.2.12.4", at 0xe6bf6e9155ff, in 
[move_group-2] #13   Object "/opt/ros/jazzy/lib/libmoveit_move_group_default_capabilities.so.2.12.4", at 0xe6bf6e9148bf, in move_group::ApplyPlanningSceneService::applyScene(std::shared_ptr<rmw_request_id_s> const&, std::shared_ptr<moveit_msgs::srv::ApplyPlanningScene_Request_<std::allocator<void> > > const&, std::shared_ptr<moveit_msgs::srv::ApplyPlanningScene_Response_<std::allocator<void> > > const&)
[move_group-2] #12   Object "/opt/ros/jazzy/lib/libmoveit_planning_scene_monitor.so.2.12.4", at 0xe6bfaaf15003, in planning_scene_monitor::PlanningSceneMonitor::newPlanningSceneMessage(moveit_msgs::msg::PlanningScene_<std::allocator<void> > const&)
[move_group-2] #11   Object "/opt/ros/jazzy/lib/libmoveit_planning_scene.so.2.12.4", at 0xe6bfaa0665c7, in planning_scene::PlanningScene::setPlanningSceneDiffMsg(moveit_msgs::msg::PlanningScene_<std::allocator<void> > const&)
[move_group-2] #10   Object "/opt/ros/jazzy/lib/libmoveit_planning_scene.so.2.12.4", at 0xe6bfaa06e12b, in planning_scene::PlanningScene::processCollisionObjectAdd(moveit_msgs::msg::CollisionObject_<std::allocator<void> > const&)
[move_group-2] #9    Object "/opt/ros/jazzy/lib/libmoveit_planning_scene.so.2.12.4", at 0xe6bfaa06cef7, in planning_scene::PlanningScene::shapesAndPosesFromCollisionObjectMessage(moveit_msgs::msg::CollisionObject_<std::allocator<void> > const&, Eigen::Transform<double, 3, 1, 0>&, std::vector<std::shared_ptr<shapes::Shape const>, std::allocator<std::shared_ptr<shapes::Shape const> > >&, std::vector<Eigen::Transform<double, 3, 1, 0>, Eigen::aligned_allocator<Eigen::Transform<double, 3, 1, 0> > >&)
[move_group-2] #8    Object "/opt/ros/jazzy/lib/libgeometric_shapes.so.2.3.4", at 0xe6bfa9dbc57f, in shapes::constructShapeFromMsg(shape_msgs::msg::SolidPrimitive_<std::allocator<void> > const&)
[move_group-2] #7    Object "/opt/ros/jazzy/lib/libgeometric_shapes.so.2.3.4", at 0xe6bfa9dc20ff, in shapes::Box::Box(double, double, double)
[move_group-2] #6    Object "/usr/lib/aarch64-linux-gnu/libstdc++.so.6.0.33", at 0xe6bfaa82a907, in __cxa_throw
[move_group-2] #5    Object "/usr/lib/aarch64-linux-gnu/libstdc++.so.6.0.33", at 0xe6bfaa820e03, in std::terminate()
[move_group-2] #4    Object "/usr/lib/aarch64-linux-gnu/libstdc++.so.6.0.33", at 0xe6bfaa82a56f, in 
[move_group-2] #3    Object "/usr/lib/aarch64-linux-gnu/libstdc++.so.6.0.33", at 0xe6bfaa82d4d7, in __gnu_cxx::__verbose_terminate_handler()
[move_group-2] #2    Object "/usr/lib/aarch64-linux-gnu/libc.so.6", at 0xe6bfaa5a7dff, in abort
[move_group-2] #1    Object "/usr/lib/aarch64-linux-gnu/libc.so.6", at 0xe6bfaa5bcb3b, in raise
[move_group-2] #0    Object "/usr/lib/aarch64-linux-gnu/libc.so.6", at 0xe6bfaa6074d8, in 
[move_group-2] Aborted (Signal sent by tkill() 3441 0)
[ERROR] [move_group-2]: process has died [pid 3441, exit code -6, cmd '/opt/ros/jazzy/lib/moveit_ros_move_group/move_group --ros-args --params-file /tmp/launch_params_92utr06l --params-file /tmp/launch_params_w7psfgoj --params-file /tmp/launch_params_38ogrib6 -r /panda_hand_controller/gripper_action:=/franka_gripper/gripper_action'].
[INFO] [move_group-2]: process started with pid [3611]
[move_group-2] [INFO] [1789245088.092334233] [move_group.moveit.moveit.ros.rdf_loader]: Loaded robot model in 0 seconds
[move_group-2] [INFO] [1789245088.092453593] [move_group.moveit.moveit.core.robot_model]: Loading robot model 'panda'...
[move_group-2] [WARN] [1789245088.097767852] [kdl_parser]: The root link panda_link0 has an inertia specified in the URDF, but KDL does not support a root link with an inertia.  As a workaround, you can add an extra dummy link to your URDF.
[move_group-2] [INFO] [1789245088.097864461] [move_group.moveit.moveit.kinematics.kdl_kinematics_plugin]: Joint weights for group 'panda_arm': 1 1 1 1 1 1 1
[move_group-2] [INFO] [1789245088.118577687] [move_group.moveit.moveit.ros.planning_scene_monitor]: Publishing maintained planning scene on 'monitored_planning_scene'
[move_group-2] [INFO] [1789245088.118759416] [move_group.moveit.moveit.ros.moveit_cpp]: Listening to 'joint_states' for joint states
[move_group-2] [INFO] [1789245088.119571611] [move_group.moveit.moveit.ros.current_state_monitor]: Listening to joint states on topic 'joint_states'
[move_group-2] [INFO] [1789245088.119854588] [move_group.moveit.moveit.ros.planning_scene_monitor]: Listening to '/attached_collision_object' for attached collision objects
[move_group-2] [INFO] [1789245088.119875772] [move_group.moveit.moveit.ros.planning_scene_monitor]: Stopping existing planning scene publisher.
[move_group-2] [INFO] [1789245088.120217213] [move_group.moveit.moveit.ros.planning_scene_monitor]: Stopped publishing maintained planning scene.
[move_group-2] [INFO] [1789245088.121133185] [move_group.moveit.moveit.ros.planning_scene_monitor]: Publishing maintained planning scene on 'monitored_planning_scene'
[move_group-2] [INFO] [1789245088.121304545] [move_group.moveit.moveit.ros.planning_scene_monitor]: Starting planning scene monitor
[move_group-2] [INFO] [1789245088.122200868] [move_group.moveit.moveit.ros.planning_scene_monitor]: Listening to '/planning_scene'
[move_group-2] [INFO] [1789245088.122226725] [move_group.moveit.moveit.ros.planning_scene_monitor]: Starting world geometry update monitor for collision objects, attached objects, octomap updates.
[move_group-2] [INFO] [1789245088.122629318] [move_group.moveit.moveit.ros.planning_scene_monitor]: Listening to 'collision_object'
[move_group-2] [INFO] [1789245088.122920423] [move_group.moveit.moveit.ros.planning_scene_monitor]: Listening to 'planning_scene_world' for planning scene world geometry
[move_group-2] [WARN] [1789245088.123164360] [move_group.moveit.moveit.ros.occupancy_map_monitor]: Resolution not specified for Octomap. Assuming resolution = 0.1 instead
[move_group-2] [ERROR] [1789245088.123199880] [move_group.moveit.moveit.ros.occupancy_map_monitor]: No 3D sensor plugin(s) defined for octomap updates
[move_group-2] [INFO] [1789245088.129152830] [move_group.moveit.moveit.ros.planning_pipeline]: Successfully loaded planner 'CHOMP'
[move_group-2] [INFO] [1789245088.129888224] [move_group]: Try loading adapter 'default_planning_request_adapters/ResolveConstraintFrames'
[move_group-2] [INFO] [1789245088.130504930] [move_group]: Loaded adapter 'default_planning_request_adapters/ResolveConstraintFrames'
[move_group-2] [INFO] [1789245088.130530722] [move_group]: Try loading adapter 'default_planning_request_adapters/ValidateWorkspaceBounds'
[move_group-2] [INFO] [1789245088.130705411] [move_group]: Loaded adapter 'default_planning_request_adapters/ValidateWorkspaceBounds'
[move_group-2] [INFO] [1789245088.130720867] [move_group]: Try loading adapter 'default_planning_request_adapters/CheckStartStateBounds'
[move_group-2] [INFO] [1789245088.130743619] [move_group]: Loaded adapter 'default_planning_request_adapters/CheckStartStateBounds'
[move_group-2] [INFO] [1789245088.130752707] [move_group]: Try loading adapter 'default_planning_request_adapters/CheckStartStateCollision'
[move_group-2] [INFO] [1789245088.130771971] [move_group]: Loaded adapter 'default_planning_request_adapters/CheckStartStateCollision'
[move_group-2] [INFO] [1789245088.131429510] [move_group]: Try loading adapter 'default_planning_response_adapters/AddTimeOptimalParameterization'
[move_group-2] [INFO] [1789245088.133079852] [move_group]: Loaded adapter 'default_planning_response_adapters/AddTimeOptimalParameterization'
[move_group-2] [INFO] [1789245088.145541081] [move_group.moveit.moveit.ros.planning_pipeline]: Successfully loaded planner 'OMPL'
[move_group-2] [INFO] [1789245088.146521340] [move_group]: Try loading adapter 'default_planning_request_adapters/ResolveConstraintFrames'
[move_group-2] [INFO] [1789245088.146644445] [move_group]: Loaded adapter 'default_planning_request_adapters/ResolveConstraintFrames'
[move_group-2] [INFO] [1789245088.146658621] [move_group]: Try loading adapter 'default_planning_request_adapters/ValidateWorkspaceBounds'
[move_group-2] [INFO] [1789245088.146902430] [move_group]: Loaded adapter 'default_planning_request_adapters/ValidateWorkspaceBounds'
[move_group-2] [INFO] [1789245088.146921150] [move_group]: Try loading adapter 'default_planning_request_adapters/CheckStartStateBounds'
[move_group-2] [INFO] [1789245088.146945502] [move_group]: Loaded adapter 'default_planning_request_adapters/CheckStartStateBounds'
[move_group-2] [INFO] [1789245088.146955838] [move_group]: Try loading adapter 'default_planning_request_adapters/CheckStartStateCollision'
[move_group-2] [INFO] [1789245088.146970046] [move_group]: Loaded adapter 'default_planning_request_adapters/CheckStartStateCollision'
[move_group-2] [INFO] [1789245088.147645344] [move_group]: Try loading adapter 'default_planning_response_adapters/AddTimeOptimalParameterization'
[move_group-2] [INFO] [1789245088.148009890] [move_group]: Loaded adapter 'default_planning_response_adapters/AddTimeOptimalParameterization'
[move_group-2] [INFO] [1789245088.148030370] [move_group]: Try loading adapter 'default_planning_response_adapters/ValidateSolution'
[move_group-2] [INFO] [1789245088.150406634] [move_group]: Loaded adapter 'default_planning_response_adapters/ValidateSolution'
[move_group-2] [INFO] [1789245088.150444490] [move_group]: Try loading adapter 'default_planning_response_adapters/DisplayMotionPath'
[move_group-2] [INFO] [1789245088.150995564] [move_group]: Loaded adapter 'default_planning_response_adapters/DisplayMotionPath'
[move_group-2] [INFO] [1789245088.153208212] [move_group.moveit.moveit.planners.pilz.joint_limits_aggregator]: Reading limits from namespace robot_description_planning
[move_group-2] [WARN] [1789245088.154112952] [move_group.moveit.moveit.planners.pilz.joint_limits_aggregator]: Multi-DOF-Joint 'virtual_joint' not supported.
[move_group-2] [WARN] [1789245088.154159832] [move_group.moveit.moveit.planners.pilz.joint_limits_aggregator]: Multi-DOF-Joint 'virtual_joint' not supported.
[move_group-2] [INFO] [1789245088.158210534] [move_group.moveit.moveit.planners.pilz.command_planner]: Available plugins: pilz_industrial_motion_planner/PlanningContextLoaderCIRC pilz_industrial_motion_planner/PlanningContextLoaderLIN pilz_industrial_motion_planner/PlanningContextLoaderPTP 
[move_group-2] [INFO] [1789245088.158259239] [move_group.moveit.moveit.planners.pilz.command_planner]: About to load: pilz_industrial_motion_planner/PlanningContextLoaderCIRC
[move_group-2] [INFO] [1789245088.159337034] [move_group.moveit.moveit.planners.pilz.command_planner]: Registered Algorithm [CIRC]
[move_group-2] [INFO] [1789245088.159378475] [move_group.moveit.moveit.planners.pilz.command_planner]: About to load: pilz_industrial_motion_planner/PlanningContextLoaderLIN
[move_group-2] [INFO] [1789245088.160083277] [move_group.moveit.moveit.planners.pilz.command_planner]: Registered Algorithm [LIN]
[move_group-2] [INFO] [1789245088.160120845] [move_group.moveit.moveit.planners.pilz.command_planner]: About to load: pilz_industrial_motion_planner/PlanningContextLoaderPTP
[move_group-2] [INFO] [1789245088.160742895] [move_group.moveit.moveit.planners.pilz.command_planner]: Registered Algorithm [PTP]
[move_group-2] [INFO] [1789245088.160784720] [move_group.moveit.moveit.ros.planning_pipeline]: Successfully loaded planner 'Pilz Industrial Motion Planner'
[move_group-2] [INFO] [1789245088.161576083] [move_group]: Try loading adapter 'default_planning_request_adapters/ValidateWorkspaceBounds'
[move_group-2] [INFO] [1789245088.161890484] [move_group]: Loaded adapter 'default_planning_request_adapters/ValidateWorkspaceBounds'
[move_group-2] [INFO] [1789245088.161912244] [move_group]: Try loading adapter 'default_planning_request_adapters/CheckStartStateBounds'
[move_group-2] [INFO] [1789245088.161941652] [move_group]: Loaded adapter 'default_planning_request_adapters/CheckStartStateBounds'
[move_group-2] [INFO] [1789245088.161950708] [move_group]: Try loading adapter 'default_planning_request_adapters/CheckStartStateCollision'
[move_group-2] [INFO] [1789245088.161965012] [move_group]: Loaded adapter 'default_planning_request_adapters/CheckStartStateCollision'
[move_group-2] [WARN] [1789245088.161971732] [move_group.moveit.moveit.ros.planning_pipeline]: No planning response adapter names specified.
[move_group-2] [INFO] [1789245088.164616606] [move_group.moveit.moveit.ros.planning_pipeline]: Successfully loaded planner 'STOMP'
[move_group-2] [INFO] [1789245088.165323584] [move_group]: Try loading adapter 'default_planning_request_adapters/ResolveConstraintFrames'
[move_group-2] [INFO] [1789245088.165429952] [move_group]: Loaded adapter 'default_planning_request_adapters/ResolveConstraintFrames'
[move_group-2] [INFO] [1789245088.165444097] [move_group]: Try loading adapter 'default_planning_request_adapters/ValidateWorkspaceBounds'
[move_group-2] [INFO] [1789245088.165622209] [move_group]: Loaded adapter 'default_planning_request_adapters/ValidateWorkspaceBounds'
[move_group-2] [INFO] [1789245088.165638945] [move_group]: Try loading adapter 'default_planning_request_adapters/CheckStartStateBounds'
[move_group-2] [INFO] [1789245088.165662209] [move_group]: Loaded adapter 'default_planning_request_adapters/CheckStartStateBounds'
[move_group-2] [INFO] [1789245088.165671041] [move_group]: Try loading adapter 'default_planning_request_adapters/CheckStartStateCollision'
[move_group-2] [INFO] [1789245088.165686657] [move_group]: Loaded adapter 'default_planning_request_adapters/CheckStartStateCollision'
[move_group-2] [INFO] [1789245088.166348676] [move_group]: Try loading adapter 'default_planning_response_adapters/AddTimeOptimalParameterization'
[move_group-2] [INFO] [1789245088.166728165] [move_group]: Loaded adapter 'default_planning_response_adapters/AddTimeOptimalParameterization'
[move_group-2] [INFO] [1789245088.166750213] [move_group]: Try loading adapter 'default_planning_response_adapters/ValidateSolution'
[move_group-2] [INFO] [1789245088.167118087] [move_group]: Loaded adapter 'default_planning_response_adapters/ValidateSolution'
[move_group-2] [INFO] [1789245088.167139239] [move_group]: Try loading adapter 'default_planning_response_adapters/DisplayMotionPath'
[move_group-2] [INFO] [1789245088.167348903] [move_group]: Loaded adapter 'default_planning_response_adapters/DisplayMotionPath'
[move_group-2] [INFO] [1789245088.204019724] [move_group.moveit.moveit.plugins.simple_controller_manager]: Added FollowJointTrajectory controller for panda_arm_controller
[move_group-2] [INFO] [1789245088.204113772] [move_group.moveit.moveit.plugins.simple_controller_manager]: panda_hand_controller will command a max effort of: 0
[move_group-2] [ERROR] [1789245088.205653746] [move_group.moveit.moveit.plugins.simple_controller_manager]: Parallel Gripper requires exactly two joints, 1 are specified
[move_group-2] [INFO] [1789245088.208163099] [move_group.moveit.moveit.plugins.simple_controller_manager]: Returned 1 controllers in list
[move_group-2] [INFO] [1789245088.208222075] [move_group.moveit.moveit.plugins.simple_controller_manager]: Returned 1 controllers in list
[move_group-2] [INFO] [1789245088.208740477] [move_group.moveit.moveit.ros.trajectory_execution_manager]: Trajectory execution is managing controllers
[move_group-2] [INFO] [1789245088.208777949] [move_group]: MoveGroup debug mode is ON
[move_group-2] [INFO] [1789245088.222685999] [move_group.moveit.moveit.planners.pilz.move_group_sequence_action]: initialize move group sequence action
[move_group-2] [INFO] [1789245088.224601270] [move_group.moveit.moveit.planners.pilz.joint_limits_aggregator]: Reading limits from namespace robot_description_planning
[move_group-2] [WARN] [1789245088.224669014] [move_group.moveit.moveit.planners.pilz.joint_limits_aggregator]: Multi-DOF-Joint 'virtual_joint' not supported.
[move_group-2] [WARN] [1789245088.224701430] [move_group.moveit.moveit.planners.pilz.joint_limits_aggregator]: Multi-DOF-Joint 'virtual_joint' not supported.
[move_group-2] [INFO] [1789245088.224898679] [move_group.moveit.moveit.planners.pilz.joint_limits_aggregator]: Reading limits from namespace robot_description_planning
[move_group-2] [WARN] [1789245088.224932567] [move_group.moveit.moveit.planners.pilz.joint_limits_aggregator]: Multi-DOF-Joint 'virtual_joint' not supported.
[move_group-2] [WARN] [1789245088.224948247] [move_group.moveit.moveit.planners.pilz.joint_limits_aggregator]: Multi-DOF-Joint 'virtual_joint' not supported.
[move_group-2] [INFO] [1789245088.225540537] [move_group.moveit.moveit.ros.move_group.executable]: 
[move_group-2] 
[move_group-2] ********************************************************
[move_group-2] * MoveGroup using: 
[move_group-2] *     - apply_planning_scene_service
[move_group-2] *     - clear_octomap_service
[move_group-2] *     - get_group_urdf
[move_group-2] *     - load_geometry_from_file
[move_group-2] *     - CartesianPathService
[move_group-2] *     - execute_trajectory_action
[move_group-2] *     - get_planning_scene_service
[move_group-2] *     - kinematics_service
[move_group-2] *     - move_action
[move_group-2] *     - motion_plan_service
[move_group-2] *     - query_planners_service
[move_group-2] *     - state_validation_service
[move_group-2] *     - save_geometry_to_file
[move_group-2] *     - SequenceAction
[move_group-2] *     - SequenceService
[move_group-2] ********************************************************
[move_group-2] 
[move_group-2] [INFO] [1789245088.225611802] [move_group.moveit.moveit.ros.move_group.context]: MoveGroup context using pipeline ompl
[move_group-2] [INFO] [1789245088.225627706] [move_group.moveit.moveit.ros.move_group.context]: MoveGroup context initialization complete
[move_group-2] [WARN] [1789245088.550255309] [move_group.moveit.moveit.ros.current_state_monitor]: Unable to update multi-DOF joint 'virtual_joint':Failure to lookup transform between 'world'and 'panda_link0' with TF exception: "world" passed to lookupTransform argument target_frame does not exist. 
[move_group-2] [WARN] [1789245091.285809215] [move_group.moveit.moveit.ros.planning_scene_monitor]: The complete state of the robot is not yet known.  Missing virtual_joint
[move_group-2] terminate called after throwing an instance of 'std::runtime_error'
[move_group-2]   what():  Box dimensions must be non-negative.
[move_group-2] Stack trace (most recent call last) in thread 3766:
[move_group-2] #22   Object "/usr/lib/aarch64-linux-gnu/ld-linux-aarch64.so.1", at 0xffffffffffffffff, in 
[move_group-2] #21   Object "/usr/lib/aarch64-linux-gnu/libc.so.6", at 0xe01b1230ba0b, in 
[move_group-2] #20   Object "/usr/lib/aarch64-linux-gnu/libc.so.6", at 0xe01b122a582b, in 
[move_group-2] #19   Object "/usr/lib/aarch64-linux-gnu/libstdc++.so.6.0.33", at 0xe01b12501adf, in 
[move_group-2] #18   Object "/opt/ros/jazzy/lib/librclcpp.so", at 0xe01b1286c21b, in rclcpp::executors::MultiThreadedExecutor::run(unsigned long)
[move_group-2] #17   Object "/opt/ros/jazzy/lib/librclcpp.so", at 0xe01b12838e33, in rclcpp::Executor::execute_any_executable(rclcpp::AnyExecutable&)
[move_group-2] #16   Object "/opt/ros/jazzy/lib/librclcpp.so", at 0xe01b12833ffb, in rclcpp::Executor::execute_service(std::shared_ptr<rclcpp::ServiceBase>)
[move_group-2] #15   Object "/opt/ros/jazzy/lib/librclcpp.so", at 0xe01b1293c567, in 
[move_group-2] #14   Object "/opt/ros/jazzy/lib/libmoveit_move_group_default_capabilities.so.2.12.4", at 0xe01ada5c55ff, in 
[move_group-2] #13   Object "/opt/ros/jazzy/lib/libmoveit_move_group_default_capabilities.so.2.12.4", at 0xe01ada5c48bf, in move_group::ApplyPlanningSceneService::applyScene(std::shared_ptr<rmw_request_id_s> const&, std::shared_ptr<moveit_msgs::srv::ApplyPlanningScene_Request_<std::allocator<void> > > const&, std::shared_ptr<moveit_msgs::srv::ApplyPlanningScene_Response_<std::allocator<void> > > const&)
[move_group-2] #12   Object "/opt/ros/jazzy/lib/libmoveit_planning_scene_monitor.so.2.12.4", at 0xe01b12bb5003, in planning_scene_monitor::PlanningSceneMonitor::newPlanningSceneMessage(moveit_msgs::msg::PlanningScene_<std::allocator<void> > const&)
[move_group-2] #11   Object "/opt/ros/jazzy/lib/libmoveit_planning_scene.so.2.12.4", at 0xe01b11d065c7, in planning_scene::PlanningScene::setPlanningSceneDiffMsg(moveit_msgs::msg::PlanningScene_<std::allocator<void> > const&)
[move_group-2] #10   Object "/opt/ros/jazzy/lib/libmoveit_planning_scene.so.2.12.4", at 0xe01b11d0e12b, in planning_scene::PlanningScene::processCollisionObjectAdd(moveit_msgs::msg::CollisionObject_<std::allocator<void> > const&)
[move_group-2] #9    Object "/opt/ros/jazzy/lib/libmoveit_planning_scene.so.2.12.4", at 0xe01b11d0cef7, in planning_scene::PlanningScene::shapesAndPosesFromCollisionObjectMessage(moveit_msgs::msg::CollisionObject_<std::allocator<void> > const&, Eigen::Transform<double, 3, 1, 0>&, std::vector<std::shared_ptr<shapes::Shape const>, std::allocator<std::shared_ptr<shapes::Shape const> > >&, std::vector<Eigen::Transform<double, 3, 1, 0>, Eigen::aligned_allocator<Eigen::Transform<double, 3, 1, 0> > >&)
[move_group-2] #8    Object "/opt/ros/jazzy/lib/libgeometric_shapes.so.2.3.4", at 0xe01b11a5c57f, in shapes::constructShapeFromMsg(shape_msgs::msg::SolidPrimitive_<std::allocator<void> > const&)
[move_group-2] #7    Object "/opt/ros/jazzy/lib/libgeometric_shapes.so.2.3.4", at 0xe01b11a620ff, in shapes::Box::Box(double, double, double)
[move_group-2] #6    Object "/usr/lib/aarch64-linux-gnu/libstdc++.so.6.0.33", at 0xe01b124ca907, in __cxa_throw
[move_group-2] #5    Object "/usr/lib/aarch64-linux-gnu/libstdc++.so.6.0.33", at 0xe01b124c0e03, in std::terminate()
[move_group-2] #4    Object "/usr/lib/aarch64-linux-gnu/libstdc++.so.6.0.33", at 0xe01b124ca56f, in 
[move_group-2] #3    Object "/usr/lib/aarch64-linux-gnu/libstdc++.so.6.0.33", at 0xe01b124cd4d7, in __gnu_cxx::__verbose_terminate_handler()
[move_group-2] #2    Object "/usr/lib/aarch64-linux-gnu/libc.so.6", at 0xe01b12247dff, in abort
[move_group-2] #1    Object "/usr/lib/aarch64-linux-gnu/libc.so.6", at 0xe01b1225cb3b, in raise
[move_group-2] #0    Object "/usr/lib/aarch64-linux-gnu/libc.so.6", at 0xe01b122a74d8, in 
[move_group-2] Aborted (Signal sent by tkill() 3611 0)
[ERROR] [move_group-2]: process has died [pid 3611, exit code -6, cmd '/opt/ros/jazzy/lib/moveit_ros_move_group/move_group --ros-args --params-file /tmp/launch_params_92utr06l --params-file /tmp/launch_params_w7psfgoj --params-file /tmp/launch_params_38ogrib6 -r /panda_hand_controller/gripper_action:=/franka_gripper/gripper_action'].
[INFO] [move_group-2]: process started with pid [3781]
[move_group-2] [INFO] [1789245118.099069803] [move_group.moveit.moveit.ros.rdf_loader]: Loaded robot model in 0 seconds
[move_group-2] [INFO] [1789245118.099185419] [move_group.moveit.moveit.core.robot_model]: Loading robot model 'panda'...
[move_group-2] [WARN] [1789245118.104424158] [kdl_parser]: The root link panda_link0 has an inertia specified in the URDF, but KDL does not support a root link with an inertia.  As a workaround, you can add an extra dummy link to your URDF.
[move_group-2] [INFO] [1789245118.104509694] [move_group.moveit.moveit.kinematics.kdl_kinematics_plugin]: Joint weights for group 'panda_arm': 1 1 1 1 1 1 1
[move_group-2] [INFO] [1789245118.125013960] [move_group.moveit.moveit.ros.planning_scene_monitor]: Publishing maintained planning scene on 'monitored_planning_scene'
[move_group-2] [INFO] [1789245118.125202089] [move_group.moveit.moveit.ros.moveit_cpp]: Listening to 'joint_states' for joint states
[move_group-2] [INFO] [1789245118.125958188] [move_group.moveit.moveit.ros.current_state_monitor]: Listening to joint states on topic 'joint_states'
[move_group-2] [INFO] [1789245118.126234861] [move_group.moveit.moveit.ros.planning_scene_monitor]: Listening to '/attached_collision_object' for attached collision objects
[move_group-2] [INFO] [1789245118.126255853] [move_group.moveit.moveit.ros.planning_scene_monitor]: Stopping existing planning scene publisher.
[move_group-2] [INFO] [1789245118.126611470] [move_group.moveit.moveit.ros.planning_scene_monitor]: Stopped publishing maintained planning scene.
[move_group-2] [INFO] [1789245118.127543697] [move_group.moveit.moveit.ros.planning_scene_monitor]: Publishing maintained planning scene on 'monitored_planning_scene'
[move_group-2] [INFO] [1789245118.127707346] [move_group.moveit.moveit.ros.planning_scene_monitor]: Starting planning scene monitor
[move_group-2] [INFO] [1789245118.128444245] [move_group.moveit.moveit.ros.planning_scene_monitor]: Listening to '/planning_scene'
[move_group-2] [INFO] [1789245118.128481813] [move_group.moveit.moveit.ros.planning_scene_monitor]: Starting world geometry update monitor for collision objects, attached objects, octomap updates.
[move_group-2] [INFO] [1789245118.128736342] [move_group.moveit.moveit.ros.planning_scene_monitor]: Listening to 'collision_object'
[move_group-2] [INFO] [1789245118.128983223] [move_group.moveit.moveit.ros.planning_scene_monitor]: Listening to 'planning_scene_world' for planning scene world geometry
[move_group-2] [WARN] [1789245118.129130327] [move_group.moveit.moveit.ros.occupancy_map_monitor]: Resolution not specified for Octomap. Assuming resolution = 0.1 instead
[move_group-2] [ERROR] [1789245118.129152791] [move_group.moveit.moveit.ros.occupancy_map_monitor]: No 3D sensor plugin(s) defined for octomap updates
[move_group-2] [INFO] [1789245118.133500807] [move_group.moveit.moveit.ros.planning_pipeline]: Successfully loaded planner 'CHOMP'
[move_group-2] [INFO] [1789245118.134185065] [move_group]: Try loading adapter 'default_planning_request_adapters/ResolveConstraintFrames'
[move_group-2] [INFO] [1789245118.134722603] [move_group]: Loaded adapter 'default_planning_request_adapters/ResolveConstraintFrames'
[move_group-2] [INFO] [1789245118.134748683] [move_group]: Try loading adapter 'default_planning_request_adapters/ValidateWorkspaceBounds'
[move_group-2] [INFO] [1789245118.134876812] [move_group]: Loaded adapter 'default_planning_request_adapters/ValidateWorkspaceBounds'
[move_group-2] [INFO] [1789245118.134893036] [move_group]: Try loading adapter 'default_planning_request_adapters/CheckStartStateBounds'
[move_group-2] [INFO] [1789245118.134913900] [move_group]: Loaded adapter 'default_planning_request_adapters/CheckStartStateBounds'
[move_group-2] [INFO] [1789245118.134919948] [move_group]: Try loading adapter 'default_planning_request_adapters/CheckStartStateCollision'
[move_group-2] [INFO] [1789245118.134933676] [move_group]: Loaded adapter 'default_planning_request_adapters/CheckStartStateCollision'
[move_group-2] [INFO] [1789245118.135577486] [move_group]: Try loading adapter 'default_planning_response_adapters/AddTimeOptimalParameterization'
[move_group-2] [INFO] [1789245118.136926739] [move_group]: Loaded adapter 'default_planning_response_adapters/AddTimeOptimalParameterization'
[move_group-2] [INFO] [1789245118.146864663] [move_group.moveit.moveit.ros.planning_pipeline]: Successfully loaded planner 'OMPL'
[move_group-2] [INFO] [1789245118.147626458] [move_group]: Try loading adapter 'default_planning_request_adapters/ResolveConstraintFrames'
[move_group-2] [INFO] [1789245118.147726746] [move_group]: Loaded adapter 'default_planning_request_adapters/ResolveConstraintFrames'
[move_group-2] [INFO] [1789245118.147738330] [move_group]: Try loading adapter 'default_planning_request_adapters/ValidateWorkspaceBounds'
[move_group-2] [INFO] [1789245118.147912155] [move_group]: Loaded adapter 'default_planning_request_adapters/ValidateWorkspaceBounds'
[move_group-2] [INFO] [1789245118.147931995] [move_group]: Try loading adapter 'default_planning_request_adapters/CheckStartStateBounds'
[move_group-2] [INFO] [1789245118.147953723] [move_group]: Loaded adapter 'default_planning_request_adapters/CheckStartStateBounds'
[move_group-2] [INFO] [1789245118.147960155] [move_group]: Try loading adapter 'default_planning_request_adapters/CheckStartStateCollision'
[move_group-2] [INFO] [1789245118.147972411] [move_group]: Loaded adapter 'default_planning_request_adapters/CheckStartStateCollision'
[move_group-2] [INFO] [1789245118.148606941] [move_group]: Try loading adapter 'default_planning_response_adapters/AddTimeOptimalParameterization'
[move_group-2] [INFO] [1789245118.148868222] [move_group]: Loaded adapter 'default_planning_response_adapters/AddTimeOptimalParameterization'
[move_group-2] [INFO] [1789245118.148890399] [move_group]: Try loading adapter 'default_planning_response_adapters/ValidateSolution'
[move_group-2] [INFO] [1789245118.150459940] [move_group]: Loaded adapter 'default_planning_response_adapters/ValidateSolution'
[move_group-2] [INFO] [1789245118.150493764] [move_group]: Try loading adapter 'default_planning_response_adapters/DisplayMotionPath'
[move_group-2] [INFO] [1789245118.150939718] [move_group]: Loaded adapter 'default_planning_response_adapters/DisplayMotionPath'
[move_group-2] [INFO] [1789245118.152780013] [move_group.moveit.moveit.planners.pilz.joint_limits_aggregator]: Reading limits from namespace robot_description_planning
[move_group-2] [WARN] [1789245118.153415055] [move_group.moveit.moveit.planners.pilz.joint_limits_aggregator]: Multi-DOF-Joint 'virtual_joint' not supported.
[move_group-2] [WARN] [1789245118.153455695] [move_group.moveit.moveit.planners.pilz.joint_limits_aggregator]: Multi-DOF-Joint 'virtual_joint' not supported.
[move_group-2] [INFO] [1789245118.156306073] [move_group.moveit.moveit.planners.pilz.command_planner]: Available plugins: pilz_industrial_motion_planner/PlanningContextLoaderCIRC pilz_industrial_motion_planner/PlanningContextLoaderLIN pilz_industrial_motion_planner/PlanningContextLoaderPTP 
[move_group-2] [INFO] [1789245118.156347065] [move_group.moveit.moveit.planners.pilz.command_planner]: About to load: pilz_industrial_motion_planner/PlanningContextLoaderCIRC
[move_group-2] [INFO] [1789245118.157248957] [move_group.moveit.moveit.planners.pilz.command_planner]: Registered Algorithm [CIRC]
[move_group-2] [INFO] [1789245118.157288253] [move_group.moveit.moveit.planners.pilz.command_planner]: About to load: pilz_industrial_motion_planner/PlanningContextLoaderLIN
[move_group-2] [INFO] [1789245118.157864543] [move_group.moveit.moveit.planners.pilz.command_planner]: Registered Algorithm [LIN]
[move_group-2] [INFO] [1789245118.157901087] [move_group.moveit.moveit.planners.pilz.command_planner]: About to load: pilz_industrial_motion_planner/PlanningContextLoaderPTP
[move_group-2] [INFO] [1789245118.158461921] [move_group.moveit.moveit.planners.pilz.command_planner]: Registered Algorithm [PTP]
[move_group-2] [INFO] [1789245118.158498305] [move_group.moveit.moveit.ros.planning_pipeline]: Successfully loaded planner 'Pilz Industrial Motion Planner'
[move_group-2] [INFO] [1789245118.159188004] [move_group]: Try loading adapter 'default_planning_request_adapters/ValidateWorkspaceBounds'
[move_group-2] [INFO] [1789245118.159417413] [move_group]: Loaded adapter 'default_planning_request_adapters/ValidateWorkspaceBounds'
[move_group-2] [INFO] [1789245118.159437381] [move_group]: Try loading adapter 'default_planning_request_adapters/CheckStartStateBounds'
[move_group-2] [INFO] [1789245118.159459013] [move_group]: Loaded adapter 'default_planning_request_adapters/CheckStartStateBounds'
[move_group-2] [INFO] [1789245118.159465637] [move_group]: Try loading adapter 'default_planning_request_adapters/CheckStartStateCollision'
[move_group-2] [INFO] [1789245118.159477765] [move_group]: Loaded adapter 'default_planning_request_adapters/CheckStartStateCollision'
[move_group-2] [WARN] [1789245118.159483429] [move_group.moveit.moveit.ros.planning_pipeline]: No planning response adapter names specified.
[move_group-2] [INFO] [1789245118.161530796] [move_group.moveit.moveit.ros.planning_pipeline]: Successfully loaded planner 'STOMP'
[move_group-2] [INFO] [1789245118.162195438] [move_group]: Try loading adapter 'default_planning_request_adapters/ResolveConstraintFrames'
[move_group-2] [INFO] [1789245118.162276079] [move_group]: Loaded adapter 'default_planning_request_adapters/ResolveConstraintFrames'
[move_group-2] [INFO] [1789245118.162285839] [move_group]: Try loading adapter 'default_planning_request_adapters/ValidateWorkspaceBounds'
[move_group-2] [INFO] [1789245118.162432495] [move_group]: Loaded adapter 'default_planning_request_adapters/ValidateWorkspaceBounds'
[move_group-2] [INFO] [1789245118.162453103] [move_group]: Try loading adapter 'default_planning_request_adapters/CheckStartStateBounds'
[move_group-2] [INFO] [1789245118.162474704] [move_group]: Loaded adapter 'default_planning_request_adapters/CheckStartStateBounds'
[move_group-2] [INFO] [1789245118.162480816] [move_group]: Try loading adapter 'default_planning_request_adapters/CheckStartStateCollision'
[move_group-2] [INFO] [1789245118.162492880] [move_group]: Loaded adapter 'default_planning_request_adapters/CheckStartStateCollision'
[move_group-2] [INFO] [1789245118.163135794] [move_group]: Try loading adapter 'default_planning_response_adapters/AddTimeOptimalParameterization'
[move_group-2] [INFO] [1789245118.163461043] [move_group]: Loaded adapter 'default_planning_response_adapters/AddTimeOptimalParameterization'
[move_group-2] [INFO] [1789245118.163482803] [move_group]: Try loading adapter 'default_planning_response_adapters/ValidateSolution'
[move_group-2] [INFO] [1789245118.163731668] [move_group]: Loaded adapter 'default_planning_response_adapters/ValidateSolution'
[move_group-2] [INFO] [1789245118.163750900] [move_group]: Try loading adapter 'default_planning_response_adapters/DisplayMotionPath'
[move_group-2] [INFO] [1789245118.163932533] [move_group]: Loaded adapter 'default_planning_response_adapters/DisplayMotionPath'
[move_group-2] [INFO] [1789245118.194556835] [move_group.moveit.moveit.plugins.simple_controller_manager]: Added FollowJointTrajectory controller for panda_arm_controller
[move_group-2] [INFO] [1789245118.194620804] [move_group.moveit.moveit.plugins.simple_controller_manager]: panda_hand_controller will command a max effort of: 0
[move_group-2] [ERROR] [1789245118.196072585] [move_group.moveit.moveit.plugins.simple_controller_manager]: Parallel Gripper requires exactly two joints, 1 are specified
[move_group-2] [INFO] [1789245118.198100112] [move_group.moveit.moveit.plugins.simple_controller_manager]: Returned 1 controllers in list
[move_group-2] [INFO] [1789245118.198149168] [move_group.moveit.moveit.plugins.simple_controller_manager]: Returned 1 controllers in list
[move_group-2] [INFO] [1789245118.198562930] [move_group.moveit.moveit.ros.trajectory_execution_manager]: Trajectory execution is managing controllers
[move_group-2] [INFO] [1789245118.198593042] [move_group]: MoveGroup debug mode is ON
[move_group-2] [INFO] [1789245118.210521533] [move_group.moveit.moveit.planners.pilz.move_group_sequence_action]: initialize move group sequence action
[move_group-2] [INFO] [1789245118.212294851] [move_group.moveit.moveit.planners.pilz.joint_limits_aggregator]: Reading limits from namespace robot_description_planning
[move_group-2] [WARN] [1789245118.212348356] [move_group.moveit.moveit.planners.pilz.joint_limits_aggregator]: Multi-DOF-Joint 'virtual_joint' not supported.
[move_group-2] [WARN] [1789245118.212368612] [move_group.moveit.moveit.planners.pilz.joint_limits_aggregator]: Multi-DOF-Joint 'virtual_joint' not supported.
[move_group-2] [INFO] [1789245118.212519556] [move_group.moveit.moveit.planners.pilz.joint_limits_aggregator]: Reading limits from namespace robot_description_planning
[move_group-2] [WARN] [1789245118.212551620] [move_group.moveit.moveit.planners.pilz.joint_limits_aggregator]: Multi-DOF-Joint 'virtual_joint' not supported.
[move_group-2] [WARN] [1789245118.212568580] [move_group.moveit.moveit.planners.pilz.joint_limits_aggregator]: Multi-DOF-Joint 'virtual_joint' not supported.
[move_group-2] [INFO] [1789245118.213107750] [move_group.moveit.moveit.ros.move_group.executable]: 
[move_group-2] 
[move_group-2] ********************************************************
[move_group-2] * MoveGroup using: 
[move_group-2] *     - apply_planning_scene_service
[move_group-2] *     - clear_octomap_service
[move_group-2] *     - get_group_urdf
[move_group-2] *     - load_geometry_from_file
[move_group-2] *     - CartesianPathService
[move_group-2] *     - execute_trajectory_action
[move_group-2] *     - get_planning_scene_service
[move_group-2] *     - kinematics_service
[move_group-2] *     - move_action
[move_group-2] *     - motion_plan_service
[move_group-2] *     - query_planners_service
[move_group-2] *     - state_validation_service
[move_group-2] *     - save_geometry_to_file
[move_group-2] *     - SequenceAction
[move_group-2] *     - SequenceService
[move_group-2] ********************************************************
[move_group-2] 
[move_group-2] [INFO] [1789245118.213172455] [move_group.moveit.moveit.ros.move_group.context]: MoveGroup context using pipeline ompl
[move_group-2] [INFO] [1789245118.213187271] [move_group.moveit.moveit.ros.move_group.context]: MoveGroup context initialization complete
[move_group-2] [WARN] [1789245118.552532079] [move_group.moveit.moveit.ros.current_state_monitor]: Unable to update multi-DOF joint 'virtual_joint':Failure to lookup transform between 'world'and 'panda_link0' with TF exception: "world" passed to lookupTransform argument target_frame does not exist. 
[move_group-2] [WARN] [1789245121.285112086] [move_group.moveit.moveit.ros.planning_scene_monitor]: The complete state of the robot is not yet known.  Missing virtual_joint
[move_group-2] terminate called after throwing an instance of 'std::runtime_error'
[move_group-2]   what():  Box dimensions must be non-negative.
[move_group-2] Stack trace (most recent call last) in thread 3903:
[move_group-2] #22   Object "/usr/lib/aarch64-linux-gnu/ld-linux-aarch64.so.1", at 0xffffffffffffffff, in 
[move_group-2] #21   Object "/usr/lib/aarch64-linux-gnu/libc.so.6", at 0xe2b77edfba0b, in 
[move_group-2] #20   Object "/usr/lib/aarch64-linux-gnu/libc.so.6", at 0xe2b77ed9582b, in 
[move_group-2] #19   Object "/usr/lib/aarch64-linux-gnu/libstdc++.so.6.0.33", at 0xe2b77eff1adf, in 
[move_group-2] #18   Object "/opt/ros/jazzy/lib/librclcpp.so", at 0xe2b77f35c21b, in rclcpp::executors::MultiThreadedExecutor::run(unsigned long)
[move_group-2] #17   Object "/opt/ros/jazzy/lib/librclcpp.so", at 0xe2b77f328e33, in rclcpp::Executor::execute_any_executable(rclcpp::AnyExecutable&)
[move_group-2] #16   Object "/opt/ros/jazzy/lib/librclcpp.so", at 0xe2b77f323ffb, in rclcpp::Executor::execute_service(std::shared_ptr<rclcpp::ServiceBase>)
[move_group-2] #15   Object "/opt/ros/jazzy/lib/librclcpp.so", at 0xe2b77f42c567, in 
[move_group-2] #14   Object "/opt/ros/jazzy/lib/libmoveit_move_group_default_capabilities.so.2.12.4", at 0xe2b7580c55ff, in 
[move_group-2] #13   Object "/opt/ros/jazzy/lib/libmoveit_move_group_default_capabilities.so.2.12.4", at 0xe2b7580c48bf, in move_group::ApplyPlanningSceneService::applyScene(std::shared_ptr<rmw_request_id_s> const&, std::shared_ptr<moveit_msgs::srv::ApplyPlanningScene_Request_<std::allocator<void> > > const&, std::shared_ptr<moveit_msgs::srv::ApplyPlanningScene_Response_<std::allocator<void> > > const&)
[move_group-2] #12   Object "/opt/ros/jazzy/lib/libmoveit_planning_scene_monitor.so.2.12.4", at 0xe2b77f6a5003, in planning_scene_monitor::PlanningSceneMonitor::newPlanningSceneMessage(moveit_msgs::msg::PlanningScene_<std::allocator<void> > const&)
[move_group-2] #11   Object "/opt/ros/jazzy/lib/libmoveit_planning_scene.so.2.12.4", at 0xe2b77e7f65c7, in planning_scene::PlanningScene::setPlanningSceneDiffMsg(moveit_msgs::msg::PlanningScene_<std::allocator<void> > const&)
[move_group-2] #10   Object "/opt/ros/jazzy/lib/libmoveit_planning_scene.so.2.12.4", at 0xe2b77e7fe12b, in planning_scene::PlanningScene::processCollisionObjectAdd(moveit_msgs::msg::CollisionObject_<std::allocator<void> > const&)
[move_group-2] #9    Object "/opt/ros/jazzy/lib/libmoveit_planning_scene.so.2.12.4", at 0xe2b77e7fcef7, in planning_scene::PlanningScene::shapesAndPosesFromCollisionObjectMessage(moveit_msgs::msg::CollisionObject_<std::allocator<void> > const&, Eigen::Transform<double, 3, 1, 0>&, std::vector<std::shared_ptr<shapes::Shape const>, std::allocator<std::shared_ptr<shapes::Shape const> > >&, std::vector<Eigen::Transform<double, 3, 1, 0>, Eigen::aligned_allocator<Eigen::Transform<double, 3, 1, 0> > >&)
[move_group-2] #8    Object "/opt/ros/jazzy/lib/libgeometric_shapes.so.2.3.4", at 0xe2b77e54c57f, in shapes::constructShapeFromMsg(shape_msgs::msg::SolidPrimitive_<std::allocator<void> > const&)
[move_group-2] #7    Object "/opt/ros/jazzy/lib/libgeometric_shapes.so.2.3.4", at 0xe2b77e5520ff, in shapes::Box::Box(double, double, double)
[move_group-2] #6    Object "/usr/lib/aarch64-linux-gnu/libstdc++.so.6.0.33", at 0xe2b77efba907, in __cxa_throw
[move_group-2] #5    Object "/usr/lib/aarch64-linux-gnu/libstdc++.so.6.0.33", at 0xe2b77efb0e03, in std::terminate()
[move_group-2] #4    Object "/usr/lib/aarch64-linux-gnu/libstdc++.so.6.0.33", at 0xe2b77efba56f, in 
[move_group-2] #3    Object "/usr/lib/aarch64-linux-gnu/libstdc++.so.6.0.33", at 0xe2b77efbd4d7, in __gnu_cxx::__verbose_terminate_handler()
[move_group-2] #2    Object "/usr/lib/aarch64-linux-gnu/libc.so.6", at 0xe2b77ed37dff, in abort
[move_group-2] #1    Object "/usr/lib/aarch64-linux-gnu/libc.so.6", at 0xe2b77ed4cb3b, in raise
[move_group-2] #0    Object "/usr/lib/aarch64-linux-gnu/libc.so.6", at 0xe2b77ed974d8, in 
[move_group-2] Aborted (Signal sent by tkill() 3781 0)
[ERROR] [move_group-2]: process has died [pid 3781, exit code -6, cmd '/opt/ros/jazzy/lib/moveit_ros_move_group/move_group --ros-args --params-file /tmp/launch_params_92utr06l --params-file /tmp/launch_params_w7psfgoj --params-file /tmp/launch_params_38ogrib6 -r /panda_hand_controller/gripper_action:=/franka_gripper/gripper_action'].
[INFO] [move_group-2]: process started with pid [3951]
[move_group-2] [INFO] [1789245148.099706439] [move_group.moveit.moveit.ros.rdf_loader]: Loaded robot model in 0 seconds
[move_group-2] [INFO] [1789245148.099830535] [move_group.moveit.moveit.core.robot_model]: Loading robot model 'panda'...
[move_group-2] [WARN] [1789245148.105198747] [kdl_parser]: The root link panda_link0 has an inertia specified in the URDF, but KDL does not support a root link with an inertia.  As a workaround, you can add an extra dummy link to your URDF.
[move_group-2] [INFO] [1789245148.105293339] [move_group.moveit.moveit.kinematics.kdl_kinematics_plugin]: Joint weights for group 'panda_arm': 1 1 1 1 1 1 1
[move_group-2] [INFO] [1789245148.125897925] [move_group.moveit.moveit.ros.planning_scene_monitor]: Publishing maintained planning scene on 'monitored_planning_scene'
[move_group-2] [INFO] [1789245148.126097446] [move_group.moveit.moveit.ros.moveit_cpp]: Listening to 'joint_states' for joint states
[move_group-2] [INFO] [1789245148.126900233] [move_group.moveit.moveit.ros.current_state_monitor]: Listening to joint states on topic 'joint_states'
[move_group-2] [INFO] [1789245148.127200906] [move_group.moveit.moveit.ros.planning_scene_monitor]: Listening to '/attached_collision_object' for attached collision objects
[move_group-2] [INFO] [1789245148.127224010] [move_group.moveit.moveit.ros.planning_scene_monitor]: Stopping existing planning scene publisher.
[move_group-2] [INFO] [1789245148.127578411] [move_group.moveit.moveit.ros.planning_scene_monitor]: Stopped publishing maintained planning scene.
[move_group-2] [INFO] [1789245148.128661903] [move_group.moveit.moveit.ros.planning_scene_monitor]: Publishing maintained planning scene on 'monitored_planning_scene'
[move_group-2] [INFO] [1789245148.128868208] [move_group.moveit.moveit.ros.planning_scene_monitor]: Starting planning scene monitor
[move_group-2] [INFO] [1789245148.129837235] [move_group.moveit.moveit.ros.planning_scene_monitor]: Listening to '/planning_scene'
[move_group-2] [INFO] [1789245148.129870580] [move_group.moveit.moveit.ros.planning_scene_monitor]: Starting world geometry update monitor for collision objects, attached objects, octomap updates.
[move_group-2] [INFO] [1789245148.130323477] [move_group.moveit.moveit.ros.planning_scene_monitor]: Listening to 'collision_object'
[move_group-2] [INFO] [1789245148.130661078] [move_group.moveit.moveit.ros.planning_scene_monitor]: Listening to 'planning_scene_world' for planning scene world geometry
[move_group-2] [WARN] [1789245148.130921239] [move_group.moveit.moveit.ros.occupancy_map_monitor]: Resolution not specified for Octomap. Assuming resolution = 0.1 instead
[move_group-2] [ERROR] [1789245148.130960216] [move_group.moveit.moveit.ros.occupancy_map_monitor]: No 3D sensor plugin(s) defined for octomap updates
[move_group-2] [INFO] [1789245148.137144334] [move_group.moveit.moveit.ros.planning_pipeline]: Successfully loaded planner 'CHOMP'
[move_group-2] [INFO] [1789245148.137888337] [move_group]: Try loading adapter 'default_planning_request_adapters/ResolveConstraintFrames'
[move_group-2] [INFO] [1789245148.138524595] [move_group]: Loaded adapter 'default_planning_request_adapters/ResolveConstraintFrames'
[move_group-2] [INFO] [1789245148.138553651] [move_group]: Try loading adapter 'default_planning_request_adapters/ValidateWorkspaceBounds'
[move_group-2] [INFO] [1789245148.138743380] [move_group]: Loaded adapter 'default_planning_request_adapters/ValidateWorkspaceBounds'
[move_group-2] [INFO] [1789245148.138759284] [move_group]: Try loading adapter 'default_planning_request_adapters/CheckStartStateBounds'
[move_group-2] [INFO] [1789245148.138780084] [move_group]: Loaded adapter 'default_planning_request_adapters/CheckStartStateBounds'
[move_group-2] [INFO] [1789245148.138789748] [move_group]: Try loading adapter 'default_planning_request_adapters/CheckStartStateCollision'
[move_group-2] [INFO] [1789245148.138813748] [move_group]: Loaded adapter 'default_planning_request_adapters/CheckStartStateCollision'
[move_group-2] [INFO] [1789245148.139489398] [move_group]: Try loading adapter 'default_planning_response_adapters/AddTimeOptimalParameterization'
[move_group-2] [INFO] [1789245148.141168348] [move_group]: Loaded adapter 'default_planning_response_adapters/AddTimeOptimalParameterization'
[move_group-2] [INFO] [1789245148.153377577] [move_group.moveit.moveit.ros.planning_pipeline]: Successfully loaded planner 'OMPL'
[move_group-2] [INFO] [1789245148.154185835] [move_group]: Try loading adapter 'default_planning_request_adapters/ResolveConstraintFrames'
[move_group-2] [INFO] [1789245148.154278732] [move_group]: Loaded adapter 'default_planning_request_adapters/ResolveConstraintFrames'
[move_group-2] [INFO] [1789245148.154292236] [move_group]: Try loading adapter 'default_planning_request_adapters/ValidateWorkspaceBounds'
[move_group-2] [INFO] [1789245148.154526029] [move_group]: Loaded adapter 'default_planning_request_adapters/ValidateWorkspaceBounds'
[move_group-2] [INFO] [1789245148.154545549] [move_group]: Try loading adapter 'default_planning_request_adapters/CheckStartStateBounds'
[move_group-2] [INFO] [1789245148.154570893] [move_group]: Loaded adapter 'default_planning_request_adapters/CheckStartStateBounds'
[move_group-2] [INFO] [1789245148.154579245] [move_group]: Try loading adapter 'default_planning_request_adapters/CheckStartStateCollision'
[move_group-2] [INFO] [1789245148.154594189] [move_group]: Loaded adapter 'default_planning_request_adapters/CheckStartStateCollision'
[move_group-2] [INFO] [1789245148.155242351] [move_group]: Try loading adapter 'default_planning_response_adapters/AddTimeOptimalParameterization'
[move_group-2] [INFO] [1789245148.155568944] [move_group]: Loaded adapter 'default_planning_response_adapters/AddTimeOptimalParameterization'
[move_group-2] [INFO] [1789245148.155589200] [move_group]: Try loading adapter 'default_planning_response_adapters/ValidateSolution'
[move_group-2] [INFO] [1789245148.157406359] [move_group]: Loaded adapter 'default_planning_response_adapters/ValidateSolution'
[move_group-2] [INFO] [1789245148.157432375] [move_group]: Try loading adapter 'default_planning_response_adapters/DisplayMotionPath'
[move_group-2] [INFO] [1789245148.157845273] [move_group]: Loaded adapter 'default_planning_response_adapters/DisplayMotionPath'
[move_group-2] [INFO] [1789245148.159763103] [move_group.moveit.moveit.planners.pilz.joint_limits_aggregator]: Reading limits from namespace robot_description_planning
[move_group-2] [WARN] [1789245148.160589922] [move_group.moveit.moveit.planners.pilz.joint_limits_aggregator]: Multi-DOF-Joint 'virtual_joint' not supported.
[move_group-2] [WARN] [1789245148.160631235] [move_group.moveit.moveit.planners.pilz.joint_limits_aggregator]: Multi-DOF-Joint 'virtual_joint' not supported.
[move_group-2] [INFO] [1789245148.164709777] [move_group.moveit.moveit.planners.pilz.command_planner]: Available plugins: pilz_industrial_motion_planner/PlanningContextLoaderCIRC pilz_industrial_motion_planner/PlanningContextLoaderLIN pilz_industrial_motion_planner/PlanningContextLoaderPTP 
[move_group-2] [INFO] [1789245148.164752594] [move_group.moveit.moveit.planners.pilz.command_planner]: About to load: pilz_industrial_motion_planner/PlanningContextLoaderCIRC
[move_group-2] [INFO] [1789245148.165782581] [move_group.moveit.moveit.planners.pilz.command_planner]: Registered Algorithm [CIRC]
[move_group-2] [INFO] [1789245148.165821429] [move_group.moveit.moveit.planners.pilz.command_planner]: About to load: pilz_industrial_motion_planner/PlanningContextLoaderLIN
[move_group-2] [INFO] [1789245148.166509592] [move_group.moveit.moveit.planners.pilz.command_planner]: Registered Algorithm [LIN]
[move_group-2] [INFO] [1789245148.166547544] [move_group.moveit.moveit.planners.pilz.command_planner]: About to load: pilz_industrial_motion_planner/PlanningContextLoaderPTP
[move_group-2] [INFO] [1789245148.167164730] [move_group.moveit.moveit.planners.pilz.command_planner]: Registered Algorithm [PTP]
[move_group-2] [INFO] [1789245148.167202298] [move_group.moveit.moveit.ros.planning_pipeline]: Successfully loaded planner 'Pilz Industrial Motion Planner'
[move_group-2] [INFO] [1789245148.167951069] [move_group]: Try loading adapter 'default_planning_request_adapters/ValidateWorkspaceBounds'
[move_group-2] [INFO] [1789245148.168263998] [move_group]: Loaded adapter 'default_planning_request_adapters/ValidateWorkspaceBounds'
[move_group-2] [INFO] [1789245148.168285246] [move_group]: Try loading adapter 'default_planning_request_adapters/CheckStartStateBounds'
[move_group-2] [INFO] [1789245148.168311582] [move_group]: Loaded adapter 'default_planning_request_adapters/CheckStartStateBounds'
[move_group-2] [INFO] [1789245148.168320766] [move_group]: Try loading adapter 'default_planning_request_adapters/CheckStartStateCollision'
[move_group-2] [INFO] [1789245148.168334078] [move_group]: Loaded adapter 'default_planning_request_adapters/CheckStartStateCollision'
[move_group-2] [WARN] [1789245148.168341055] [move_group.moveit.moveit.ros.planning_pipeline]: No planning response adapter names specified.
[move_group-2] [INFO] [1789245148.170914504] [move_group.moveit.moveit.ros.planning_pipeline]: Successfully loaded planner 'STOMP'
[move_group-2] [INFO] [1789245148.171651050] [move_group]: Try loading adapter 'default_planning_request_adapters/ResolveConstraintFrames'
[move_group-2] [INFO] [1789245148.171747531] [move_group]: Loaded adapter 'default_planning_request_adapters/ResolveConstraintFrames'
[move_group-2] [INFO] [1789245148.171761963] [move_group]: Try loading adapter 'default_planning_request_adapters/ValidateWorkspaceBounds'
[move_group-2] [INFO] [1789245148.171952972] [move_group]: Loaded adapter 'default_planning_request_adapters/ValidateWorkspaceBounds'
[move_group-2] [INFO] [1789245148.171972684] [move_group]: Try loading adapter 'default_planning_request_adapters/CheckStartStateBounds'
[move_group-2] [INFO] [1789245148.171998444] [move_group]: Loaded adapter 'default_planning_request_adapters/CheckStartStateBounds'
[move_group-2] [INFO] [1789245148.172007724] [move_group]: Try loading adapter 'default_planning_request_adapters/CheckStartStateCollision'
[move_group-2] [INFO] [1789245148.172021548] [move_group]: Loaded adapter 'default_planning_request_adapters/CheckStartStateCollision'
[move_group-2] [INFO] [1789245148.172683598] [move_group]: Try loading adapter 'default_planning_response_adapters/AddTimeOptimalParameterization'
[move_group-2] [INFO] [1789245148.173085360] [move_group]: Loaded adapter 'default_planning_response_adapters/AddTimeOptimalParameterization'
[move_group-2] [INFO] [1789245148.173109616] [move_group]: Try loading adapter 'default_planning_response_adapters/ValidateSolution'
[move_group-2] [INFO] [1789245148.173462161] [move_group]: Loaded adapter 'default_planning_response_adapters/ValidateSolution'
[move_group-2] [INFO] [1789245148.173484177] [move_group]: Try loading adapter 'default_planning_response_adapters/DisplayMotionPath'
[move_group-2] [INFO] [1789245148.173693618] [move_group]: Loaded adapter 'default_planning_response_adapters/DisplayMotionPath'
[move_group-2] [INFO] [1789245148.212685183] [move_group.moveit.moveit.plugins.simple_controller_manager]: Added FollowJointTrajectory controller for panda_arm_controller
[move_group-2] [INFO] [1789245148.212781951] [move_group.moveit.moveit.plugins.simple_controller_manager]: panda_hand_controller will command a max effort of: 0
[move_group-2] [ERROR] [1789245148.214365573] [move_group.moveit.moveit.plugins.simple_controller_manager]: Parallel Gripper requires exactly two joints, 1 are specified
[move_group-2] [INFO] [1789245148.216899310] [move_group.moveit.moveit.plugins.simple_controller_manager]: Returned 1 controllers in list
[move_group-2] [INFO] [1789245148.216958734] [move_group.moveit.moveit.plugins.simple_controller_manager]: Returned 1 controllers in list
[move_group-2] [INFO] [1789245148.217481040] [move_group.moveit.moveit.ros.trajectory_execution_manager]: Trajectory execution is managing controllers
[move_group-2] [INFO] [1789245148.217522032] [move_group]: MoveGroup debug mode is ON
[move_group-2] [INFO] [1789245148.232576070] [move_group.moveit.moveit.planners.pilz.move_group_sequence_action]: initialize move group sequence action
[move_group-2] [INFO] [1789245148.234882575] [move_group.moveit.moveit.planners.pilz.joint_limits_aggregator]: Reading limits from namespace robot_description_planning
[move_group-2] [WARN] [1789245148.234961167] [move_group.moveit.moveit.planners.pilz.joint_limits_aggregator]: Multi-DOF-Joint 'virtual_joint' not supported.
[move_group-2] [WARN] [1789245148.234988943] [move_group.moveit.moveit.planners.pilz.joint_limits_aggregator]: Multi-DOF-Joint 'virtual_joint' not supported.
[move_group-2] [INFO] [1789245148.235242608] [move_group.moveit.moveit.planners.pilz.joint_limits_aggregator]: Reading limits from namespace robot_description_planning
[move_group-2] [WARN] [1789245148.235282768] [move_group.moveit.moveit.planners.pilz.joint_limits_aggregator]: Multi-DOF-Joint 'virtual_joint' not supported.
[move_group-2] [WARN] [1789245148.235303088] [move_group.moveit.moveit.planners.pilz.joint_limits_aggregator]: Multi-DOF-Joint 'virtual_joint' not supported.
[move_group-2] [INFO] [1789245148.235961683] [move_group.moveit.moveit.ros.move_group.executable]: 
[move_group-2] 
[move_group-2] ********************************************************
[move_group-2] * MoveGroup using: 
[move_group-2] *     - apply_planning_scene_service
[move_group-2] *     - clear_octomap_service
[move_group-2] *     - get_group_urdf
[move_group-2] *     - load_geometry_from_file
[move_group-2] *     - CartesianPathService
[move_group-2] *     - execute_trajectory_action
[move_group-2] *     - get_planning_scene_service
[move_group-2] *     - kinematics_service
[move_group-2] *     - move_action
[move_group-2] *     - motion_plan_service
[move_group-2] *     - query_planners_service
[move_group-2] *     - state_validation_service
[move_group-2] *     - save_geometry_to_file
[move_group-2] *     - SequenceAction
[move_group-2] *     - SequenceService
[move_group-2] ********************************************************
[move_group-2] 
[move_group-2] [INFO] [1789245148.236069619] [move_group.moveit.moveit.ros.move_group.context]: MoveGroup context using pipeline ompl
[move_group-2] [INFO] [1789245148.236089459] [move_group.moveit.moveit.ros.move_group.context]: MoveGroup context initialization complete
[move_group-2] [WARN] [1789245148.549373278] [move_group.moveit.moveit.ros.current_state_monitor]: Unable to update multi-DOF joint 'virtual_joint':Failure to lookup transform between 'world'and 'panda_link0' with TF exception: "world" passed to lookupTransform argument target_frame does not exist. 
[move_group-2] [WARN] [1789245151.285832819] [move_group.moveit.moveit.ros.planning_scene_monitor]: The complete state of the robot is not yet known.  Missing virtual_joint
[move_group-2] terminate called after throwing an instance of 'std::runtime_error'
[move_group-2]   what():  Box dimensions must be non-negative.
[move_group-2] Stack trace (most recent call last) in thread 4025:
[move_group-2] #22   Object "/usr/lib/aarch64-linux-gnu/ld-linux-aarch64.so.1", at 0xffffffffffffffff, in 
[move_group-2] #21   Object "/usr/lib/aarch64-linux-gnu/libc.so.6", at 0xe745b8e9ba0b, in 
[move_group-2] #20   Object "/usr/lib/aarch64-linux-gnu/libc.so.6", at 0xe745b8e3582b, in 
[move_group-2] #19   Object "/usr/lib/aarch64-linux-gnu/libstdc++.so.6.0.33", at 0xe745b9091adf, in 
[move_group-2] #18   Object "/opt/ros/jazzy/lib/librclcpp.so", at 0xe745b93fc21b, in rclcpp::executors::MultiThreadedExecutor::run(unsigned long)
[move_group-2] #17   Object "/opt/ros/jazzy/lib/librclcpp.so", at 0xe745b93c8e33, in rclcpp::Executor::execute_any_executable(rclcpp::AnyExecutable&)
[move_group-2] #16   Object "/opt/ros/jazzy/lib/librclcpp.so", at 0xe745b93c3ffb, in rclcpp::Executor::execute_service(std::shared_ptr<rclcpp::ServiceBase>)
[move_group-2] #15   Object "/opt/ros/jazzy/lib/librclcpp.so", at 0xe745b94cc567, in 
[move_group-2] #14   Object "/opt/ros/jazzy/lib/libmoveit_move_group_default_capabilities.so.2.12.4", at 0xe745810d55ff, in 
[move_group-2] #13   Object "/opt/ros/jazzy/lib/libmoveit_move_group_default_capabilities.so.2.12.4", at 0xe745810d48bf, in move_group::ApplyPlanningSceneService::applyScene(std::shared_ptr<rmw_request_id_s> const&, std::shared_ptr<moveit_msgs::srv::ApplyPlanningScene_Request_<std::allocator<void> > > const&, std::shared_ptr<moveit_msgs::srv::ApplyPlanningScene_Response_<std::allocator<void> > > const&)
[move_group-2] #12   Object "/opt/ros/jazzy/lib/libmoveit_planning_scene_monitor.so.2.12.4", at 0xe745b9745003, in planning_scene_monitor::PlanningSceneMonitor::newPlanningSceneMessage(moveit_msgs::msg::PlanningScene_<std::allocator<void> > const&)
[move_group-2] #11   Object "/opt/ros/jazzy/lib/libmoveit_planning_scene.so.2.12.4", at 0xe745b88965c7, in planning_scene::PlanningScene::setPlanningSceneDiffMsg(moveit_msgs::msg::PlanningScene_<std::allocator<void> > const&)
[move_group-2] #10   Object "/opt/ros/jazzy/lib/libmoveit_planning_scene.so.2.12.4", at 0xe745b889e12b, in planning_scene::PlanningScene::processCollisionObjectAdd(moveit_msgs::msg::CollisionObject_<std::allocator<void> > const&)
[move_group-2] #9    Object "/opt/ros/jazzy/lib/libmoveit_planning_scene.so.2.12.4", at 0xe745b889cef7, in planning_scene::PlanningScene::shapesAndPosesFromCollisionObjectMessage(moveit_msgs::msg::CollisionObject_<std::allocator<void> > const&, Eigen::Transform<double, 3, 1, 0>&, std::vector<std::shared_ptr<shapes::Shape const>, std::allocator<std::shared_ptr<shapes::Shape const> > >&, std::vector<Eigen::Transform<double, 3, 1, 0>, Eigen::aligned_allocator<Eigen::Transform<double, 3, 1, 0> > >&)
[move_group-2] #8    Object "/opt/ros/jazzy/lib/libgeometric_shapes.so.2.3.4", at 0xe745b85ec57f, in shapes::constructShapeFromMsg(shape_msgs::msg::SolidPrimitive_<std::allocator<void> > const&)
[move_group-2] #7    Object "/opt/ros/jazzy/lib/libgeometric_shapes.so.2.3.4", at 0xe745b85f20ff, in shapes::Box::Box(double, double, double)
[move_group-2] #6    Object "/usr/lib/aarch64-linux-gnu/libstdc++.so.6.0.33", at 0xe745b905a907, in __cxa_throw
[move_group-2] #5    Object "/usr/lib/aarch64-linux-gnu/libstdc++.so.6.0.33", at 0xe745b9050e03, in std::terminate()
[move_group-2] #4    Object "/usr/lib/aarch64-linux-gnu/libstdc++.so.6.0.33", at 0xe745b905a56f, in 
[move_group-2] #3    Object "/usr/lib/aarch64-linux-gnu/libstdc++.so.6.0.33", at 0xe745b905d4d7, in __gnu_cxx::__verbose_terminate_handler()
[move_group-2] #2    Object "/usr/lib/aarch64-linux-gnu/libc.so.6", at 0xe745b8dd7dff, in abort
[move_group-2] #1    Object "/usr/lib/aarch64-linux-gnu/libc.so.6", at 0xe745b8decb3b, in raise
[move_group-2] #0    Object "/usr/lib/aarch64-linux-gnu/libc.so.6", at 0xe745b8e374d8, in 
[move_group-2] Aborted (Signal sent by tkill() 3951 0)
[ERROR] [move_group-2]: process has died [pid 3951, exit code -6, cmd '/opt/ros/jazzy/lib/moveit_ros_move_group/move_group --ros-args --params-file /tmp/launch_params_92utr06l --params-file /tmp/launch_params_w7psfgoj --params-file /tmp/launch_params_38ogrib6 -r /panda_hand_controller/gripper_action:=/franka_gripper/gripper_action'].
[INFO] [move_group-2]: process started with pid [4121]
[move_group-2] [INFO] [1789245178.116899807] [move_group.moveit.moveit.ros.rdf_loader]: Loaded robot model in 0 seconds
[move_group-2] [INFO] [1789245178.117007903] [move_group.moveit.moveit.core.robot_model]: Loading robot model 'panda'...
[move_group-2] [WARN] [1789245178.122272786] [kdl_parser]: The root link panda_link0 has an inertia specified in the URDF, but KDL does not support a root link with an inertia.  As a workaround, you can add an extra dummy link to your URDF.
[move_group-2] [INFO] [1789245178.122352754] [move_group.moveit.moveit.kinematics.kdl_kinematics_plugin]: Joint weights for group 'panda_arm': 1 1 1 1 1 1 1
[move_group-2] [INFO] [1789245178.142296730] [move_group.moveit.moveit.ros.planning_scene_monitor]: Publishing maintained planning scene on 'monitored_planning_scene'
[move_group-2] [INFO] [1789245178.142465691] [move_group.moveit.moveit.ros.moveit_cpp]: Listening to 'joint_states' for joint states
[move_group-2] [INFO] [1789245178.143252190] [move_group.moveit.moveit.ros.current_state_monitor]: Listening to joint states on topic 'joint_states'
[move_group-2] [INFO] [1789245178.143549183] [move_group.moveit.moveit.ros.planning_scene_monitor]: Listening to '/attached_collision_object' for attached collision objects
[move_group-2] [INFO] [1789245178.143569407] [move_group.moveit.moveit.ros.planning_scene_monitor]: Stopping existing planning scene publisher.
[move_group-2] [INFO] [1789245178.143694591] [move_group.moveit.moveit.ros.planning_scene_monitor]: Stopped publishing maintained planning scene.
[move_group-2] [INFO] [1789245178.143970336] [move_group.moveit.moveit.ros.planning_scene_monitor]: Publishing maintained planning scene on 'monitored_planning_scene'
[move_group-2] [INFO] [1789245178.144099937] [move_group.moveit.moveit.ros.planning_scene_monitor]: Starting planning scene monitor
[move_group-2] [INFO] [1789245178.144536770] [move_group.moveit.moveit.ros.planning_scene_monitor]: Listening to '/planning_scene'
[move_group-2] [INFO] [1789245178.144556162] [move_group.moveit.moveit.ros.planning_scene_monitor]: Starting world geometry update monitor for collision objects, attached objects, octomap updates.
[move_group-2] [INFO] [1789245178.144778339] [move_group.moveit.moveit.ros.planning_scene_monitor]: Listening to 'collision_object'
[move_group-2] [INFO] [1789245178.145003460] [move_group.moveit.moveit.ros.planning_scene_monitor]: Listening to 'planning_scene_world' for planning scene world geometry
[move_group-2] [WARN] [1789245178.145136901] [move_group.moveit.moveit.ros.occupancy_map_monitor]: Resolution not specified for Octomap. Assuming resolution = 0.1 instead
[move_group-2] [ERROR] [1789245178.145157541] [move_group.moveit.moveit.ros.occupancy_map_monitor]: No 3D sensor plugin(s) defined for octomap updates
[move_group-2] [INFO] [1789245178.149228499] [move_group.moveit.moveit.ros.planning_pipeline]: Successfully loaded planner 'CHOMP'
[move_group-2] [INFO] [1789245178.149905110] [move_group]: Try loading adapter 'default_planning_request_adapters/ResolveConstraintFrames'
[move_group-2] [INFO] [1789245178.150435512] [move_group]: Loaded adapter 'default_planning_request_adapters/ResolveConstraintFrames'
[move_group-2] [INFO] [1789245178.150459704] [move_group]: Try loading adapter 'default_planning_request_adapters/ValidateWorkspaceBounds'
[move_group-2] [INFO] [1789245178.150576088] [move_group]: Loaded adapter 'default_planning_request_adapters/ValidateWorkspaceBounds'
[move_group-2] [INFO] [1789245178.150589656] [move_group]: Try loading adapter 'default_planning_request_adapters/CheckStartStateBounds'
[move_group-2] [INFO] [1789245178.150609432] [move_group]: Loaded adapter 'default_planning_request_adapters/CheckStartStateBounds'
[move_group-2] [INFO] [1789245178.150616056] [move_group]: Try loading adapter 'default_planning_request_adapters/CheckStartStateCollision'
[move_group-2] [INFO] [1789245178.150631672] [move_group]: Loaded adapter 'default_planning_request_adapters/CheckStartStateCollision'
[move_group-2] [INFO] [1789245178.151271131] [move_group]: Try loading adapter 'default_planning_response_adapters/AddTimeOptimalParameterization'
[move_group-2] [INFO] [1789245178.152555487] [move_group]: Loaded adapter 'default_planning_response_adapters/AddTimeOptimalParameterization'
[move_group-2] [INFO] [1789245178.162158050] [move_group.moveit.moveit.ros.planning_pipeline]: Successfully loaded planner 'OMPL'
[move_group-2] [INFO] [1789245178.162916485] [move_group]: Try loading adapter 'default_planning_request_adapters/ResolveConstraintFrames'
[move_group-2] [INFO] [1789245178.162996581] [move_group]: Loaded adapter 'default_planning_request_adapters/ResolveConstraintFrames'
[move_group-2] [INFO] [1789245178.163007877] [move_group]: Try loading adapter 'default_planning_request_adapters/ValidateWorkspaceBounds'
[move_group-2] [INFO] [1789245178.163143525] [move_group]: Loaded adapter 'default_planning_request_adapters/ValidateWorkspaceBounds'
[move_group-2] [INFO] [1789245178.163156998] [move_group]: Try loading adapter 'default_planning_request_adapters/CheckStartStateBounds'
[move_group-2] [INFO] [1789245178.163175014] [move_group]: Loaded adapter 'default_planning_request_adapters/CheckStartStateBounds'
[move_group-2] [INFO] [1789245178.163180774] [move_group]: Try loading adapter 'default_planning_request_adapters/CheckStartStateCollision'
[move_group-2] [INFO] [1789245178.163193254] [move_group]: Loaded adapter 'default_planning_request_adapters/CheckStartStateCollision'
[move_group-2] [INFO] [1789245178.163793672] [move_group]: Try loading adapter 'default_planning_response_adapters/AddTimeOptimalParameterization'
[move_group-2] [INFO] [1789245178.164024073] [move_group]: Loaded adapter 'default_planning_response_adapters/AddTimeOptimalParameterization'
[move_group-2] [INFO] [1789245178.164039465] [move_group]: Try loading adapter 'default_planning_response_adapters/ValidateSolution'
[move_group-2] [INFO] [1789245178.165450126] [move_group]: Loaded adapter 'default_planning_response_adapters/ValidateSolution'
[move_group-2] [INFO] [1789245178.165472302] [move_group]: Try loading adapter 'default_planning_response_adapters/DisplayMotionPath'
[move_group-2] [INFO] [1789245178.165813423] [move_group]: Loaded adapter 'default_planning_response_adapters/DisplayMotionPath'
[move_group-2] [INFO] [1789245178.167511061] [move_group.moveit.moveit.planners.pilz.joint_limits_aggregator]: Reading limits from namespace robot_description_planning
[move_group-2] [WARN] [1789245178.168043095] [move_group.moveit.moveit.planners.pilz.joint_limits_aggregator]: Multi-DOF-Joint 'virtual_joint' not supported.
[move_group-2] [WARN] [1789245178.168089015] [move_group.moveit.moveit.planners.pilz.joint_limits_aggregator]: Multi-DOF-Joint 'virtual_joint' not supported.
[move_group-2] [INFO] [1789245178.170786081] [move_group.moveit.moveit.planners.pilz.command_planner]: Available plugins: pilz_industrial_motion_planner/PlanningContextLoaderCIRC pilz_industrial_motion_planner/PlanningContextLoaderLIN pilz_industrial_motion_planner/PlanningContextLoaderPTP 
[move_group-2] [INFO] [1789245178.170818721] [move_group.moveit.moveit.planners.pilz.command_planner]: About to load: pilz_industrial_motion_planner/PlanningContextLoaderCIRC
[move_group-2] [INFO] [1789245178.171659140] [move_group.moveit.moveit.planners.pilz.command_planner]: Registered Algorithm [CIRC]
[move_group-2] [INFO] [1789245178.171690500] [move_group.moveit.moveit.planners.pilz.command_planner]: About to load: pilz_industrial_motion_planner/PlanningContextLoaderLIN
[move_group-2] [INFO] [1789245178.172253190] [move_group.moveit.moveit.planners.pilz.command_planner]: Registered Algorithm [LIN]
[move_group-2] [INFO] [1789245178.172283718] [move_group.moveit.moveit.planners.pilz.command_planner]: About to load: pilz_industrial_motion_planner/PlanningContextLoaderPTP
[move_group-2] [INFO] [1789245178.172811144] [move_group.moveit.moveit.planners.pilz.command_planner]: Registered Algorithm [PTP]
[move_group-2] [INFO] [1789245178.172841449] [move_group.moveit.moveit.ros.planning_pipeline]: Successfully loaded planner 'Pilz Industrial Motion Planner'
[move_group-2] [INFO] [1789245178.173495563] [move_group]: Try loading adapter 'default_planning_request_adapters/ValidateWorkspaceBounds'
[move_group-2] [INFO] [1789245178.173694380] [move_group]: Loaded adapter 'default_planning_request_adapters/ValidateWorkspaceBounds'
[move_group-2] [INFO] [1789245178.173711788] [move_group]: Try loading adapter 'default_planning_request_adapters/CheckStartStateBounds'
[move_group-2] [INFO] [1789245178.173732524] [move_group]: Loaded adapter 'default_planning_request_adapters/CheckStartStateBounds'
[move_group-2] [INFO] [1789245178.173738636] [move_group]: Try loading adapter 'default_planning_request_adapters/CheckStartStateCollision'
[move_group-2] [INFO] [1789245178.173752172] [move_group]: Loaded adapter 'default_planning_request_adapters/CheckStartStateCollision'
[move_group-2] [WARN] [1789245178.173759276] [move_group.moveit.moveit.ros.planning_pipeline]: No planning response adapter names specified.
[move_group-2] [INFO] [1789245178.175703539] [move_group.moveit.moveit.ros.planning_pipeline]: Successfully loaded planner 'STOMP'
[move_group-2] [INFO] [1789245178.176373173] [move_group]: Try loading adapter 'default_planning_request_adapters/ResolveConstraintFrames'
[move_group-2] [INFO] [1789245178.176450262] [move_group]: Loaded adapter 'default_planning_request_adapters/ResolveConstraintFrames'
[move_group-2] [INFO] [1789245178.176461078] [move_group]: Try loading adapter 'default_planning_request_adapters/ValidateWorkspaceBounds'
[move_group-2] [INFO] [1789245178.176600470] [move_group]: Loaded adapter 'default_planning_request_adapters/ValidateWorkspaceBounds'
[move_group-2] [INFO] [1789245178.176616502] [move_group]: Try loading adapter 'default_planning_request_adapters/CheckStartStateBounds'
[move_group-2] [INFO] [1789245178.176637750] [move_group]: Loaded adapter 'default_planning_request_adapters/CheckStartStateBounds'
[move_group-2] [INFO] [1789245178.176644342] [move_group]: Try loading adapter 'default_planning_request_adapters/CheckStartStateCollision'
[move_group-2] [INFO] [1789245178.176657238] [move_group]: Loaded adapter 'default_planning_request_adapters/CheckStartStateCollision'
[move_group-2] [INFO] [1789245178.177295353] [move_group]: Try loading adapter 'default_planning_response_adapters/AddTimeOptimalParameterization'
[move_group-2] [INFO] [1789245178.177594778] [move_group]: Loaded adapter 'default_planning_response_adapters/AddTimeOptimalParameterization'
[move_group-2] [INFO] [1789245178.177610746] [move_group]: Try loading adapter 'default_planning_response_adapters/ValidateSolution'
[move_group-2] [INFO] [1789245178.177815386] [move_group]: Loaded adapter 'default_planning_response_adapters/ValidateSolution'
[move_group-2] [INFO] [1789245178.177832539] [move_group]: Try loading adapter 'default_planning_response_adapters/DisplayMotionPath'
[move_group-2] [INFO] [1789245178.178004059] [move_group]: Loaded adapter 'default_planning_response_adapters/DisplayMotionPath'
[move_group-2] [INFO] [1789245178.206193793] [move_group.moveit.moveit.plugins.simple_controller_manager]: Added FollowJointTrajectory controller for panda_arm_controller
[move_group-2] [INFO] [1789245178.206241857] [move_group.moveit.moveit.plugins.simple_controller_manager]: panda_hand_controller will command a max effort of: 0
[move_group-2] [ERROR] [1789245178.207584774] [move_group.moveit.moveit.plugins.simple_controller_manager]: Parallel Gripper requires exactly two joints, 1 are specified
[move_group-2] [INFO] [1789245178.209517005] [move_group.moveit.moveit.plugins.simple_controller_manager]: Returned 1 controllers in list
[move_group-2] [INFO] [1789245178.209558381] [move_group.moveit.moveit.plugins.simple_controller_manager]: Returned 1 controllers in list
[move_group-2] [INFO] [1789245178.209945806] [move_group.moveit.moveit.ros.trajectory_execution_manager]: Trajectory execution is managing controllers
[move_group-2] [INFO] [1789245178.209973231] [move_group]: MoveGroup debug mode is ON
[move_group-2] [INFO] [1789245178.221460568] [move_group.moveit.moveit.planners.pilz.move_group_sequence_action]: initialize move group sequence action
[move_group-2] [INFO] [1789245178.223126846] [move_group.moveit.moveit.planners.pilz.joint_limits_aggregator]: Reading limits from namespace robot_description_planning
[move_group-2] [WARN] [1789245178.223177406] [move_group.moveit.moveit.planners.pilz.joint_limits_aggregator]: Multi-DOF-Joint 'virtual_joint' not supported.
[move_group-2] [WARN] [1789245178.223196702] [move_group.moveit.moveit.planners.pilz.joint_limits_aggregator]: Multi-DOF-Joint 'virtual_joint' not supported.
[move_group-2] [INFO] [1789245178.223340191] [move_group.moveit.moveit.planners.pilz.joint_limits_aggregator]: Reading limits from namespace robot_description_planning
[move_group-2] [WARN] [1789245178.223371071] [move_group.moveit.moveit.planners.pilz.joint_limits_aggregator]: Multi-DOF-Joint 'virtual_joint' not supported.
[move_group-2] [WARN] [1789245178.223386463] [move_group.moveit.moveit.planners.pilz.joint_limits_aggregator]: Multi-DOF-Joint 'virtual_joint' not supported.
[move_group-2] [INFO] [1789245178.223882753] [move_group.moveit.moveit.ros.move_group.executable]: 
[move_group-2] 
[move_group-2] ********************************************************
[move_group-2] * MoveGroup using: 
[move_group-2] *     - apply_planning_scene_service
[move_group-2] *     - clear_octomap_service
[move_group-2] *     - get_group_urdf
[move_group-2] *     - load_geometry_from_file
[move_group-2] *     - CartesianPathService
[move_group-2] *     - execute_trajectory_action
[move_group-2] *     - get_planning_scene_service
[move_group-2] *     - kinematics_service
[move_group-2] *     - move_action
[move_group-2] *     - motion_plan_service
[move_group-2] *     - query_planners_service
[move_group-2] *     - state_validation_service
[move_group-2] *     - save_geometry_to_file
[move_group-2] *     - SequenceAction
[move_group-2] *     - SequenceService
[move_group-2] ********************************************************
[move_group-2] 
[move_group-2] [INFO] [1789245178.223931457] [move_group.moveit.moveit.ros.move_group.context]: MoveGroup context using pipeline ompl
[move_group-2] [INFO] [1789245178.223943873] [move_group.moveit.moveit.ros.move_group.context]: MoveGroup context initialization complete
[move_group-2] [WARN] [1789245178.550551996] [move_group.moveit.moveit.ros.current_state_monitor]: Unable to update multi-DOF joint 'virtual_joint':Failure to lookup transform between 'world'and 'panda_link0' with TF exception: "world" passed to lookupTransform argument target_frame does not exist. 
[move_group-2] [WARN] [1789245181.284894281] [move_group.moveit.moveit.ros.planning_scene_monitor]: The complete state of the robot is not yet known.  Missing virtual_joint
[move_group-2] terminate called after throwing an instance of 'std::runtime_error'
[move_group-2]   what():  Box dimensions must be non-negative.
[move_group-2] Stack trace (most recent call last) in thread 4185:
[move_group-2] #22   Object "/usr/lib/aarch64-linux-gnu/ld-linux-aarch64.so.1", at 0xffffffffffffffff, in 
[move_group-2] #21   Object "/usr/lib/aarch64-linux-gnu/libc.so.6", at 0xf495708aba0b, in 
[move_group-2] #20   Object "/usr/lib/aarch64-linux-gnu/libc.so.6", at 0xf4957084582b, in 
[move_group-2] #19   Object "/usr/lib/aarch64-linux-gnu/libstdc++.so.6.0.33", at 0xf49570aa1adf, in 
[move_group-2] #18   Object "/opt/ros/jazzy/lib/librclcpp.so", at 0xf49570e0c21b, in rclcpp::executors::MultiThreadedExecutor::run(unsigned long)
[move_group-2] #17   Object "/opt/ros/jazzy/lib/librclcpp.so", at 0xf49570dd8e33, in rclcpp::Executor::execute_any_executable(rclcpp::AnyExecutable&)
[move_group-2] #16   Object "/opt/ros/jazzy/lib/librclcpp.so", at 0xf49570dd3ffb, in rclcpp::Executor::execute_service(std::shared_ptr<rclcpp::ServiceBase>)
[move_group-2] #15   Object "/opt/ros/jazzy/lib/librclcpp.so", at 0xf49570edc567, in 
[move_group-2] #14   Object "/opt/ros/jazzy/lib/libmoveit_move_group_default_capabilities.so.2.12.4", at 0xf4953caa55ff, in 
[move_group-2] #13   Object "/opt/ros/jazzy/lib/libmoveit_move_group_default_capabilities.so.2.12.4", at 0xf4953caa48bf, in move_group::ApplyPlanningSceneService::applyScene(std::shared_ptr<rmw_request_id_s> const&, std::shared_ptr<moveit_msgs::srv::ApplyPlanningScene_Request_<std::allocator<void> > > const&, std::shared_ptr<moveit_msgs::srv::ApplyPlanningScene_Response_<std::allocator<void> > > const&)
[move_group-2] #12   Object "/opt/ros/jazzy/lib/libmoveit_planning_scene_monitor.so.2.12.4", at 0xf49571155003, in planning_scene_monitor::PlanningSceneMonitor::newPlanningSceneMessage(moveit_msgs::msg::PlanningScene_<std::allocator<void> > const&)
[move_group-2] #11   Object "/opt/ros/jazzy/lib/libmoveit_planning_scene.so.2.12.4", at 0xf495702a65c7, in planning_scene::PlanningScene::setPlanningSceneDiffMsg(moveit_msgs::msg::PlanningScene_<std::allocator<void> > const&)
[move_group-2] #10   Object "/opt/ros/jazzy/lib/libmoveit_planning_scene.so.2.12.4", at 0xf495702ae12b, in planning_scene::PlanningScene::processCollisionObjectAdd(moveit_msgs::msg::CollisionObject_<std::allocator<void> > const&)
[move_group-2] #9    Object "/opt/ros/jazzy/lib/libmoveit_planning_scene.so.2.12.4", at 0xf495702acef7, in planning_scene::PlanningScene::shapesAndPosesFromCollisionObjectMessage(moveit_msgs::msg::CollisionObject_<std::allocator<void> > const&, Eigen::Transform<double, 3, 1, 0>&, std::vector<std::shared_ptr<shapes::Shape const>, std::allocator<std::shared_ptr<shapes::Shape const> > >&, std::vector<Eigen::Transform<double, 3, 1, 0>, Eigen::aligned_allocator<Eigen::Transform<double, 3, 1, 0> > >&)
[move_group-2] #8    Object "/opt/ros/jazzy/lib/libgeometric_shapes.so.2.3.4", at 0xf4956fffc57f, in shapes::constructShapeFromMsg(shape_msgs::msg::SolidPrimitive_<std::allocator<void> > const&)
[move_group-2] #7    Object "/opt/ros/jazzy/lib/libgeometric_shapes.so.2.3.4", at 0xf495700020ff, in shapes::Box::Box(double, double, double)
[move_group-2] #6    Object "/usr/lib/aarch64-linux-gnu/libstdc++.so.6.0.33", at 0xf49570a6a907, in __cxa_throw
[move_group-2] #5    Object "/usr/lib/aarch64-linux-gnu/libstdc++.so.6.0.33", at 0xf49570a60e03, in std::terminate()
[move_group-2] #4    Object "/usr/lib/aarch64-linux-gnu/libstdc++.so.6.0.33", at 0xf49570a6a56f, in 
[move_group-2] #3    Object "/usr/lib/aarch64-linux-gnu/libstdc++.so.6.0.33", at 0xf49570a6d4d7, in __gnu_cxx::__verbose_terminate_handler()
[move_group-2] #2    Object "/usr/lib/aarch64-linux-gnu/libc.so.6", at 0xf495707e7dff, in abort
[move_group-2] #1    Object "/usr/lib/aarch64-linux-gnu/libc.so.6", at 0xf495707fcb3b, in raise
[move_group-2] #0    Object "/usr/lib/aarch64-linux-gnu/libc.so.6", at 0xf495708474d8, in 
[move_group-2] Aborted (Signal sent by tkill() 4121 0)
[ERROR] [move_group-2]: process has died [pid 4121, exit code -6, cmd '/opt/ros/jazzy/lib/moveit_ros_move_group/move_group --ros-args --params-file /tmp/launch_params_92utr06l --params-file /tmp/launch_params_w7psfgoj --params-file /tmp/launch_params_38ogrib6 -r /panda_hand_controller/gripper_action:=/franka_gripper/gripper_action'].
[INFO] [move_group-2]: process started with pid [4291]
[move_group-2] [INFO] [1789245208.121743114] [move_group.moveit.moveit.ros.rdf_loader]: Loaded robot model in 0 seconds
[move_group-2] [INFO] [1789245208.121856010] [move_group.moveit.moveit.core.robot_model]: Loading robot model 'panda'...
[move_group-2] [WARN] [1789245208.127236478] [kdl_parser]: The root link panda_link0 has an inertia specified in the URDF, but KDL does not support a root link with an inertia.  As a workaround, you can add an extra dummy link to your URDF.
[move_group-2] [INFO] [1789245208.127327614] [move_group.moveit.moveit.kinematics.kdl_kinematics_plugin]: Joint weights for group 'panda_arm': 1 1 1 1 1 1 1
[move_group-2] [INFO] [1789245208.147928072] [move_group.moveit.moveit.ros.planning_scene_monitor]: Publishing maintained planning scene on 'monitored_planning_scene'
[move_group-2] [INFO] [1789245208.148128201] [move_group.moveit.moveit.ros.moveit_cpp]: Listening to 'joint_states' for joint states
[move_group-2] [INFO] [1789245208.148945132] [move_group.moveit.moveit.ros.current_state_monitor]: Listening to joint states on topic 'joint_states'
[move_group-2] [INFO] [1789245208.149240045] [move_group.moveit.moveit.ros.planning_scene_monitor]: Listening to '/attached_collision_object' for attached collision objects
[move_group-2] [INFO] [1789245208.149261773] [move_group.moveit.moveit.ros.planning_scene_monitor]: Stopping existing planning scene publisher.
[move_group-2] [INFO] [1789245208.149390382] [move_group.moveit.moveit.ros.planning_scene_monitor]: Stopped publishing maintained planning scene.
[move_group-2] [INFO] [1789245208.149665423] [move_group.moveit.moveit.ros.planning_scene_monitor]: Publishing maintained planning scene on 'monitored_planning_scene'
[move_group-2] [INFO] [1789245208.149763119] [move_group.moveit.moveit.ros.planning_scene_monitor]: Starting planning scene monitor
[move_group-2] [INFO] [1789245208.150240561] [move_group.moveit.moveit.ros.planning_scene_monitor]: Listening to '/planning_scene'
[move_group-2] [INFO] [1789245208.150260401] [move_group.moveit.moveit.ros.planning_scene_monitor]: Starting world geometry update monitor for collision objects, attached objects, octomap updates.
[move_group-2] [INFO] [1789245208.150498066] [move_group.moveit.moveit.ros.planning_scene_monitor]: Listening to 'collision_object'
[move_group-2] [INFO] [1789245208.150756243] [move_group.moveit.moveit.ros.planning_scene_monitor]: Listening to 'planning_scene_world' for planning scene world geometry
[move_group-2] [WARN] [1789245208.150885203] [move_group.moveit.moveit.ros.occupancy_map_monitor]: Resolution not specified for Octomap. Assuming resolution = 0.1 instead
[move_group-2] [ERROR] [1789245208.150904115] [move_group.moveit.moveit.ros.occupancy_map_monitor]: No 3D sensor plugin(s) defined for octomap updates
[move_group-2] [INFO] [1789245208.155039170] [move_group.moveit.moveit.ros.planning_pipeline]: Successfully loaded planner 'CHOMP'
[move_group-2] [INFO] [1789245208.155729957] [move_group]: Try loading adapter 'default_planning_request_adapters/ResolveConstraintFrames'
[move_group-2] [INFO] [1789245208.156246470] [move_group]: Loaded adapter 'default_planning_request_adapters/ResolveConstraintFrames'
[move_group-2] [INFO] [1789245208.156269382] [move_group]: Try loading adapter 'default_planning_request_adapters/ValidateWorkspaceBounds'
[move_group-2] [INFO] [1789245208.156386311] [move_group]: Loaded adapter 'default_planning_request_adapters/ValidateWorkspaceBounds'
[move_group-2] [INFO] [1789245208.156399015] [move_group]: Try loading adapter 'default_planning_request_adapters/CheckStartStateBounds'
[move_group-2] [INFO] [1789245208.156417799] [move_group]: Loaded adapter 'default_planning_request_adapters/CheckStartStateBounds'
[move_group-2] [INFO] [1789245208.156423239] [move_group]: Try loading adapter 'default_planning_request_adapters/CheckStartStateCollision'
[move_group-2] [INFO] [1789245208.156436967] [move_group]: Loaded adapter 'default_planning_request_adapters/CheckStartStateCollision'
[move_group-2] [INFO] [1789245208.157068425] [move_group]: Try loading adapter 'default_planning_response_adapters/AddTimeOptimalParameterization'
[move_group-2] [INFO] [1789245208.158347950] [move_group]: Loaded adapter 'default_planning_response_adapters/AddTimeOptimalParameterization'
[move_group-2] [INFO] [1789245208.168009233] [move_group.moveit.moveit.ros.planning_pipeline]: Successfully loaded planner 'OMPL'
[move_group-2] [INFO] [1789245208.168760596] [move_group]: Try loading adapter 'default_planning_request_adapters/ResolveConstraintFrames'
[move_group-2] [INFO] [1789245208.168845844] [move_group]: Loaded adapter 'default_planning_request_adapters/ResolveConstraintFrames'
[move_group-2] [INFO] [1789245208.168856884] [move_group]: Try loading adapter 'default_planning_request_adapters/ValidateWorkspaceBounds'
[move_group-2] [INFO] [1789245208.168979476] [move_group]: Loaded adapter 'default_planning_request_adapters/ValidateWorkspaceBounds'
[move_group-2] [INFO] [1789245208.168992756] [move_group]: Try loading adapter 'default_planning_request_adapters/CheckStartStateBounds'
[move_group-2] [INFO] [1789245208.169012500] [move_group]: Loaded adapter 'default_planning_request_adapters/CheckStartStateBounds'
[move_group-2] [INFO] [1789245208.169018196] [move_group]: Try loading adapter 'default_planning_request_adapters/CheckStartStateCollision'
[move_group-2] [INFO] [1789245208.169029588] [move_group]: Loaded adapter 'default_planning_request_adapters/CheckStartStateCollision'
[move_group-2] [INFO] [1789245208.169673015] [move_group]: Try loading adapter 'default_planning_response_adapters/AddTimeOptimalParameterization'
[move_group-2] [INFO] [1789245208.169920056] [move_group]: Loaded adapter 'default_planning_response_adapters/AddTimeOptimalParameterization'
[move_group-2] [INFO] [1789245208.169936824] [move_group]: Try loading adapter 'default_planning_response_adapters/ValidateSolution'
[move_group-2] [INFO] [1789245208.171335837] [move_group]: Loaded adapter 'default_planning_response_adapters/ValidateSolution'
[move_group-2] [INFO] [1789245208.171361693] [move_group]: Try loading adapter 'default_planning_response_adapters/DisplayMotionPath'
[move_group-2] [INFO] [1789245208.171718782] [move_group]: Loaded adapter 'default_planning_response_adapters/DisplayMotionPath'
[move_group-2] [INFO] [1789245208.173362916] [move_group.moveit.moveit.planners.pilz.joint_limits_aggregator]: Reading limits from namespace robot_description_planning
[move_group-2] [WARN] [1789245208.173923238] [move_group.moveit.moveit.planners.pilz.joint_limits_aggregator]: Multi-DOF-Joint 'virtual_joint' not supported.
[move_group-2] [WARN] [1789245208.173954438] [move_group.moveit.moveit.planners.pilz.joint_limits_aggregator]: Multi-DOF-Joint 'virtual_joint' not supported.
[move_group-2] [INFO] [1789245208.176765424] [move_group.moveit.moveit.planners.pilz.command_planner]: Available plugins: pilz_industrial_motion_planner/PlanningContextLoaderCIRC pilz_industrial_motion_planner/PlanningContextLoaderLIN pilz_industrial_motion_planner/PlanningContextLoaderPTP 
[move_group-2] [INFO] [1789245208.176798577] [move_group.moveit.moveit.planners.pilz.command_planner]: About to load: pilz_industrial_motion_planner/PlanningContextLoaderCIRC
[move_group-2] [INFO] [1789245208.177640980] [move_group.moveit.moveit.planners.pilz.command_planner]: Registered Algorithm [CIRC]
[move_group-2] [INFO] [1789245208.177673300] [move_group.moveit.moveit.planners.pilz.command_planner]: About to load: pilz_industrial_motion_planner/PlanningContextLoaderLIN
[move_group-2] [INFO] [1789245208.178212662] [move_group.moveit.moveit.planners.pilz.command_planner]: Registered Algorithm [LIN]
[move_group-2] [INFO] [1789245208.178243222] [move_group.moveit.moveit.planners.pilz.command_planner]: About to load: pilz_industrial_motion_planner/PlanningContextLoaderPTP
[move_group-2] [INFO] [1789245208.178741624] [move_group.moveit.moveit.planners.pilz.command_planner]: Registered Algorithm [PTP]
[move_group-2] [INFO] [1789245208.178772568] [move_group.moveit.moveit.ros.planning_pipeline]: Successfully loaded planner 'Pilz Industrial Motion Planner'
[move_group-2] [INFO] [1789245208.179432154] [move_group]: Try loading adapter 'default_planning_request_adapters/ValidateWorkspaceBounds'
[move_group-2] [INFO] [1789245208.179642715] [move_group]: Loaded adapter 'default_planning_request_adapters/ValidateWorkspaceBounds'
[move_group-2] [INFO] [1789245208.179661307] [move_group]: Try loading adapter 'default_planning_request_adapters/CheckStartStateBounds'
[move_group-2] [INFO] [1789245208.179683355] [move_group]: Loaded adapter 'default_planning_request_adapters/CheckStartStateBounds'
[move_group-2] [INFO] [1789245208.179690491] [move_group]: Try loading adapter 'default_planning_request_adapters/CheckStartStateCollision'
[move_group-2] [INFO] [1789245208.179703227] [move_group]: Loaded adapter 'default_planning_request_adapters/CheckStartStateCollision'
[move_group-2] [WARN] [1789245208.179708091] [move_group.moveit.moveit.ros.planning_pipeline]: No planning response adapter names specified.
[move_group-2] [INFO] [1789245208.181636642] [move_group.moveit.moveit.ros.planning_pipeline]: Successfully loaded planner 'STOMP'
[move_group-2] [INFO] [1789245208.182284004] [move_group]: Try loading adapter 'default_planning_request_adapters/ResolveConstraintFrames'
[move_group-2] [INFO] [1789245208.182361189] [move_group]: Loaded adapter 'default_planning_request_adapters/ResolveConstraintFrames'
[move_group-2] [INFO] [1789245208.182371365] [move_group]: Try loading adapter 'default_planning_request_adapters/ValidateWorkspaceBounds'
[move_group-2] [INFO] [1789245208.182504165] [move_group]: Loaded adapter 'default_planning_request_adapters/ValidateWorkspaceBounds'
[move_group-2] [INFO] [1789245208.182520517] [move_group]: Try loading adapter 'default_planning_request_adapters/CheckStartStateBounds'
[move_group-2] [INFO] [1789245208.182540677] [move_group]: Loaded adapter 'default_planning_request_adapters/CheckStartStateBounds'
[move_group-2] [INFO] [1789245208.182546533] [move_group]: Try loading adapter 'default_planning_request_adapters/CheckStartStateCollision'
[move_group-2] [INFO] [1789245208.182558789] [move_group]: Loaded adapter 'default_planning_request_adapters/CheckStartStateCollision'
[move_group-2] [INFO] [1789245208.183165544] [move_group]: Try loading adapter 'default_planning_response_adapters/AddTimeOptimalParameterization'
[move_group-2] [INFO] [1789245208.183472073] [move_group]: Loaded adapter 'default_planning_response_adapters/AddTimeOptimalParameterization'
[move_group-2] [INFO] [1789245208.183491177] [move_group]: Try loading adapter 'default_planning_response_adapters/ValidateSolution'
[move_group-2] [INFO] [1789245208.183695753] [move_group]: Loaded adapter 'default_planning_response_adapters/ValidateSolution'
[move_group-2] [INFO] [1789245208.183714153] [move_group]: Try loading adapter 'default_planning_response_adapters/DisplayMotionPath'
[move_group-2] [INFO] [1789245208.183870794] [move_group]: Loaded adapter 'default_planning_response_adapters/DisplayMotionPath'
[move_group-2] [INFO] [1789245208.212627858] [move_group.moveit.moveit.plugins.simple_controller_manager]: Added FollowJointTrajectory controller for panda_arm_controller
[move_group-2] [INFO] [1789245208.212690674] [move_group.moveit.moveit.plugins.simple_controller_manager]: panda_hand_controller will command a max effort of: 0
[move_group-2] [ERROR] [1789245208.214030775] [move_group.moveit.moveit.plugins.simple_controller_manager]: Parallel Gripper requires exactly two joints, 1 are specified
[move_group-2] [INFO] [1789245208.215967486] [move_group.moveit.moveit.plugins.simple_controller_manager]: Returned 1 controllers in list
[move_group-2] [INFO] [1789245208.216013918] [move_group.moveit.moveit.plugins.simple_controller_manager]: Returned 1 controllers in list
[move_group-2] [INFO] [1789245208.216412128] [move_group.moveit.moveit.ros.trajectory_execution_manager]: Trajectory execution is managing controllers
[move_group-2] [INFO] [1789245208.216441376] [move_group]: MoveGroup debug mode is ON
[move_group-2] [INFO] [1789245208.227812937] [move_group.moveit.moveit.planners.pilz.move_group_sequence_action]: initialize move group sequence action
[move_group-2] [INFO] [1789245208.229471951] [move_group.moveit.moveit.planners.pilz.joint_limits_aggregator]: Reading limits from namespace robot_description_planning
[move_group-2] [WARN] [1789245208.229527279] [move_group.moveit.moveit.planners.pilz.joint_limits_aggregator]: Multi-DOF-Joint 'virtual_joint' not supported.
[move_group-2] [WARN] [1789245208.229548271] [move_group.moveit.moveit.planners.pilz.joint_limits_aggregator]: Multi-DOF-Joint 'virtual_joint' not supported.
[move_group-2] [INFO] [1789245208.229688303] [move_group.moveit.moveit.planners.pilz.joint_limits_aggregator]: Reading limits from namespace robot_description_planning
[move_group-2] [WARN] [1789245208.229719344] [move_group.moveit.moveit.planners.pilz.joint_limits_aggregator]: Multi-DOF-Joint 'virtual_joint' not supported.
[move_group-2] [WARN] [1789245208.229734672] [move_group.moveit.moveit.planners.pilz.joint_limits_aggregator]: Multi-DOF-Joint 'virtual_joint' not supported.
[move_group-2] [INFO] [1789245208.230258929] [move_group.moveit.moveit.ros.move_group.executable]: 
[move_group-2] 
[move_group-2] ********************************************************
[move_group-2] * MoveGroup using: 
[move_group-2] *     - apply_planning_scene_service
[move_group-2] *     - clear_octomap_service
[move_group-2] *     - get_group_urdf
[move_group-2] *     - load_geometry_from_file
[move_group-2] *     - CartesianPathService
[move_group-2] *     - execute_trajectory_action
[move_group-2] *     - get_planning_scene_service
[move_group-2] *     - kinematics_service
[move_group-2] *     - move_action
[move_group-2] *     - motion_plan_service
[move_group-2] *     - query_planners_service
[move_group-2] *     - state_validation_service
[move_group-2] *     - save_geometry_to_file
[move_group-2] *     - SequenceAction
[move_group-2] *     - SequenceService
[move_group-2] ********************************************************
[move_group-2] 
[move_group-2] [INFO] [1789245208.230310962] [move_group.moveit.moveit.ros.move_group.context]: MoveGroup context using pipeline ompl
[move_group-2] [INFO] [1789245208.230324754] [move_group.moveit.moveit.ros.move_group.context]: MoveGroup context initialization complete
[move_group-2] [WARN] [1789245208.551289624] [move_group.moveit.moveit.ros.current_state_monitor]: Unable to update multi-DOF joint 'virtual_joint':Failure to lookup transform between 'world'and 'panda_link0' with TF exception: "world" passed to lookupTransform argument target_frame does not exist. 
[move_group-2] [WARN] [1789245211.284774946] [move_group.moveit.moveit.ros.planning_scene_monitor]: The complete state of the robot is not yet known.  Missing virtual_joint
[move_group-2] terminate called after throwing an instance of 'std::runtime_error'
[move_group-2]   what():  Box dimensions must be non-negative.
[move_group-2] Stack trace (most recent call last) in thread 4354:
[move_group-2] #22   Object "/usr/lib/aarch64-linux-gnu/ld-linux-aarch64.so.1", at 0xffffffffffffffff, in 
[move_group-2] #21   Object "/usr/lib/aarch64-linux-gnu/libc.so.6", at 0xf44107deba0b, in 
[move_group-2] #20   Object "/usr/lib/aarch64-linux-gnu/libc.so.6", at 0xf44107d8582b, in 
[move_group-2] #19   Object "/usr/lib/aarch64-linux-gnu/libstdc++.so.6.0.33", at 0xf44107fe1adf, in 
[move_group-2] #18   Object "/opt/ros/jazzy/lib/librclcpp.so", at 0xf4410834c21b, in rclcpp::executors::MultiThreadedExecutor::run(unsigned long)
[move_group-2] #17   Object "/opt/ros/jazzy/lib/librclcpp.so", at 0xf44108318e33, in rclcpp::Executor::execute_any_executable(rclcpp::AnyExecutable&)
[move_group-2] #16   Object "/opt/ros/jazzy/lib/librclcpp.so", at 0xf44108313ffb, in rclcpp::Executor::execute_service(std::shared_ptr<rclcpp::ServiceBase>)
[move_group-2] #15   Object "/opt/ros/jazzy/lib/librclcpp.so", at 0xf4410841c567, in 
[move_group-2] #14   Object "/opt/ros/jazzy/lib/libmoveit_move_group_default_capabilities.so.2.12.4", at 0xf440c3f555ff, in 
[move_group-2] #13   Object "/opt/ros/jazzy/lib/libmoveit_move_group_default_capabilities.so.2.12.4", at 0xf440c3f548bf, in move_group::ApplyPlanningSceneService::applyScene(std::shared_ptr<rmw_request_id_s> const&, std::shared_ptr<moveit_msgs::srv::ApplyPlanningScene_Request_<std::allocator<void> > > const&, std::shared_ptr<moveit_msgs::srv::ApplyPlanningScene_Response_<std::allocator<void> > > const&)
[move_group-2] #12   Object "/opt/ros/jazzy/lib/libmoveit_planning_scene_monitor.so.2.12.4", at 0xf44108695003, in planning_scene_monitor::PlanningSceneMonitor::newPlanningSceneMessage(moveit_msgs::msg::PlanningScene_<std::allocator<void> > const&)
[move_group-2] #11   Object "/opt/ros/jazzy/lib/libmoveit_planning_scene.so.2.12.4", at 0xf441077e65c7, in planning_scene::PlanningScene::setPlanningSceneDiffMsg(moveit_msgs::msg::PlanningScene_<std::allocator<void> > const&)
[move_group-2] #10   Object "/opt/ros/jazzy/lib/libmoveit_planning_scene.so.2.12.4", at 0xf441077ee12b, in planning_scene::PlanningScene::processCollisionObjectAdd(moveit_msgs::msg::CollisionObject_<std::allocator<void> > const&)
[move_group-2] #9    Object "/opt/ros/jazzy/lib/libmoveit_planning_scene.so.2.12.4", at 0xf441077ecef7, in planning_scene::PlanningScene::shapesAndPosesFromCollisionObjectMessage(moveit_msgs::msg::CollisionObject_<std::allocator<void> > const&, Eigen::Transform<double, 3, 1, 0>&, std::vector<std::shared_ptr<shapes::Shape const>, std::allocator<std::shared_ptr<shapes::Shape const> > >&, std::vector<Eigen::Transform<double, 3, 1, 0>, Eigen::aligned_allocator<Eigen::Transform<double, 3, 1, 0> > >&)
[move_group-2] #8    Object "/opt/ros/jazzy/lib/libgeometric_shapes.so.2.3.4", at 0xf4410753c57f, in shapes::constructShapeFromMsg(shape_msgs::msg::SolidPrimitive_<std::allocator<void> > const&)
[move_group-2] #7    Object "/opt/ros/jazzy/lib/libgeometric_shapes.so.2.3.4", at 0xf441075420ff, in shapes::Box::Box(double, double, double)
[move_group-2] #6    Object "/usr/lib/aarch64-linux-gnu/libstdc++.so.6.0.33", at 0xf44107faa907, in __cxa_throw
[move_group-2] #5    Object "/usr/lib/aarch64-linux-gnu/libstdc++.so.6.0.33", at 0xf44107fa0e03, in std::terminate()
[move_group-2] #4    Object "/usr/lib/aarch64-linux-gnu/libstdc++.so.6.0.33", at 0xf44107faa56f, in 
[move_group-2] #3    Object "/usr/lib/aarch64-linux-gnu/libstdc++.so.6.0.33", at 0xf44107fad4d7, in __gnu_cxx::__verbose_terminate_handler()
[move_group-2] #2    Object "/usr/lib/aarch64-linux-gnu/libc.so.6", at 0xf44107d27dff, in abort
[move_group-2] #1    Object "/usr/lib/aarch64-linux-gnu/libc.so.6", at 0xf44107d3cb3b, in raise
[move_group-2] #0    Object "/usr/lib/aarch64-linux-gnu/libc.so.6", at 0xf44107d874d8, in 
[move_group-2] Aborted (Signal sent by tkill() 4291 0)
[ERROR] [move_group-2]: process has died [pid 4291, exit code -6, cmd '/opt/ros/jazzy/lib/moveit_ros_move_group/move_group --ros-args --params-file /tmp/launch_params_92utr06l --params-file /tmp/launch_params_w7psfgoj --params-file /tmp/launch_params_38ogrib6 -r /panda_hand_controller/gripper_action:=/franka_gripper/gripper_action'].
[INFO] [move_group-2]: process started with pid [4461]
[move_group-2] [INFO] [1789245238.130739429] [move_group.moveit.moveit.ros.rdf_loader]: Loaded robot model in 0 seconds
[move_group-2] [INFO] [1789245238.130871173] [move_group.moveit.moveit.core.robot_model]: Loading robot model 'panda'...
[move_group-2] [WARN] [1789245238.136260825] [kdl_parser]: The root link panda_link0 has an inertia specified in the URDF, but KDL does not support a root link with an inertia.  As a workaround, you can add an extra dummy link to your URDF.
[move_group-2] [INFO] [1789245238.136349017] [move_group.moveit.moveit.kinematics.kdl_kinematics_plugin]: Joint weights for group 'panda_arm': 1 1 1 1 1 1 1
[move_group-2] [INFO] [1789245238.157062948] [move_group.moveit.moveit.ros.planning_scene_monitor]: Publishing maintained planning scene on 'monitored_planning_scene'
[move_group-2] [INFO] [1789245238.157239877] [move_group.moveit.moveit.ros.moveit_cpp]: Listening to 'joint_states' for joint states
[move_group-2] [INFO] [1789245238.158041896] [move_group.moveit.moveit.ros.current_state_monitor]: Listening to joint states on topic 'joint_states'
[move_group-2] [INFO] [1789245238.158328617] [move_group.moveit.moveit.ros.planning_scene_monitor]: Listening to '/attached_collision_object' for attached collision objects
[move_group-2] [INFO] [1789245238.158349737] [move_group.moveit.moveit.ros.planning_scene_monitor]: Stopping existing planning scene publisher.
[move_group-2] [INFO] [1789245238.158688714] [move_group.moveit.moveit.ros.planning_scene_monitor]: Stopped publishing maintained planning scene.
[move_group-2] [INFO] [1789245238.159597933] [move_group.moveit.moveit.ros.planning_scene_monitor]: Publishing maintained planning scene on 'monitored_planning_scene'
[move_group-2] [INFO] [1789245238.159744558] [move_group.moveit.moveit.ros.planning_scene_monitor]: Starting planning scene monitor
[move_group-2] [INFO] [1789245238.160664081] [move_group.moveit.moveit.ros.planning_scene_monitor]: Listening to '/planning_scene'
[move_group-2] [INFO] [1789245238.160687633] [move_group.moveit.moveit.ros.planning_scene_monitor]: Starting world geometry update monitor for collision objects, attached objects, octomap updates.
[move_group-2] [INFO] [1789245238.161069938] [move_group.moveit.moveit.ros.planning_scene_monitor]: Listening to 'collision_object'
[move_group-2] [INFO] [1789245238.161365396] [move_group.moveit.moveit.ros.planning_scene_monitor]: Listening to 'planning_scene_world' for planning scene world geometry
[move_group-2] [WARN] [1789245238.161589908] [move_group.moveit.moveit.ros.occupancy_map_monitor]: Resolution not specified for Octomap. Assuming resolution = 0.1 instead
[move_group-2] [ERROR] [1789245238.161620916] [move_group.moveit.moveit.ros.occupancy_map_monitor]: No 3D sensor plugin(s) defined for octomap updates
[move_group-2] [INFO] [1789245238.167273737] [move_group.moveit.moveit.ros.planning_pipeline]: Successfully loaded planner 'CHOMP'
[move_group-2] [INFO] [1789245238.167976107] [move_group]: Try loading adapter 'default_planning_request_adapters/ResolveConstraintFrames'
[move_group-2] [INFO] [1789245238.168576878] [move_group]: Loaded adapter 'default_planning_request_adapters/ResolveConstraintFrames'
[move_group-2] [INFO] [1789245238.168602542] [move_group]: Try loading adapter 'default_planning_request_adapters/ValidateWorkspaceBounds'
[move_group-2] [INFO] [1789245238.168745518] [move_group]: Loaded adapter 'default_planning_request_adapters/ValidateWorkspaceBounds'
[move_group-2] [INFO] [1789245238.168758766] [move_group]: Try loading adapter 'default_planning_request_adapters/CheckStartStateBounds'
[move_group-2] [INFO] [1789245238.168778286] [move_group]: Loaded adapter 'default_planning_request_adapters/CheckStartStateBounds'
[move_group-2] [INFO] [1789245238.168785486] [move_group]: Try loading adapter 'default_planning_request_adapters/CheckStartStateCollision'
[move_group-2] [INFO] [1789245238.168806574] [move_group]: Loaded adapter 'default_planning_request_adapters/CheckStartStateCollision'
[move_group-2] [INFO] [1789245238.169446321] [move_group]: Try loading adapter 'default_planning_response_adapters/AddTimeOptimalParameterization'
[move_group-2] [INFO] [1789245238.170974774] [move_group]: Loaded adapter 'default_planning_response_adapters/AddTimeOptimalParameterization'
[move_group-2] [INFO] [1789245238.183410563] [move_group.moveit.moveit.ros.planning_pipeline]: Successfully loaded planner 'OMPL'
[move_group-2] [INFO] [1789245238.184196582] [move_group]: Try loading adapter 'default_planning_request_adapters/ResolveConstraintFrames'
[move_group-2] [INFO] [1789245238.184291334] [move_group]: Loaded adapter 'default_planning_request_adapters/ResolveConstraintFrames'
[move_group-2] [INFO] [1789245238.184304262] [move_group]: Try loading adapter 'default_planning_request_adapters/ValidateWorkspaceBounds'
[move_group-2] [INFO] [1789245238.184475271] [move_group]: Loaded adapter 'default_planning_request_adapters/ValidateWorkspaceBounds'
[move_group-2] [INFO] [1789245238.184490855] [move_group]: Try loading adapter 'default_planning_request_adapters/CheckStartStateBounds'
[move_group-2] [INFO] [1789245238.184512679] [move_group]: Loaded adapter 'default_planning_request_adapters/CheckStartStateBounds'
[move_group-2] [INFO] [1789245238.184521639] [move_group]: Try loading adapter 'default_planning_request_adapters/CheckStartStateCollision'
[move_group-2] [INFO] [1789245238.184535175] [move_group]: Loaded adapter 'default_planning_request_adapters/CheckStartStateCollision'
[move_group-2] [INFO] [1789245238.185170281] [move_group]: Try loading adapter 'default_planning_response_adapters/AddTimeOptimalParameterization'
[move_group-2] [INFO] [1789245238.185506443] [move_group]: Loaded adapter 'default_planning_response_adapters/AddTimeOptimalParameterization'
[move_group-2] [INFO] [1789245238.185525387] [move_group]: Try loading adapter 'default_planning_response_adapters/ValidateSolution'
[move_group-2] [INFO] [1789245238.187285745] [move_group]: Loaded adapter 'default_planning_response_adapters/ValidateSolution'
[move_group-2] [INFO] [1789245238.187308849] [move_group]: Try loading adapter 'default_planning_response_adapters/DisplayMotionPath'
[move_group-2] [INFO] [1789245238.187735923] [move_group]: Loaded adapter 'default_planning_response_adapters/DisplayMotionPath'
[move_group-2] [INFO] [1789245238.189579353] [move_group.moveit.moveit.planners.pilz.joint_limits_aggregator]: Reading limits from namespace robot_description_planning
[move_group-2] [WARN] [1789245238.190381148] [move_group.moveit.moveit.planners.pilz.joint_limits_aggregator]: Multi-DOF-Joint 'virtual_joint' not supported.
[move_group-2] [WARN] [1789245238.190418972] [move_group.moveit.moveit.planners.pilz.joint_limits_aggregator]: Multi-DOF-Joint 'virtual_joint' not supported.
[move_group-2] [INFO] [1789245238.194164554] [move_group.moveit.moveit.planners.pilz.command_planner]: Available plugins: pilz_industrial_motion_planner/PlanningContextLoaderCIRC pilz_industrial_motion_planner/PlanningContextLoaderLIN pilz_industrial_motion_planner/PlanningContextLoaderPTP 
[move_group-2] [INFO] [1789245238.194199658] [move_group.moveit.moveit.planners.pilz.command_planner]: About to load: pilz_industrial_motion_planner/PlanningContextLoaderCIRC
[move_group-2] [INFO] [1789245238.195171726] [move_group.moveit.moveit.planners.pilz.command_planner]: Registered Algorithm [CIRC]
[move_group-2] [INFO] [1789245238.195204398] [move_group.moveit.moveit.planners.pilz.command_planner]: About to load: pilz_industrial_motion_planner/PlanningContextLoaderLIN
[move_group-2] [INFO] [1789245238.195816272] [move_group.moveit.moveit.planners.pilz.command_planner]: Registered Algorithm [LIN]
[move_group-2] [INFO] [1789245238.195844464] [move_group.moveit.moveit.planners.pilz.command_planner]: About to load: pilz_industrial_motion_planner/PlanningContextLoaderPTP
[move_group-2] [INFO] [1789245238.196435826] [move_group.moveit.moveit.planners.pilz.command_planner]: Registered Algorithm [PTP]
[move_group-2] [INFO] [1789245238.196465714] [move_group.moveit.moveit.ros.planning_pipeline]: Successfully loaded planner 'Pilz Industrial Motion Planner'
[move_group-2] [INFO] [1789245238.197139285] [move_group]: Try loading adapter 'default_planning_request_adapters/ValidateWorkspaceBounds'
[move_group-2] [INFO] [1789245238.197377270] [move_group]: Loaded adapter 'default_planning_request_adapters/ValidateWorkspaceBounds'
[move_group-2] [INFO] [1789245238.197398934] [move_group]: Try loading adapter 'default_planning_request_adapters/CheckStartStateBounds'
[move_group-2] [INFO] [1789245238.197426134] [move_group]: Loaded adapter 'default_planning_request_adapters/CheckStartStateBounds'
[move_group-2] [INFO] [1789245238.197435094] [move_group]: Try loading adapter 'default_planning_request_adapters/CheckStartStateCollision'
[move_group-2] [INFO] [1789245238.197450870] [move_group]: Loaded adapter 'default_planning_request_adapters/CheckStartStateCollision'
[move_group-2] [WARN] [1789245238.197458390] [move_group.moveit.moveit.ros.planning_pipeline]: No planning response adapter names specified.
[move_group-2] [INFO] [1789245238.199683870] [move_group.moveit.moveit.ros.planning_pipeline]: Successfully loaded planner 'STOMP'
[move_group-2] [INFO] [1789245238.200351296] [move_group]: Try loading adapter 'default_planning_request_adapters/ResolveConstraintFrames'
[move_group-2] [INFO] [1789245238.200429729] [move_group]: Loaded adapter 'default_planning_request_adapters/ResolveConstraintFrames'
[move_group-2] [INFO] [1789245238.200444737] [move_group]: Try loading adapter 'default_planning_request_adapters/ValidateWorkspaceBounds'
[move_group-2] [INFO] [1789245238.200596865] [move_group]: Loaded adapter 'default_planning_request_adapters/ValidateWorkspaceBounds'
[move_group-2] [INFO] [1789245238.200615521] [move_group]: Try loading adapter 'default_planning_request_adapters/CheckStartStateBounds'
[move_group-2] [INFO] [1789245238.200637601] [move_group]: Loaded adapter 'default_planning_request_adapters/CheckStartStateBounds'
[move_group-2] [INFO] [1789245238.200646145] [move_group]: Try loading adapter 'default_planning_request_adapters/CheckStartStateCollision'
[move_group-2] [INFO] [1789245238.200660577] [move_group]: Loaded adapter 'default_planning_request_adapters/CheckStartStateCollision'
[move_group-2] [INFO] [1789245238.201297924] [move_group]: Try loading adapter 'default_planning_response_adapters/AddTimeOptimalParameterization'
[move_group-2] [INFO] [1789245238.201624805] [move_group]: Loaded adapter 'default_planning_response_adapters/AddTimeOptimalParameterization'
[move_group-2] [INFO] [1789245238.201643141] [move_group]: Try loading adapter 'default_planning_response_adapters/ValidateSolution'
[move_group-2] [INFO] [1789245238.201877542] [move_group]: Loaded adapter 'default_planning_response_adapters/ValidateSolution'
[move_group-2] [INFO] [1789245238.201895846] [move_group]: Try loading adapter 'default_planning_response_adapters/DisplayMotionPath'
[move_group-2] [INFO] [1789245238.202077703] [move_group]: Loaded adapter 'default_planning_response_adapters/DisplayMotionPath'
[move_group-2] [INFO] [1789245238.237119461] [move_group.moveit.moveit.plugins.simple_controller_manager]: Added FollowJointTrajectory controller for panda_arm_controller
[move_group-2] [INFO] [1789245238.237190469] [move_group.moveit.moveit.plugins.simple_controller_manager]: panda_hand_controller will command a max effort of: 0
[move_group-2] [ERROR] [1789245238.238722667] [move_group.moveit.moveit.plugins.simple_controller_manager]: Parallel Gripper requires exactly two joints, 1 are specified
[move_group-2] [INFO] [1789245238.241178740] [move_group.moveit.moveit.plugins.simple_controller_manager]: Returned 1 controllers in list
[move_group-2] [INFO] [1789245238.241243796] [move_group.moveit.moveit.plugins.simple_controller_manager]: Returned 1 controllers in list
[move_group-2] [INFO] [1789245238.241770454] [move_group.moveit.moveit.ros.trajectory_execution_manager]: Trajectory execution is managing controllers
[move_group-2] [INFO] [1789245238.241810742] [move_group]: MoveGroup debug mode is ON
[move_group-2] [INFO] [1789245238.255326311] [move_group.moveit.moveit.planners.pilz.move_group_sequence_action]: initialize move group sequence action
[move_group-2] [INFO] [1789245238.257136941] [move_group.moveit.moveit.planners.pilz.joint_limits_aggregator]: Reading limits from namespace robot_description_planning
[move_group-2] [WARN] [1789245238.257192301] [move_group.moveit.moveit.planners.pilz.joint_limits_aggregator]: Multi-DOF-Joint 'virtual_joint' not supported.
[move_group-2] [WARN] [1789245238.257214286] [move_group.moveit.moveit.planners.pilz.joint_limits_aggregator]: Multi-DOF-Joint 'virtual_joint' not supported.
[move_group-2] [INFO] [1789245238.257383726] [move_group.moveit.moveit.planners.pilz.joint_limits_aggregator]: Reading limits from namespace robot_description_planning
[move_group-2] [WARN] [1789245238.257410126] [move_group.moveit.moveit.planners.pilz.joint_limits_aggregator]: Multi-DOF-Joint 'virtual_joint' not supported.
[move_group-2] [WARN] [1789245238.257425198] [move_group.moveit.moveit.planners.pilz.joint_limits_aggregator]: Multi-DOF-Joint 'virtual_joint' not supported.
[move_group-2] [INFO] [1789245238.257979760] [move_group.moveit.moveit.ros.move_group.executable]: 
[move_group-2] 
[move_group-2] ********************************************************
[move_group-2] * MoveGroup using: 
[move_group-2] *     - apply_planning_scene_service
[move_group-2] *     - clear_octomap_service
[move_group-2] *     - get_group_urdf
[move_group-2] *     - load_geometry_from_file
[move_group-2] *     - CartesianPathService
[move_group-2] *     - execute_trajectory_action
[move_group-2] *     - get_planning_scene_service
[move_group-2] *     - kinematics_service
[move_group-2] *     - move_action
[move_group-2] *     - motion_plan_service
[move_group-2] *     - query_planners_service
[move_group-2] *     - state_validation_service
[move_group-2] *     - save_geometry_to_file
[move_group-2] *     - SequenceAction
[move_group-2] *     - SequenceService
[move_group-2] ********************************************************
[move_group-2] 
[move_group-2] [INFO] [1789245238.258046096] [move_group.moveit.moveit.ros.move_group.context]: MoveGroup context using pipeline ompl
[move_group-2] [INFO] [1789245238.258078449] [move_group.moveit.moveit.ros.move_group.context]: MoveGroup context initialization complete
[move_group-2] [WARN] [1789245238.552311831] [move_group.moveit.moveit.ros.current_state_monitor]: Unable to update multi-DOF joint 'virtual_joint':Failure to lookup transform between 'world'and 'panda_link0' with TF exception: "world" passed to lookupTransform argument target_frame does not exist. 
[move_group-2] [WARN] [1789245241.284974206] [move_group.moveit.moveit.ros.planning_scene_monitor]: The complete state of the robot is not yet known.  Missing virtual_joint
[move_group-2] terminate called after throwing an instance of 'std::runtime_error'
[move_group-2]   what():  Box dimensions must be non-negative.
[move_group-2] Stack trace (most recent call last) in thread 4535:
[move_group-2] #22   Object "/usr/lib/aarch64-linux-gnu/ld-linux-aarch64.so.1", at 0xffffffffffffffff, in 
[move_group-2] #21   Object "/usr/lib/aarch64-linux-gnu/libc.so.6", at 0xf8dab1b5ba0b, in 
[move_group-2] #20   Object "/usr/lib/aarch64-linux-gnu/libc.so.6", at 0xf8dab1af582b, in 
[move_group-2] #19   Object "/usr/lib/aarch64-linux-gnu/libstdc++.so.6.0.33", at 0xf8dab1d51adf, in 
[move_group-2] #18   Object "/opt/ros/jazzy/lib/librclcpp.so", at 0xf8dab20bc21b, in rclcpp::executors::MultiThreadedExecutor::run(unsigned long)
[move_group-2] #17   Object "/opt/ros/jazzy/lib/librclcpp.so", at 0xf8dab2088e33, in rclcpp::Executor::execute_any_executable(rclcpp::AnyExecutable&)
[move_group-2] #16   Object "/opt/ros/jazzy/lib/librclcpp.so", at 0xf8dab2083ffb, in rclcpp::Executor::execute_service(std::shared_ptr<rclcpp::ServiceBase>)
[move_group-2] #15   Object "/opt/ros/jazzy/lib/librclcpp.so", at 0xf8dab218c567, in 
[move_group-2] #14   Object "/opt/ros/jazzy/lib/libmoveit_move_group_default_capabilities.so.2.12.4", at 0xf8da75d855ff, in 
[move_group-2] #13   Object "/opt/ros/jazzy/lib/libmoveit_move_group_default_capabilities.so.2.12.4", at 0xf8da75d848bf, in move_group::ApplyPlanningSceneService::applyScene(std::shared_ptr<rmw_request_id_s> const&, std::shared_ptr<moveit_msgs::srv::ApplyPlanningScene_Request_<std::allocator<void> > > const&, std::shared_ptr<moveit_msgs::srv::ApplyPlanningScene_Response_<std::allocator<void> > > const&)
[move_group-2] #12   Object "/opt/ros/jazzy/lib/libmoveit_planning_scene_monitor.so.2.12.4", at 0xf8dab2405003, in planning_scene_monitor::PlanningSceneMonitor::newPlanningSceneMessage(moveit_msgs::msg::PlanningScene_<std::allocator<void> > const&)
[move_group-2] #11   Object "/opt/ros/jazzy/lib/libmoveit_planning_scene.so.2.12.4", at 0xf8dab15565c7, in planning_scene::PlanningScene::setPlanningSceneDiffMsg(moveit_msgs::msg::PlanningScene_<std::allocator<void> > const&)
[move_group-2] #10   Object "/opt/ros/jazzy/lib/libmoveit_planning_scene.so.2.12.4", at 0xf8dab155e12b, in planning_scene::PlanningScene::processCollisionObjectAdd(moveit_msgs::msg::CollisionObject_<std::allocator<void> > const&)
[move_group-2] #9    Object "/opt/ros/jazzy/lib/libmoveit_planning_scene.so.2.12.4", at 0xf8dab155cef7, in planning_scene::PlanningScene::shapesAndPosesFromCollisionObjectMessage(moveit_msgs::msg::CollisionObject_<std::allocator<void> > const&, Eigen::Transform<double, 3, 1, 0>&, std::vector<std::shared_ptr<shapes::Shape const>, std::allocator<std::shared_ptr<shapes::Shape const> > >&, std::vector<Eigen::Transform<double, 3, 1, 0>, Eigen::aligned_allocator<Eigen::Transform<double, 3, 1, 0> > >&)
[move_group-2] #8    Object "/opt/ros/jazzy/lib/libgeometric_shapes.so.2.3.4", at 0xf8dab12ac57f, in shapes::constructShapeFromMsg(shape_msgs::msg::SolidPrimitive_<std::allocator<void> > const&)
[move_group-2] #7    Object "/opt/ros/jazzy/lib/libgeometric_shapes.so.2.3.4", at 0xf8dab12b20ff, in shapes::Box::Box(double, double, double)
[move_group-2] #6    Object "/usr/lib/aarch64-linux-gnu/libstdc++.so.6.0.33", at 0xf8dab1d1a907, in __cxa_throw
[move_group-2] #5    Object "/usr/lib/aarch64-linux-gnu/libstdc++.so.6.0.33", at 0xf8dab1d10e03, in std::terminate()
[move_group-2] #4    Object "/usr/lib/aarch64-linux-gnu/libstdc++.so.6.0.33", at 0xf8dab1d1a56f, in 
[move_group-2] #3    Object "/usr/lib/aarch64-linux-gnu/libstdc++.so.6.0.33", at 0xf8dab1d1d4d7, in __gnu_cxx::__verbose_terminate_handler()
[move_group-2] #2    Object "/usr/lib/aarch64-linux-gnu/libc.so.6", at 0xf8dab1a97dff, in abort
[move_group-2] #1    Object "/usr/lib/aarch64-linux-gnu/libc.so.6", at 0xf8dab1aacb3b, in raise
[move_group-2] #0    Object "/usr/lib/aarch64-linux-gnu/libc.so.6", at 0xf8dab1af74d8, in 
[move_group-2] Aborted (Signal sent by tkill() 4461 0)
[ERROR] [move_group-2]: process has died [pid 4461, exit code -6, cmd '/opt/ros/jazzy/lib/moveit_ros_move_group/move_group --ros-args --params-file /tmp/launch_params_92utr06l --params-file /tmp/launch_params_w7psfgoj --params-file /tmp/launch_params_38ogrib6 -r /panda_hand_controller/gripper_action:=/franka_gripper/gripper_action'].
[INFO] [move_group-2]: process started with pid [4631]
[move_group-2] [INFO] [1789245268.136794261] [move_group.moveit.moveit.ros.rdf_loader]: Loaded robot model in 0 seconds
[move_group-2] [INFO] [1789245268.136908757] [move_group.moveit.moveit.core.robot_model]: Loading robot model 'panda'...
[move_group-2] [WARN] [1789245268.142141768] [kdl_parser]: The root link panda_link0 has an inertia specified in the URDF, but KDL does not support a root link with an inertia.  As a workaround, you can add an extra dummy link to your URDF.
[move_group-2] [INFO] [1789245268.142230376] [move_group.moveit.moveit.kinematics.kdl_kinematics_plugin]: Joint weights for group 'panda_arm': 1 1 1 1 1 1 1
[move_group-2] [INFO] [1789245268.162614354] [move_group.moveit.moveit.ros.planning_scene_monitor]: Publishing maintained planning scene on 'monitored_planning_scene'
[move_group-2] [INFO] [1789245268.162809619] [move_group.moveit.moveit.ros.moveit_cpp]: Listening to 'joint_states' for joint states
[move_group-2] [INFO] [1789245268.163685494] [move_group.moveit.moveit.ros.current_state_monitor]: Listening to joint states on topic 'joint_states'
[move_group-2] [INFO] [1789245268.163967927] [move_group.moveit.moveit.ros.planning_scene_monitor]: Listening to '/attached_collision_object' for attached collision objects
[move_group-2] [INFO] [1789245268.163988887] [move_group.moveit.moveit.ros.planning_scene_monitor]: Stopping existing planning scene publisher.
[move_group-2] [INFO] [1789245268.164126903] [move_group.moveit.moveit.ros.planning_scene_monitor]: Stopped publishing maintained planning scene.
[move_group-2] [INFO] [1789245268.164426392] [move_group.moveit.moveit.ros.planning_scene_monitor]: Publishing maintained planning scene on 'monitored_planning_scene'
[move_group-2] [INFO] [1789245268.164526841] [move_group.moveit.moveit.ros.planning_scene_monitor]: Starting planning scene monitor
[move_group-2] [INFO] [1789245268.165028187] [move_group.moveit.moveit.ros.planning_scene_monitor]: Listening to '/planning_scene'
[move_group-2] [INFO] [1789245268.165048411] [move_group.moveit.moveit.ros.planning_scene_monitor]: Starting world geometry update monitor for collision objects, attached objects, octomap updates.
[move_group-2] [INFO] [1789245268.165299068] [move_group.moveit.moveit.ros.planning_scene_monitor]: Listening to 'collision_object'
[move_group-2] [INFO] [1789245268.165549500] [move_group.moveit.moveit.ros.planning_scene_monitor]: Listening to 'planning_scene_world' for planning scene world geometry
[move_group-2] [WARN] [1789245268.165682205] [move_group.moveit.moveit.ros.occupancy_map_monitor]: Resolution not specified for Octomap. Assuming resolution = 0.1 instead
[move_group-2] [ERROR] [1789245268.165702365] [move_group.moveit.moveit.ros.occupancy_map_monitor]: No 3D sensor plugin(s) defined for octomap updates
[move_group-2] [INFO] [1789245268.169928428] [move_group.moveit.moveit.ros.planning_pipeline]: Successfully loaded planner 'CHOMP'
[move_group-2] [INFO] [1789245268.170605647] [move_group]: Try loading adapter 'default_planning_request_adapters/ResolveConstraintFrames'
[move_group-2] [INFO] [1789245268.171145457] [move_group]: Loaded adapter 'default_planning_request_adapters/ResolveConstraintFrames'
[move_group-2] [INFO] [1789245268.171167633] [move_group]: Try loading adapter 'default_planning_request_adapters/ValidateWorkspaceBounds'
[move_group-2] [INFO] [1789245268.171322417] [move_group]: Loaded adapter 'default_planning_request_adapters/ValidateWorkspaceBounds'
[move_group-2] [INFO] [1789245268.171335857] [move_group]: Try loading adapter 'default_planning_request_adapters/CheckStartStateBounds'
[move_group-2] [INFO] [1789245268.171356721] [move_group]: Loaded adapter 'default_planning_request_adapters/CheckStartStateBounds'
[move_group-2] [INFO] [1789245268.171363505] [move_group]: Try loading adapter 'default_planning_request_adapters/CheckStartStateCollision'
[move_group-2] [INFO] [1789245268.171378641] [move_group]: Loaded adapter 'default_planning_request_adapters/CheckStartStateCollision'
[move_group-2] [INFO] [1789245268.171973908] [move_group]: Try loading adapter 'default_planning_response_adapters/AddTimeOptimalParameterization'
[move_group-2] [INFO] [1789245268.173300824] [move_group]: Loaded adapter 'default_planning_response_adapters/AddTimeOptimalParameterization'
[move_group-2] [INFO] [1789245268.183020315] [move_group.moveit.moveit.ros.planning_pipeline]: Successfully loaded planner 'OMPL'
[move_group-2] [INFO] [1789245268.183728798] [move_group]: Try loading adapter 'default_planning_request_adapters/ResolveConstraintFrames'
[move_group-2] [INFO] [1789245268.183813182] [move_group]: Loaded adapter 'default_planning_request_adapters/ResolveConstraintFrames'
[move_group-2] [INFO] [1789245268.183825054] [move_group]: Try loading adapter 'default_planning_request_adapters/ValidateWorkspaceBounds'
[move_group-2] [INFO] [1789245268.183954719] [move_group]: Loaded adapter 'default_planning_request_adapters/ValidateWorkspaceBounds'
[move_group-2] [INFO] [1789245268.183969151] [move_group]: Try loading adapter 'default_planning_request_adapters/CheckStartStateBounds'
[move_group-2] [INFO] [1789245268.183990175] [move_group]: Loaded adapter 'default_planning_request_adapters/CheckStartStateBounds'
[move_group-2] [INFO] [1789245268.183995871] [move_group]: Try loading adapter 'default_planning_request_adapters/CheckStartStateCollision'
[move_group-2] [INFO] [1789245268.184007231] [move_group]: Loaded adapter 'default_planning_request_adapters/CheckStartStateCollision'
[move_group-2] [INFO] [1789245268.184606305] [move_group]: Try loading adapter 'default_planning_response_adapters/AddTimeOptimalParameterization'
[move_group-2] [INFO] [1789245268.184847778] [move_group]: Loaded adapter 'default_planning_response_adapters/AddTimeOptimalParameterization'
[move_group-2] [INFO] [1789245268.184862178] [move_group]: Try loading adapter 'default_planning_response_adapters/ValidateSolution'
[move_group-2] [INFO] [1789245268.186285831] [move_group]: Loaded adapter 'default_planning_response_adapters/ValidateSolution'
[move_group-2] [INFO] [1789245268.186309255] [move_group]: Try loading adapter 'default_planning_response_adapters/DisplayMotionPath'
[move_group-2] [INFO] [1789245268.186662953] [move_group]: Loaded adapter 'default_planning_response_adapters/DisplayMotionPath'
[move_group-2] [INFO] [1789245268.188312495] [move_group.moveit.moveit.planners.pilz.joint_limits_aggregator]: Reading limits from namespace robot_description_planning
[move_group-2] [WARN] [1789245268.188881297] [move_group.moveit.moveit.planners.pilz.joint_limits_aggregator]: Multi-DOF-Joint 'virtual_joint' not supported.
[move_group-2] [WARN] [1789245268.188912817] [move_group.moveit.moveit.planners.pilz.joint_limits_aggregator]: Multi-DOF-Joint 'virtual_joint' not supported.
[move_group-2] [INFO] [1789245268.191771707] [move_group.moveit.moveit.planners.pilz.command_planner]: Available plugins: pilz_industrial_motion_planner/PlanningContextLoaderCIRC pilz_industrial_motion_planner/PlanningContextLoaderLIN pilz_industrial_motion_planner/PlanningContextLoaderPTP 
[move_group-2] [INFO] [1789245268.191804539] [move_group.moveit.moveit.planners.pilz.command_planner]: About to load: pilz_industrial_motion_planner/PlanningContextLoaderCIRC
[move_group-2] [INFO] [1789245268.192657438] [move_group.moveit.moveit.planners.pilz.command_planner]: Registered Algorithm [CIRC]
[move_group-2] [INFO] [1789245268.192691262] [move_group.moveit.moveit.planners.pilz.command_planner]: About to load: pilz_industrial_motion_planner/PlanningContextLoaderLIN
[move_group-2] [INFO] [1789245268.193255456] [move_group.moveit.moveit.planners.pilz.command_planner]: Registered Algorithm [LIN]
[move_group-2] [INFO] [1789245268.193286529] [move_group.moveit.moveit.planners.pilz.command_planner]: About to load: pilz_industrial_motion_planner/PlanningContextLoaderPTP
[move_group-2] [INFO] [1789245268.193801410] [move_group.moveit.moveit.planners.pilz.command_planner]: Registered Algorithm [PTP]
[move_group-2] [INFO] [1789245268.193832867] [move_group.moveit.moveit.ros.planning_pipeline]: Successfully loaded planner 'Pilz Industrial Motion Planner'
[move_group-2] [INFO] [1789245268.194511493] [move_group]: Try loading adapter 'default_planning_request_adapters/ValidateWorkspaceBounds'
[move_group-2] [INFO] [1789245268.194736742] [move_group]: Loaded adapter 'default_planning_request_adapters/ValidateWorkspaceBounds'
[move_group-2] [INFO] [1789245268.194756262] [move_group]: Try loading adapter 'default_planning_request_adapters/CheckStartStateBounds'
[move_group-2] [INFO] [1789245268.194779014] [move_group]: Loaded adapter 'default_planning_request_adapters/CheckStartStateBounds'
[move_group-2] [INFO] [1789245268.194786150] [move_group]: Try loading adapter 'default_planning_request_adapters/CheckStartStateCollision'
[move_group-2] [INFO] [1789245268.194800006] [move_group]: Loaded adapter 'default_planning_request_adapters/CheckStartStateCollision'
[move_group-2] [WARN] [1789245268.194806406] [move_group.moveit.moveit.ros.planning_pipeline]: No planning response adapter names specified.
[move_group-2] [INFO] [1789245268.196783181] [move_group.moveit.moveit.ros.planning_pipeline]: Successfully loaded planner 'STOMP'
[move_group-2] [INFO] [1789245268.197411407] [move_group]: Try loading adapter 'default_planning_request_adapters/ResolveConstraintFrames'
[move_group-2] [INFO] [1789245268.197490160] [move_group]: Loaded adapter 'default_planning_request_adapters/ResolveConstraintFrames'
[move_group-2] [INFO] [1789245268.197500688] [move_group]: Try loading adapter 'default_planning_request_adapters/ValidateWorkspaceBounds'
[move_group-2] [INFO] [1789245268.197641776] [move_group]: Loaded adapter 'default_planning_request_adapters/ValidateWorkspaceBounds'
[move_group-2] [INFO] [1789245268.197659184] [move_group]: Try loading adapter 'default_planning_request_adapters/CheckStartStateBounds'
[move_group-2] [INFO] [1789245268.197680176] [move_group]: Loaded adapter 'default_planning_request_adapters/CheckStartStateBounds'
[move_group-2] [INFO] [1789245268.197685968] [move_group]: Try loading adapter 'default_planning_request_adapters/CheckStartStateCollision'
[move_group-2] [INFO] [1789245268.197698416] [move_group]: Loaded adapter 'default_planning_request_adapters/CheckStartStateCollision'
[move_group-2] [INFO] [1789245268.198294931] [move_group]: Try loading adapter 'default_planning_response_adapters/AddTimeOptimalParameterization'
[move_group-2] [INFO] [1789245268.198605588] [move_group]: Loaded adapter 'default_planning_response_adapters/AddTimeOptimalParameterization'
[move_group-2] [INFO] [1789245268.198623572] [move_group]: Try loading adapter 'default_planning_response_adapters/ValidateSolution'
[move_group-2] [INFO] [1789245268.198838517] [move_group]: Loaded adapter 'default_planning_response_adapters/ValidateSolution'
[move_group-2] [INFO] [1789245268.198854837] [move_group]: Try loading adapter 'default_planning_response_adapters/DisplayMotionPath'
[move_group-2] [INFO] [1789245268.199016885] [move_group]: Loaded adapter 'default_planning_response_adapters/DisplayMotionPath'
[move_group-2] [INFO] [1789245268.228963201] [move_group.moveit.moveit.plugins.simple_controller_manager]: Added FollowJointTrajectory controller for panda_arm_controller
[move_group-2] [INFO] [1789245268.229040514] [move_group.moveit.moveit.plugins.simple_controller_manager]: panda_hand_controller will command a max effort of: 0
[move_group-2] [ERROR] [1789245268.230462599] [move_group.moveit.moveit.plugins.simple_controller_manager]: Parallel Gripper requires exactly two joints, 1 are specified
[move_group-2] [INFO] [1789245268.232443182] [move_group.moveit.moveit.plugins.simple_controller_manager]: Returned 1 controllers in list
[move_group-2] [INFO] [1789245268.232488078] [move_group.moveit.moveit.plugins.simple_controller_manager]: Returned 1 controllers in list
[move_group-2] [INFO] [1789245268.232901680] [move_group.moveit.moveit.ros.trajectory_execution_manager]: Trajectory execution is managing controllers
[move_group-2] [INFO] [1789245268.232930096] [move_group]: MoveGroup debug mode is ON
[move_group-2] [INFO] [1789245268.244787514] [move_group.moveit.moveit.planners.pilz.move_group_sequence_action]: initialize move group sequence action
[move_group-2] [INFO] [1789245268.246495265] [move_group.moveit.moveit.planners.pilz.joint_limits_aggregator]: Reading limits from namespace robot_description_planning
[move_group-2] [WARN] [1789245268.246545921] [move_group.moveit.moveit.planners.pilz.joint_limits_aggregator]: Multi-DOF-Joint 'virtual_joint' not supported.
[move_group-2] [WARN] [1789245268.246565793] [move_group.moveit.moveit.planners.pilz.joint_limits_aggregator]: Multi-DOF-Joint 'virtual_joint' not supported.
[move_group-2] [INFO] [1789245268.246719265] [move_group.moveit.moveit.planners.pilz.joint_limits_aggregator]: Reading limits from namespace robot_description_planning
[move_group-2] [WARN] [1789245268.246751202] [move_group.moveit.moveit.planners.pilz.joint_limits_aggregator]: Multi-DOF-Joint 'virtual_joint' not supported.
[move_group-2] [WARN] [1789245268.246765058] [move_group.moveit.moveit.planners.pilz.joint_limits_aggregator]: Multi-DOF-Joint 'virtual_joint' not supported.
[move_group-2] [INFO] [1789245268.247291939] [move_group.moveit.moveit.ros.move_group.executable]: 
[move_group-2] 
[move_group-2] ********************************************************
[move_group-2] * MoveGroup using: 
[move_group-2] *     - apply_planning_scene_service
[move_group-2] *     - clear_octomap_service
[move_group-2] *     - get_group_urdf
[move_group-2] *     - load_geometry_from_file
[move_group-2] *     - CartesianPathService
[move_group-2] *     - execute_trajectory_action
[move_group-2] *     - get_planning_scene_service
[move_group-2] *     - kinematics_service
[move_group-2] *     - move_action
[move_group-2] *     - motion_plan_service
[move_group-2] *     - query_planners_service
[move_group-2] *     - state_validation_service
[move_group-2] *     - save_geometry_to_file
[move_group-2] *     - SequenceAction
[move_group-2] *     - SequenceService
[move_group-2] ********************************************************
[move_group-2] 
[move_group-2] [INFO] [1789245268.247352164] [move_group.moveit.moveit.ros.move_group.context]: MoveGroup context using pipeline ompl
[move_group-2] [INFO] [1789245268.247367908] [move_group.moveit.moveit.ros.move_group.context]: MoveGroup context initialization complete
[move_group-2] [WARN] [1789245268.552911315] [move_group.moveit.moveit.ros.current_state_monitor]: Unable to update multi-DOF joint 'virtual_joint':Failure to lookup transform between 'world'and 'panda_link0' with TF exception: "world" passed to lookupTransform argument target_frame does not exist. 
[move_group-2] [WARN] [1789245271.284534614] [move_group.moveit.moveit.ros.planning_scene_monitor]: The complete state of the robot is not yet known.  Missing virtual_joint
[move_group-2] terminate called after throwing an instance of 'std::runtime_error'
[move_group-2]   what():  Box dimensions must be non-negative.
[move_group-2] Stack trace (most recent call last) in thread 4701:
[move_group-2] #22   Object "/usr/lib/aarch64-linux-gnu/ld-linux-aarch64.so.1", at 0xffffffffffffffff, in 
[move_group-2] #21   Object "/usr/lib/aarch64-linux-gnu/libc.so.6", at 0xe1dd2f83ba0b, in 
[move_group-2] #20   Object "/usr/lib/aarch64-linux-gnu/libc.so.6", at 0xe1dd2f7d582b, in 
[move_group-2] #19   Object "/usr/lib/aarch64-linux-gnu/libstdc++.so.6.0.33", at 0xe1dd2fa31adf, in 
[move_group-2] #18   Object "/opt/ros/jazzy/lib/librclcpp.so", at 0xe1dd2fd9c21b, in rclcpp::executors::MultiThreadedExecutor::run(unsigned long)
[move_group-2] #17   Object "/opt/ros/jazzy/lib/librclcpp.so", at 0xe1dd2fd68e33, in rclcpp::Executor::execute_any_executable(rclcpp::AnyExecutable&)
[move_group-2] #16   Object "/opt/ros/jazzy/lib/librclcpp.so", at 0xe1dd2fd63ffb, in rclcpp::Executor::execute_service(std::shared_ptr<rclcpp::ServiceBase>)
[move_group-2] #15   Object "/opt/ros/jazzy/lib/librclcpp.so", at 0xe1dd2fe6c567, in 
[move_group-2] #14   Object "/opt/ros/jazzy/lib/libmoveit_move_group_default_capabilities.so.2.12.4", at 0xe1dd042555ff, in 
[move_group-2] #13   Object "/opt/ros/jazzy/lib/libmoveit_move_group_default_capabilities.so.2.12.4", at 0xe1dd042548bf, in move_group::ApplyPlanningSceneService::applyScene(std::shared_ptr<rmw_request_id_s> const&, std::shared_ptr<moveit_msgs::srv::ApplyPlanningScene_Request_<std::allocator<void> > > const&, std::shared_ptr<moveit_msgs::srv::ApplyPlanningScene_Response_<std::allocator<void> > > const&)
[move_group-2] #12   Object "/opt/ros/jazzy/lib/libmoveit_planning_scene_monitor.so.2.12.4", at 0xe1dd300e5003, in planning_scene_monitor::PlanningSceneMonitor::newPlanningSceneMessage(moveit_msgs::msg::PlanningScene_<std::allocator<void> > const&)
[move_group-2] #11   Object "/opt/ros/jazzy/lib/libmoveit_planning_scene.so.2.12.4", at 0xe1dd2f2365c7, in planning_scene::PlanningScene::setPlanningSceneDiffMsg(moveit_msgs::msg::PlanningScene_<std::allocator<void> > const&)
[move_group-2] #10   Object "/opt/ros/jazzy/lib/libmoveit_planning_scene.so.2.12.4", at 0xe1dd2f23e12b, in planning_scene::PlanningScene::processCollisionObjectAdd(moveit_msgs::msg::CollisionObject_<std::allocator<void> > const&)
[move_group-2] #9    Object "/opt/ros/jazzy/lib/libmoveit_planning_scene.so.2.12.4", at 0xe1dd2f23cef7, in planning_scene::PlanningScene::shapesAndPosesFromCollisionObjectMessage(moveit_msgs::msg::CollisionObject_<std::allocator<void> > const&, Eigen::Transform<double, 3, 1, 0>&, std::vector<std::shared_ptr<shapes::Shape const>, std::allocator<std::shared_ptr<shapes::Shape const> > >&, std::vector<Eigen::Transform<double, 3, 1, 0>, Eigen::aligned_allocator<Eigen::Transform<double, 3, 1, 0> > >&)
[move_group-2] #8    Object "/opt/ros/jazzy/lib/libgeometric_shapes.so.2.3.4", at 0xe1dd2ef8c57f, in shapes::constructShapeFromMsg(shape_msgs::msg::SolidPrimitive_<std::allocator<void> > const&)
[move_group-2] #7    Object "/opt/ros/jazzy/lib/libgeometric_shapes.so.2.3.4", at 0xe1dd2ef920ff, in shapes::Box::Box(double, double, double)
[move_group-2] #6    Object "/usr/lib/aarch64-linux-gnu/libstdc++.so.6.0.33", at 0xe1dd2f9fa907, in __cxa_throw
[move_group-2] #5    Object "/usr/lib/aarch64-linux-gnu/libstdc++.so.6.0.33", at 0xe1dd2f9f0e03, in std::terminate()
[move_group-2] #4    Object "/usr/lib/aarch64-linux-gnu/libstdc++.so.6.0.33", at 0xe1dd2f9fa56f, in 
[move_group-2] #3    Object "/usr/lib/aarch64-linux-gnu/libstdc++.so.6.0.33", at 0xe1dd2f9fd4d7, in __gnu_cxx::__verbose_terminate_handler()
[move_group-2] #2    Object "/usr/lib/aarch64-linux-gnu/libc.so.6", at 0xe1dd2f777dff, in abort
[move_group-2] #1    Object "/usr/lib/aarch64-linux-gnu/libc.so.6", at 0xe1dd2f78cb3b, in raise
[move_group-2] #0    Object "/usr/lib/aarch64-linux-gnu/libc.so.6", at 0xe1dd2f7d74d8, in 
[move_group-2] Aborted (Signal sent by tkill() 4631 0)
[ERROR] [move_group-2]: process has died [pid 4631, exit code -6, cmd '/opt/ros/jazzy/lib/moveit_ros_move_group/move_group --ros-args --params-file /tmp/launch_params_92utr06l --params-file /tmp/launch_params_w7psfgoj --params-file /tmp/launch_params_38ogrib6 -r /panda_hand_controller/gripper_action:=/franka_gripper/gripper_action'].
[INFO] [move_group-2]: process started with pid [4801]
[move_group-2] [INFO] [1789245298.132041533] [move_group.moveit.moveit.ros.rdf_loader]: Loaded robot model in 0 seconds
[move_group-2] [INFO] [1789245298.132177118] [move_group.moveit.moveit.core.robot_model]: Loading robot model 'panda'...
[move_group-2] [WARN] [1789245298.137538737] [kdl_parser]: The root link panda_link0 has an inertia specified in the URDF, but KDL does not support a root link with an inertia.  As a workaround, you can add an extra dummy link to your URDF.
[move_group-2] [INFO] [1789245298.137623473] [move_group.moveit.moveit.kinematics.kdl_kinematics_plugin]: Joint weights for group 'panda_arm': 1 1 1 1 1 1 1
[move_group-2] [INFO] [1789245298.158042043] [move_group.moveit.moveit.ros.planning_scene_monitor]: Publishing maintained planning scene on 'monitored_planning_scene'
[move_group-2] [INFO] [1789245298.158224956] [move_group.moveit.moveit.ros.moveit_cpp]: Listening to 'joint_states' for joint states
[move_group-2] [INFO] [1789245298.159028895] [move_group.moveit.moveit.ros.current_state_monitor]: Listening to joint states on topic 'joint_states'
[move_group-2] [INFO] [1789245298.159349504] [move_group.moveit.moveit.ros.planning_scene_monitor]: Listening to '/attached_collision_object' for attached collision objects
[move_group-2] [INFO] [1789245298.159373248] [move_group.moveit.moveit.ros.planning_scene_monitor]: Stopping existing planning scene publisher.
[move_group-2] [INFO] [1789245298.159501696] [move_group.moveit.moveit.ros.planning_scene_monitor]: Stopped publishing maintained planning scene.
[move_group-2] [INFO] [1789245298.159782369] [move_group.moveit.moveit.ros.planning_scene_monitor]: Publishing maintained planning scene on 'monitored_planning_scene'
[move_group-2] [INFO] [1789245298.159879042] [move_group.moveit.moveit.ros.planning_scene_monitor]: Starting planning scene monitor
[move_group-2] [INFO] [1789245298.160413060] [move_group.moveit.moveit.ros.planning_scene_monitor]: Listening to '/planning_scene'
[move_group-2] [INFO] [1789245298.160438692] [move_group.moveit.moveit.ros.planning_scene_monitor]: Starting world geometry update monitor for collision objects, attached objects, octomap updates.
[move_group-2] [INFO] [1789245298.160688933] [move_group.moveit.moveit.ros.planning_scene_monitor]: Listening to 'collision_object'
[move_group-2] [INFO] [1789245298.160920966] [move_group.moveit.moveit.ros.planning_scene_monitor]: Listening to 'planning_scene_world' for planning scene world geometry
[move_group-2] [WARN] [1789245298.161067718] [move_group.moveit.moveit.ros.occupancy_map_monitor]: Resolution not specified for Octomap. Assuming resolution = 0.1 instead
[move_group-2] [ERROR] [1789245298.161088998] [move_group.moveit.moveit.ros.occupancy_map_monitor]: No 3D sensor plugin(s) defined for octomap updates
[move_group-2] [INFO] [1789245298.165142741] [move_group.moveit.moveit.ros.planning_pipeline]: Successfully loaded planner 'CHOMP'
[move_group-2] [INFO] [1789245298.165819063] [move_group]: Try loading adapter 'default_planning_request_adapters/ResolveConstraintFrames'
[move_group-2] [INFO] [1789245298.166324985] [move_group]: Loaded adapter 'default_planning_request_adapters/ResolveConstraintFrames'
[move_group-2] [INFO] [1789245298.166346553] [move_group]: Try loading adapter 'default_planning_request_adapters/ValidateWorkspaceBounds'
[move_group-2] [INFO] [1789245298.166467033] [move_group]: Loaded adapter 'default_planning_request_adapters/ValidateWorkspaceBounds'
[move_group-2] [INFO] [1789245298.166480762] [move_group]: Try loading adapter 'default_planning_request_adapters/CheckStartStateBounds'
[move_group-2] [INFO] [1789245298.166500250] [move_group]: Loaded adapter 'default_planning_request_adapters/CheckStartStateBounds'
[move_group-2] [INFO] [1789245298.166506746] [move_group]: Try loading adapter 'default_planning_request_adapters/CheckStartStateCollision'
[move_group-2] [INFO] [1789245298.166522202] [move_group]: Loaded adapter 'default_planning_request_adapters/CheckStartStateCollision'
[move_group-2] [INFO] [1789245298.167169788] [move_group]: Try loading adapter 'default_planning_response_adapters/AddTimeOptimalParameterization'
[move_group-2] [INFO] [1789245298.168461985] [move_group]: Loaded adapter 'default_planning_response_adapters/AddTimeOptimalParameterization'
[move_group-2] [INFO] [1789245298.178064099] [move_group.moveit.moveit.ros.planning_pipeline]: Successfully loaded planner 'OMPL'
[move_group-2] [INFO] [1789245298.178789062] [move_group]: Try loading adapter 'default_planning_request_adapters/ResolveConstraintFrames'
[move_group-2] [INFO] [1789245298.178866406] [move_group]: Loaded adapter 'default_planning_request_adapters/ResolveConstraintFrames'
[move_group-2] [INFO] [1789245298.178876454] [move_group]: Try loading adapter 'default_planning_request_adapters/ValidateWorkspaceBounds'
[move_group-2] [INFO] [1789245298.179031751] [move_group]: Loaded adapter 'default_planning_request_adapters/ValidateWorkspaceBounds'
[move_group-2] [INFO] [1789245298.179048135] [move_group]: Try loading adapter 'default_planning_request_adapters/CheckStartStateBounds'
[move_group-2] [INFO] [1789245298.179075975] [move_group]: Loaded adapter 'default_planning_request_adapters/CheckStartStateBounds'
[move_group-2] [INFO] [1789245298.179082023] [move_group]: Try loading adapter 'default_planning_request_adapters/CheckStartStateCollision'
[move_group-2] [INFO] [1789245298.179094023] [move_group]: Loaded adapter 'default_planning_request_adapters/CheckStartStateCollision'
[move_group-2] [INFO] [1789245298.179706601] [move_group]: Try loading adapter 'default_planning_response_adapters/AddTimeOptimalParameterization'
[move_group-2] [INFO] [1789245298.179949770] [move_group]: Loaded adapter 'default_planning_response_adapters/AddTimeOptimalParameterization'
[move_group-2] [INFO] [1789245298.179965994] [move_group]: Try loading adapter 'default_planning_response_adapters/ValidateSolution'
[move_group-2] [INFO] [1789245298.181340655] [move_group]: Loaded adapter 'default_planning_response_adapters/ValidateSolution'
[move_group-2] [INFO] [1789245298.181365551] [move_group]: Try loading adapter 'default_planning_response_adapters/DisplayMotionPath'
[move_group-2] [INFO] [1789245298.181714481] [move_group]: Loaded adapter 'default_planning_response_adapters/DisplayMotionPath'
[move_group-2] [INFO] [1789245298.183384919] [move_group.moveit.moveit.planners.pilz.joint_limits_aggregator]: Reading limits from namespace robot_description_planning
[move_group-2] [WARN] [1789245298.183917881] [move_group.moveit.moveit.planners.pilz.joint_limits_aggregator]: Multi-DOF-Joint 'virtual_joint' not supported.
[move_group-2] [WARN] [1789245298.183948953] [move_group.moveit.moveit.planners.pilz.joint_limits_aggregator]: Multi-DOF-Joint 'virtual_joint' not supported.
[move_group-2] [INFO] [1789245298.186636514] [move_group.moveit.moveit.planners.pilz.command_planner]: Available plugins: pilz_industrial_motion_planner/PlanningContextLoaderCIRC pilz_industrial_motion_planner/PlanningContextLoaderLIN pilz_industrial_motion_planner/PlanningContextLoaderPTP 
[move_group-2] [INFO] [1789245298.186671522] [move_group.moveit.moveit.planners.pilz.command_planner]: About to load: pilz_industrial_motion_planner/PlanningContextLoaderCIRC
[move_group-2] [INFO] [1789245298.187538566] [move_group.moveit.moveit.planners.pilz.command_planner]: Registered Algorithm [CIRC]
[move_group-2] [INFO] [1789245298.187572454] [move_group.moveit.moveit.planners.pilz.command_planner]: About to load: pilz_industrial_motion_planner/PlanningContextLoaderLIN
[move_group-2] [INFO] [1789245298.188147720] [move_group.moveit.moveit.planners.pilz.command_planner]: Registered Algorithm [LIN]
[move_group-2] [INFO] [1789245298.188180136] [move_group.moveit.moveit.planners.pilz.command_planner]: About to load: pilz_industrial_motion_planner/PlanningContextLoaderPTP
[move_group-2] [INFO] [1789245298.188699178] [move_group.moveit.moveit.planners.pilz.command_planner]: Registered Algorithm [PTP]
[move_group-2] [INFO] [1789245298.188732138] [move_group.moveit.moveit.ros.planning_pipeline]: Successfully loaded planner 'Pilz Industrial Motion Planner'
[move_group-2] [INFO] [1789245298.189401868] [move_group]: Try loading adapter 'default_planning_request_adapters/ValidateWorkspaceBounds'
[move_group-2] [INFO] [1789245298.189622125] [move_group]: Loaded adapter 'default_planning_request_adapters/ValidateWorkspaceBounds'
[move_group-2] [INFO] [1789245298.189641069] [move_group]: Try loading adapter 'default_planning_request_adapters/CheckStartStateBounds'
[move_group-2] [INFO] [1789245298.189663661] [move_group]: Loaded adapter 'default_planning_request_adapters/CheckStartStateBounds'
[move_group-2] [INFO] [1789245298.189669997] [move_group]: Try loading adapter 'default_planning_request_adapters/CheckStartStateCollision'
[move_group-2] [INFO] [1789245298.189681357] [move_group]: Loaded adapter 'default_planning_request_adapters/CheckStartStateCollision'
[move_group-2] [WARN] [1789245298.189688013] [move_group.moveit.moveit.ros.planning_pipeline]: No planning response adapter names specified.
[move_group-2] [INFO] [1789245298.191685109] [move_group.moveit.moveit.ros.planning_pipeline]: Successfully loaded planner 'STOMP'
[move_group-2] [INFO] [1789245298.192369527] [move_group]: Try loading adapter 'default_planning_request_adapters/ResolveConstraintFrames'
[move_group-2] [INFO] [1789245298.192448311] [move_group]: Loaded adapter 'default_planning_request_adapters/ResolveConstraintFrames'
[move_group-2] [INFO] [1789245298.192460695] [move_group]: Try loading adapter 'default_planning_request_adapters/ValidateWorkspaceBounds'
[move_group-2] [INFO] [1789245298.192597784] [move_group]: Loaded adapter 'default_planning_request_adapters/ValidateWorkspaceBounds'
[move_group-2] [INFO] [1789245298.192614584] [move_group]: Try loading adapter 'default_planning_request_adapters/CheckStartStateBounds'
[move_group-2] [INFO] [1789245298.192635992] [move_group]: Loaded adapter 'default_planning_request_adapters/CheckStartStateBounds'
[move_group-2] [INFO] [1789245298.192641912] [move_group]: Try loading adapter 'default_planning_request_adapters/CheckStartStateCollision'
[move_group-2] [INFO] [1789245298.192652952] [move_group]: Loaded adapter 'default_planning_request_adapters/CheckStartStateCollision'
[move_group-2] [INFO] [1789245298.193269914] [move_group]: Try loading adapter 'default_planning_response_adapters/AddTimeOptimalParameterization'
[move_group-2] [INFO] [1789245298.193566843] [move_group]: Loaded adapter 'default_planning_response_adapters/AddTimeOptimalParameterization'
[move_group-2] [INFO] [1789245298.193586491] [move_group]: Try loading adapter 'default_planning_response_adapters/ValidateSolution'
[move_group-2] [INFO] [1789245298.193805052] [move_group]: Loaded adapter 'default_planning_response_adapters/ValidateSolution'
[move_group-2] [INFO] [1789245298.193824892] [move_group]: Try loading adapter 'default_planning_response_adapters/DisplayMotionPath'
[move_group-2] [INFO] [1789245298.193991069] [move_group]: Loaded adapter 'default_planning_response_adapters/DisplayMotionPath'
[move_group-2] [INFO] [1789245298.225710511] [move_group.moveit.moveit.plugins.simple_controller_manager]: Added FollowJointTrajectory controller for panda_arm_controller
[move_group-2] [INFO] [1789245298.225765968] [move_group.moveit.moveit.plugins.simple_controller_manager]: panda_hand_controller will command a max effort of: 0
[move_group-2] [ERROR] [1789245298.227381429] [move_group.moveit.moveit.plugins.simple_controller_manager]: Parallel Gripper requires exactly two joints, 1 are specified
[move_group-2] [INFO] [1789245298.229440253] [move_group.moveit.moveit.plugins.simple_controller_manager]: Returned 1 controllers in list
[move_group-2] [INFO] [1789245298.229482717] [move_group.moveit.moveit.plugins.simple_controller_manager]: Returned 1 controllers in list
[move_group-2] [INFO] [1789245298.229911103] [move_group.moveit.moveit.ros.trajectory_execution_manager]: Trajectory execution is managing controllers
[move_group-2] [INFO] [1789245298.229941759] [move_group]: MoveGroup debug mode is ON
[move_group-2] [INFO] [1789245298.242969358] [move_group.moveit.moveit.planners.pilz.move_group_sequence_action]: initialize move group sequence action
[move_group-2] [INFO] [1789245298.244926837] [move_group.moveit.moveit.planners.pilz.joint_limits_aggregator]: Reading limits from namespace robot_description_planning
[move_group-2] [WARN] [1789245298.244985653] [move_group.moveit.moveit.planners.pilz.joint_limits_aggregator]: Multi-DOF-Joint 'virtual_joint' not supported.
[move_group-2] [WARN] [1789245298.245005045] [move_group.moveit.moveit.planners.pilz.joint_limits_aggregator]: Multi-DOF-Joint 'virtual_joint' not supported.
[move_group-2] [INFO] [1789245298.245171126] [move_group.moveit.moveit.planners.pilz.joint_limits_aggregator]: Reading limits from namespace robot_description_planning
[move_group-2] [WARN] [1789245298.245208246] [move_group.moveit.moveit.planners.pilz.joint_limits_aggregator]: Multi-DOF-Joint 'virtual_joint' not supported.
[move_group-2] [WARN] [1789245298.245223606] [move_group.moveit.moveit.planners.pilz.joint_limits_aggregator]: Multi-DOF-Joint 'virtual_joint' not supported.
[move_group-2] [INFO] [1789245298.245779928] [move_group.moveit.moveit.ros.move_group.executable]: 
[move_group-2] 
[move_group-2] ********************************************************
[move_group-2] * MoveGroup using: 
[move_group-2] *     - apply_planning_scene_service
[move_group-2] *     - clear_octomap_service
[move_group-2] *     - get_group_urdf
[move_group-2] *     - load_geometry_from_file
[move_group-2] *     - CartesianPathService
[move_group-2] *     - execute_trajectory_action
[move_group-2] *     - get_planning_scene_service
[move_group-2] *     - kinematics_service
[move_group-2] *     - move_action
[move_group-2] *     - motion_plan_service
[move_group-2] *     - query_planners_service
[move_group-2] *     - state_validation_service
[move_group-2] *     - save_geometry_to_file
[move_group-2] *     - SequenceAction
[move_group-2] *     - SequenceService
[move_group-2] ********************************************************
[move_group-2] 
[move_group-2] [INFO] [1789245298.245833080] [move_group.moveit.moveit.ros.move_group.context]: MoveGroup context using pipeline ompl
[move_group-2] [INFO] [1789245298.245846264] [move_group.moveit.moveit.ros.move_group.context]: MoveGroup context initialization complete
[move_group-2] [WARN] [1789245298.553881136] [move_group.moveit.moveit.ros.current_state_monitor]: Unable to update multi-DOF joint 'virtual_joint':Failure to lookup transform between 'world'and 'panda_link0' with TF exception: "world" passed to lookupTransform argument target_frame does not exist. 
[move_group-2] [WARN] [1789245301.284877425] [move_group.moveit.moveit.ros.planning_scene_monitor]: The complete state of the robot is not yet known.  Missing virtual_joint
[move_group-2] terminate called after throwing an instance of 'std::runtime_error'
[move_group-2]   what():  Box dimensions must be non-negative.
[move_group-2] Stack trace (most recent call last) in thread 4877:
[move_group-2] #22   Object "/usr/lib/aarch64-linux-gnu/ld-linux-aarch64.so.1", at 0xffffffffffffffff, in 
[move_group-2] #21   Object "/usr/lib/aarch64-linux-gnu/libc.so.6", at 0xe2147da9ba0b, in 
[move_group-2] #20   Object "/usr/lib/aarch64-linux-gnu/libc.so.6", at 0xe2147da3582b, in 
[move_group-2] #19   Object "/usr/lib/aarch64-linux-gnu/libstdc++.so.6.0.33", at 0xe2147dc91adf, in 
[move_group-2] #18   Object "/opt/ros/jazzy/lib/librclcpp.so", at 0xe2147dffc21b, in rclcpp::executors::MultiThreadedExecutor::run(unsigned long)
[move_group-2] #17   Object "/opt/ros/jazzy/lib/librclcpp.so", at 0xe2147dfc8e33, in rclcpp::Executor::execute_any_executable(rclcpp::AnyExecutable&)
[move_group-2] #16   Object "/opt/ros/jazzy/lib/librclcpp.so", at 0xe2147dfc3ffb, in rclcpp::Executor::execute_service(std::shared_ptr<rclcpp::ServiceBase>)
[move_group-2] #15   Object "/opt/ros/jazzy/lib/librclcpp.so", at 0xe2147e0cc567, in 
[move_group-2] #14   Object "/opt/ros/jazzy/lib/libmoveit_move_group_default_capabilities.so.2.12.4", at 0xe21441cd55ff, in 
[move_group-2] #13   Object "/opt/ros/jazzy/lib/libmoveit_move_group_default_capabilities.so.2.12.4", at 0xe21441cd48bf, in move_group::ApplyPlanningSceneService::applyScene(std::shared_ptr<rmw_request_id_s> const&, std::shared_ptr<moveit_msgs::srv::ApplyPlanningScene_Request_<std::allocator<void> > > const&, std::shared_ptr<moveit_msgs::srv::ApplyPlanningScene_Response_<std::allocator<void> > > const&)
[move_group-2] #12   Object "/opt/ros/jazzy/lib/libmoveit_planning_scene_monitor.so.2.12.4", at 0xe2147e345003, in planning_scene_monitor::PlanningSceneMonitor::newPlanningSceneMessage(moveit_msgs::msg::PlanningScene_<std::allocator<void> > const&)
[move_group-2] #11   Object "/opt/ros/jazzy/lib/libmoveit_planning_scene.so.2.12.4", at 0xe2147d4965c7, in planning_scene::PlanningScene::setPlanningSceneDiffMsg(moveit_msgs::msg::PlanningScene_<std::allocator<void> > const&)
[move_group-2] #10   Object "/opt/ros/jazzy/lib/libmoveit_planning_scene.so.2.12.4", at 0xe2147d49e12b, in planning_scene::PlanningScene::processCollisionObjectAdd(moveit_msgs::msg::CollisionObject_<std::allocator<void> > const&)
[move_group-2] #9    Object "/opt/ros/jazzy/lib/libmoveit_planning_scene.so.2.12.4", at 0xe2147d49cef7, in planning_scene::PlanningScene::shapesAndPosesFromCollisionObjectMessage(moveit_msgs::msg::CollisionObject_<std::allocator<void> > const&, Eigen::Transform<double, 3, 1, 0>&, std::vector<std::shared_ptr<shapes::Shape const>, std::allocator<std::shared_ptr<shapes::Shape const> > >&, std::vector<Eigen::Transform<double, 3, 1, 0>, Eigen::aligned_allocator<Eigen::Transform<double, 3, 1, 0> > >&)
[move_group-2] #8    Object "/opt/ros/jazzy/lib/libgeometric_shapes.so.2.3.4", at 0xe2147d1ec57f, in shapes::constructShapeFromMsg(shape_msgs::msg::SolidPrimitive_<std::allocator<void> > const&)
[move_group-2] #7    Object "/opt/ros/jazzy/lib/libgeometric_shapes.so.2.3.4", at 0xe2147d1f20ff, in shapes::Box::Box(double, double, double)
[move_group-2] #6    Object "/usr/lib/aarch64-linux-gnu/libstdc++.so.6.0.33", at 0xe2147dc5a907, in __cxa_throw
[move_group-2] #5    Object "/usr/lib/aarch64-linux-gnu/libstdc++.so.6.0.33", at 0xe2147dc50e03, in std::terminate()
[move_group-2] #4    Object "/usr/lib/aarch64-linux-gnu/libstdc++.so.6.0.33", at 0xe2147dc5a56f, in 
[move_group-2] #3    Object "/usr/lib/aarch64-linux-gnu/libstdc++.so.6.0.33", at 0xe2147dc5d4d7, in __gnu_cxx::__verbose_terminate_handler()
[move_group-2] #2    Object "/usr/lib/aarch64-linux-gnu/libc.so.6", at 0xe2147d9d7dff, in abort
[move_group-2] #1    Object "/usr/lib/aarch64-linux-gnu/libc.so.6", at 0xe2147d9ecb3b, in raise
[move_group-2] #0    Object "/usr/lib/aarch64-linux-gnu/libc.so.6", at 0xe2147da374d8, in 
[move_group-2] Aborted (Signal sent by tkill() 4801 0)
[ERROR] [move_group-2]: process has died [pid 4801, exit code -6, cmd '/opt/ros/jazzy/lib/moveit_ros_move_group/move_group --ros-args --params-file /tmp/launch_params_92utr06l --params-file /tmp/launch_params_w7psfgoj --params-file /tmp/launch_params_38ogrib6 -r /panda_hand_controller/gripper_action:=/franka_gripper/gripper_action'].
[INFO] [move_group-2]: process started with pid [4971]
[move_group-2] [INFO] [1789245328.152402497] [move_group.moveit.moveit.ros.rdf_loader]: Loaded robot model in 0 seconds
[move_group-2] [INFO] [1789245328.152516161] [move_group.moveit.moveit.core.robot_model]: Loading robot model 'panda'...
[move_group-2] [WARN] [1789245328.157530803] [kdl_parser]: The root link panda_link0 has an inertia specified in the URDF, but KDL does not support a root link with an inertia.  As a workaround, you can add an extra dummy link to your URDF.
[move_group-2] [INFO] [1789245328.157613555] [move_group.moveit.moveit.kinematics.kdl_kinematics_plugin]: Joint weights for group 'panda_arm': 1 1 1 1 1 1 1
[move_group-2] [INFO] [1789245328.183649361] [move_group.moveit.moveit.ros.planning_scene_monitor]: Publishing maintained planning scene on 'monitored_planning_scene'
[move_group-2] [INFO] [1789245328.183929970] [move_group.moveit.moveit.ros.moveit_cpp]: Listening to 'joint_states' for joint states
[move_group-2] [INFO] [1789245328.184972246] [move_group.moveit.moveit.ros.current_state_monitor]: Listening to joint states on topic 'joint_states'
[move_group-2] [INFO] [1789245328.185329111] [move_group.moveit.moveit.ros.planning_scene_monitor]: Listening to '/attached_collision_object' for attached collision objects
[move_group-2] [INFO] [1789245328.185354487] [move_group.moveit.moveit.ros.planning_scene_monitor]: Stopping existing planning scene publisher.
[move_group-2] [INFO] [1789245328.185645816] [move_group.moveit.moveit.ros.planning_scene_monitor]: Stopped publishing maintained planning scene.
[move_group-2] [INFO] [1789245328.186268443] [move_group.moveit.moveit.ros.planning_scene_monitor]: Publishing maintained planning scene on 'monitored_planning_scene'
[move_group-2] [INFO] [1789245328.186432155] [move_group.moveit.moveit.ros.planning_scene_monitor]: Starting planning scene monitor
[move_group-2] [INFO] [1789245328.187175710] [move_group.moveit.moveit.ros.planning_scene_monitor]: Listening to '/planning_scene'
[move_group-2] [INFO] [1789245328.187206014] [move_group.moveit.moveit.ros.planning_scene_monitor]: Starting world geometry update monitor for collision objects, attached objects, octomap updates.
[move_group-2] [INFO] [1789245328.187559839] [move_group.moveit.moveit.ros.planning_scene_monitor]: Listening to 'collision_object'
[move_group-2] [INFO] [1789245328.187914273] [move_group.moveit.moveit.ros.planning_scene_monitor]: Listening to 'planning_scene_world' for planning scene world geometry
[move_group-2] [WARN] [1789245328.188072385] [move_group.moveit.moveit.ros.occupancy_map_monitor]: Resolution not specified for Octomap. Assuming resolution = 0.1 instead
[move_group-2] [ERROR] [1789245328.188098369] [move_group.moveit.moveit.ros.occupancy_map_monitor]: No 3D sensor plugin(s) defined for octomap updates
[move_group-2] [INFO] [1789245328.193286580] [move_group.moveit.moveit.ros.planning_pipeline]: Successfully loaded planner 'CHOMP'
[move_group-2] [INFO] [1789245328.193970999] [move_group]: Try loading adapter 'default_planning_request_adapters/ResolveConstraintFrames'
[move_group-2] [INFO] [1789245328.194601881] [move_group]: Loaded adapter 'default_planning_request_adapters/ResolveConstraintFrames'
[move_group-2] [INFO] [1789245328.194633913] [move_group]: Try loading adapter 'default_planning_request_adapters/ValidateWorkspaceBounds'
[move_group-2] [INFO] [1789245328.194791034] [move_group]: Loaded adapter 'default_planning_request_adapters/ValidateWorkspaceBounds'
[move_group-2] [INFO] [1789245328.194808730] [move_group]: Try loading adapter 'default_planning_request_adapters/CheckStartStateBounds'
[move_group-2] [INFO] [1789245328.194828954] [move_group]: Loaded adapter 'default_planning_request_adapters/CheckStartStateBounds'
[move_group-2] [INFO] [1789245328.194835258] [move_group]: Try loading adapter 'default_planning_request_adapters/CheckStartStateCollision'
[move_group-2] [INFO] [1789245328.194852122] [move_group]: Loaded adapter 'default_planning_request_adapters/CheckStartStateCollision'
[move_group-2] [INFO] [1789245328.195472060] [move_group]: Try loading adapter 'default_planning_response_adapters/AddTimeOptimalParameterization'
[move_group-2] [INFO] [1789245328.197066242] [move_group]: Loaded adapter 'default_planning_response_adapters/AddTimeOptimalParameterization'
[move_group-2] [INFO] [1789245328.208018985] [move_group.moveit.moveit.ros.planning_pipeline]: Successfully loaded planner 'OMPL'
[move_group-2] [INFO] [1789245328.208735468] [move_group]: Try loading adapter 'default_planning_request_adapters/ResolveConstraintFrames'
[move_group-2] [INFO] [1789245328.208822732] [move_group]: Loaded adapter 'default_planning_request_adapters/ResolveConstraintFrames'
[move_group-2] [INFO] [1789245328.208834700] [move_group]: Try loading adapter 'default_planning_request_adapters/ValidateWorkspaceBounds'
[move_group-2] [INFO] [1789245328.208975149] [move_group]: Loaded adapter 'default_planning_request_adapters/ValidateWorkspaceBounds'
[move_group-2] [INFO] [1789245328.208993933] [move_group]: Try loading adapter 'default_planning_request_adapters/CheckStartStateBounds'
[move_group-2] [INFO] [1789245328.209015917] [move_group]: Loaded adapter 'default_planning_request_adapters/CheckStartStateBounds'
[move_group-2] [INFO] [1789245328.209022349] [move_group]: Try loading adapter 'default_planning_request_adapters/CheckStartStateCollision'
[move_group-2] [INFO] [1789245328.209033869] [move_group]: Loaded adapter 'default_planning_request_adapters/CheckStartStateCollision'
[move_group-2] [INFO] [1789245328.209635759] [move_group]: Try loading adapter 'default_planning_response_adapters/AddTimeOptimalParameterization'
[move_group-2] [INFO] [1789245328.209914448] [move_group]: Loaded adapter 'default_planning_response_adapters/AddTimeOptimalParameterization'
[move_group-2] [INFO] [1789245328.209937808] [move_group]: Try loading adapter 'default_planning_response_adapters/ValidateSolution'
[move_group-2] [INFO] [1789245328.211807351] [move_group]: Loaded adapter 'default_planning_response_adapters/ValidateSolution'
[move_group-2] [INFO] [1789245328.211841399] [move_group]: Try loading adapter 'default_planning_response_adapters/DisplayMotionPath'
[move_group-2] [INFO] [1789245328.212385529] [move_group]: Loaded adapter 'default_planning_response_adapters/DisplayMotionPath'
[move_group-2] [INFO] [1789245328.214381888] [move_group.moveit.moveit.planners.pilz.joint_limits_aggregator]: Reading limits from namespace robot_description_planning
[move_group-2] [WARN] [1789245328.214977602] [move_group.moveit.moveit.planners.pilz.joint_limits_aggregator]: Multi-DOF-Joint 'virtual_joint' not supported.
[move_group-2] [WARN] [1789245328.215019842] [move_group.moveit.moveit.planners.pilz.joint_limits_aggregator]: Multi-DOF-Joint 'virtual_joint' not supported.
[move_group-2] [INFO] [1789245328.218005421] [move_group.moveit.moveit.planners.pilz.command_planner]: Available plugins: pilz_industrial_motion_planner/PlanningContextLoaderCIRC pilz_industrial_motion_planner/PlanningContextLoaderLIN pilz_industrial_motion_planner/PlanningContextLoaderPTP 
[move_group-2] [INFO] [1789245328.218058541] [move_group.moveit.moveit.planners.pilz.command_planner]: About to load: pilz_industrial_motion_planner/PlanningContextLoaderCIRC
[move_group-2] [INFO] [1789245328.219086897] [move_group.moveit.moveit.planners.pilz.command_planner]: Registered Algorithm [CIRC]
[move_group-2] [INFO] [1789245328.219128305] [move_group.moveit.moveit.planners.pilz.command_planner]: About to load: pilz_industrial_motion_planner/PlanningContextLoaderLIN
[move_group-2] [INFO] [1789245328.219795988] [move_group.moveit.moveit.planners.pilz.command_planner]: Registered Algorithm [LIN]
[move_group-2] [INFO] [1789245328.219837076] [move_group.moveit.moveit.planners.pilz.command_planner]: About to load: pilz_industrial_motion_planner/PlanningContextLoaderPTP
[move_group-2] [INFO] [1789245328.220477590] [move_group.moveit.moveit.planners.pilz.command_planner]: Registered Algorithm [PTP]
[move_group-2] [INFO] [1789245328.220517718] [move_group.moveit.moveit.ros.planning_pipeline]: Successfully loaded planner 'Pilz Industrial Motion Planner'
[move_group-2] [INFO] [1789245328.221200025] [move_group]: Try loading adapter 'default_planning_request_adapters/ValidateWorkspaceBounds'
[move_group-2] [INFO] [1789245328.221456954] [move_group]: Loaded adapter 'default_planning_request_adapters/ValidateWorkspaceBounds'
[move_group-2] [INFO] [1789245328.221483002] [move_group]: Try loading adapter 'default_planning_request_adapters/CheckStartStateBounds'
[move_group-2] [INFO] [1789245328.221504794] [move_group]: Loaded adapter 'default_planning_request_adapters/CheckStartStateBounds'
[move_group-2] [INFO] [1789245328.221510842] [move_group]: Try loading adapter 'default_planning_request_adapters/CheckStartStateCollision'
[move_group-2] [INFO] [1789245328.221522746] [move_group]: Loaded adapter 'default_planning_request_adapters/CheckStartStateCollision'
[move_group-2] [WARN] [1789245328.221528922] [move_group.moveit.moveit.ros.planning_pipeline]: No planning response adapter names specified.
[move_group-2] [INFO] [1789245328.223776034] [move_group.moveit.moveit.ros.planning_pipeline]: Successfully loaded planner 'STOMP'
[move_group-2] [INFO] [1789245328.224424036] [move_group]: Try loading adapter 'default_planning_request_adapters/ResolveConstraintFrames'
[move_group-2] [INFO] [1789245328.224505765] [move_group]: Loaded adapter 'default_planning_request_adapters/ResolveConstraintFrames'
[move_group-2] [INFO] [1789245328.224519205] [move_group]: Try loading adapter 'default_planning_request_adapters/ValidateWorkspaceBounds'
[move_group-2] [INFO] [1789245328.224693061] [move_group]: Loaded adapter 'default_planning_request_adapters/ValidateWorkspaceBounds'
[move_group-2] [INFO] [1789245328.224718342] [move_group]: Try loading adapter 'default_planning_request_adapters/CheckStartStateBounds'
[move_group-2] [INFO] [1789245328.224741286] [move_group]: Loaded adapter 'default_planning_request_adapters/CheckStartStateBounds'
[move_group-2] [INFO] [1789245328.224748806] [move_group]: Try loading adapter 'default_planning_request_adapters/CheckStartStateCollision'
[move_group-2] [INFO] [1789245328.224761382] [move_group]: Loaded adapter 'default_planning_request_adapters/CheckStartStateCollision'
[move_group-2] [INFO] [1789245328.225372776] [move_group]: Try loading adapter 'default_planning_response_adapters/AddTimeOptimalParameterization'
[move_group-2] [INFO] [1789245328.225731529] [move_group]: Loaded adapter 'default_planning_response_adapters/AddTimeOptimalParameterization'
[move_group-2] [INFO] [1789245328.225758761] [move_group]: Try loading adapter 'default_planning_response_adapters/ValidateSolution'
[move_group-2] [INFO] [1789245328.226071082] [move_group]: Loaded adapter 'default_planning_response_adapters/ValidateSolution'
[move_group-2] [INFO] [1789245328.226096938] [move_group]: Try loading adapter 'default_planning_response_adapters/DisplayMotionPath'
[move_group-2] [INFO] [1789245328.226336715] [move_group]: Loaded adapter 'default_planning_response_adapters/DisplayMotionPath'
[move_group-2] [INFO] [1789245328.259412931] [move_group.moveit.moveit.plugins.simple_controller_manager]: Added FollowJointTrajectory controller for panda_arm_controller
[move_group-2] [INFO] [1789245328.259475619] [move_group.moveit.moveit.plugins.simple_controller_manager]: panda_hand_controller will command a max effort of: 0
[move_group-2] [ERROR] [1789245328.261405450] [move_group.moveit.moveit.plugins.simple_controller_manager]: Parallel Gripper requires exactly two joints, 1 are specified
[move_group-2] [INFO] [1789245328.263494738] [move_group.moveit.moveit.plugins.simple_controller_manager]: Returned 1 controllers in list
[move_group-2] [INFO] [1789245328.263540498] [move_group.moveit.moveit.plugins.simple_controller_manager]: Returned 1 controllers in list
[move_group-2] [INFO] [1789245328.264101524] [move_group.moveit.moveit.ros.trajectory_execution_manager]: Trajectory execution is managing controllers
[move_group-2] [INFO] [1789245328.264140756] [move_group]: MoveGroup debug mode is ON
[move_group-2] [INFO] [1789245328.281024561] [move_group.moveit.moveit.planners.pilz.move_group_sequence_action]: initialize move group sequence action
[move_group-2] [INFO] [1789245328.283804187] [move_group.moveit.moveit.planners.pilz.joint_limits_aggregator]: Reading limits from namespace robot_description_planning
[move_group-2] [WARN] [1789245328.283863419] [move_group.moveit.moveit.planners.pilz.joint_limits_aggregator]: Multi-DOF-Joint 'virtual_joint' not supported.
[move_group-2] [WARN] [1789245328.283883611] [move_group.moveit.moveit.planners.pilz.joint_limits_aggregator]: Multi-DOF-Joint 'virtual_joint' not supported.
[move_group-2] [INFO] [1789245328.284027388] [move_group.moveit.moveit.planners.pilz.joint_limits_aggregator]: Reading limits from namespace robot_description_planning
[move_group-2] [WARN] [1789245328.284073116] [move_group.moveit.moveit.planners.pilz.joint_limits_aggregator]: Multi-DOF-Joint 'virtual_joint' not supported.
[move_group-2] [WARN] [1789245328.284091836] [move_group.moveit.moveit.planners.pilz.joint_limits_aggregator]: Multi-DOF-Joint 'virtual_joint' not supported.
[move_group-2] [INFO] [1789245328.284899391] [move_group.moveit.moveit.ros.move_group.executable]: 
[move_group-2] 
[move_group-2] ********************************************************
[move_group-2] * MoveGroup using: 
[move_group-2] *     - apply_planning_scene_service
[move_group-2] *     - clear_octomap_service
[move_group-2] *     - get_group_urdf
[move_group-2] *     - load_geometry_from_file
[move_group-2] *     - CartesianPathService
[move_group-2] *     - execute_trajectory_action
[move_group-2] *     - get_planning_scene_service
[move_group-2] *     - kinematics_service
[move_group-2] *     - move_action
[move_group-2] *     - motion_plan_service
[move_group-2] *     - query_planners_service
[move_group-2] *     - state_validation_service
[move_group-2] *     - save_geometry_to_file
[move_group-2] *     - SequenceAction
[move_group-2] *     - SequenceService
[move_group-2] ********************************************************
[move_group-2] 
[move_group-2] [INFO] [1789245328.284961951] [move_group.moveit.moveit.ros.move_group.context]: MoveGroup context using pipeline ompl
[move_group-2] [INFO] [1789245328.284974719] [move_group.moveit.moveit.ros.move_group.context]: MoveGroup context initialization complete
[move_group-2] [WARN] [1789245328.553902858] [move_group.moveit.moveit.ros.current_state_monitor]: Unable to update multi-DOF joint 'virtual_joint':Failure to lookup transform between 'world'and 'panda_link0' with TF exception: "world" passed to lookupTransform argument target_frame does not exist. 
[move_group-2] [WARN] [1789245331.284878379] [move_group.moveit.moveit.ros.planning_scene_monitor]: The complete state of the robot is not yet known.  Missing virtual_joint
[move_group-2] terminate called after throwing an instance of 'std::runtime_error'
[move_group-2]   what():  Box dimensions must be non-negative.
[move_group-2] Stack trace (most recent call last) in thread 5043:
[move_group-2] #22   Object "/usr/lib/aarch64-linux-gnu/ld-linux-aarch64.so.1", at 0xffffffffffffffff, in 
[move_group-2] #21   Object "/usr/lib/aarch64-linux-gnu/libc.so.6", at 0xe4575732ba0b, in 
[move_group-2] #20   Object "/usr/lib/aarch64-linux-gnu/libc.so.6", at 0xe457572c582b, in 
[move_group-2] #19   Object "/usr/lib/aarch64-linux-gnu/libstdc++.so.6.0.33", at 0xe45757521adf, in 
[move_group-2] #18   Object "/opt/ros/jazzy/lib/librclcpp.so", at 0xe4575788c21b, in rclcpp::executors::MultiThreadedExecutor::run(unsigned long)
[move_group-2] #17   Object "/opt/ros/jazzy/lib/librclcpp.so", at 0xe45757858e33, in rclcpp::Executor::execute_any_executable(rclcpp::AnyExecutable&)
[move_group-2] #16   Object "/opt/ros/jazzy/lib/librclcpp.so", at 0xe45757853ffb, in rclcpp::Executor::execute_service(std::shared_ptr<rclcpp::ServiceBase>)
[move_group-2] #15   Object "/opt/ros/jazzy/lib/librclcpp.so", at 0xe4575795c567, in 
[move_group-2] #14   Object "/opt/ros/jazzy/lib/libmoveit_move_group_default_capabilities.so.2.12.4", at 0xe457175355ff, in 
[move_group-2] #13   Object "/opt/ros/jazzy/lib/libmoveit_move_group_default_capabilities.so.2.12.4", at 0xe457175348bf, in move_group::ApplyPlanningSceneService::applyScene(std::shared_ptr<rmw_request_id_s> const&, std::shared_ptr<moveit_msgs::srv::ApplyPlanningScene_Request_<std::allocator<void> > > const&, std::shared_ptr<moveit_msgs::srv::ApplyPlanningScene_Response_<std::allocator<void> > > const&)
[move_group-2] #12   Object "/opt/ros/jazzy/lib/libmoveit_planning_scene_monitor.so.2.12.4", at 0xe45757bd5003, in planning_scene_monitor::PlanningSceneMonitor::newPlanningSceneMessage(moveit_msgs::msg::PlanningScene_<std::allocator<void> > const&)
[move_group-2] #11   Object "/opt/ros/jazzy/lib/libmoveit_planning_scene.so.2.12.4", at 0xe45756d265c7, in planning_scene::PlanningScene::setPlanningSceneDiffMsg(moveit_msgs::msg::PlanningScene_<std::allocator<void> > const&)
[move_group-2] #10   Object "/opt/ros/jazzy/lib/libmoveit_planning_scene.so.2.12.4", at 0xe45756d2e12b, in planning_scene::PlanningScene::processCollisionObjectAdd(moveit_msgs::msg::CollisionObject_<std::allocator<void> > const&)
[move_group-2] #9    Object "/opt/ros/jazzy/lib/libmoveit_planning_scene.so.2.12.4", at 0xe45756d2cef7, in planning_scene::PlanningScene::shapesAndPosesFromCollisionObjectMessage(moveit_msgs::msg::CollisionObject_<std::allocator<void> > const&, Eigen::Transform<double, 3, 1, 0>&, std::vector<std::shared_ptr<shapes::Shape const>, std::allocator<std::shared_ptr<shapes::Shape const> > >&, std::vector<Eigen::Transform<double, 3, 1, 0>, Eigen::aligned_allocator<Eigen::Transform<double, 3, 1, 0> > >&)
[move_group-2] #8    Object "/opt/ros/jazzy/lib/libgeometric_shapes.so.2.3.4", at 0xe45756a7c57f, in shapes::constructShapeFromMsg(shape_msgs::msg::SolidPrimitive_<std::allocator<void> > const&)
[move_group-2] #7    Object "/opt/ros/jazzy/lib/libgeometric_shapes.so.2.3.4", at 0xe45756a820ff, in shapes::Box::Box(double, double, double)
[move_group-2] #6    Object "/usr/lib/aarch64-linux-gnu/libstdc++.so.6.0.33", at 0xe457574ea907, in __cxa_throw
[move_group-2] #5    Object "/usr/lib/aarch64-linux-gnu/libstdc++.so.6.0.33", at 0xe457574e0e03, in std::terminate()
[move_group-2] #4    Object "/usr/lib/aarch64-linux-gnu/libstdc++.so.6.0.33", at 0xe457574ea56f, in 
[move_group-2] #3    Object "/usr/lib/aarch64-linux-gnu/libstdc++.so.6.0.33", at 0xe457574ed4d7, in __gnu_cxx::__verbose_terminate_handler()
[move_group-2] #2    Object "/usr/lib/aarch64-linux-gnu/libc.so.6", at 0xe45757267dff, in abort
[move_group-2] #1    Object "/usr/lib/aarch64-linux-gnu/libc.so.6", at 0xe4575727cb3b, in raise
[move_group-2] #0    Object "/usr/lib/aarch64-linux-gnu/libc.so.6", at 0xe457572c74d8, in 
[move_group-2] Aborted (Signal sent by tkill() 4971 0)
[ERROR] [move_group-2]: process has died [pid 4971, exit code -6, cmd '/opt/ros/jazzy/lib/moveit_ros_move_group/move_group --ros-args --params-file /tmp/launch_params_92utr06l --params-file /tmp/launch_params_w7psfgoj --params-file /tmp/launch_params_38ogrib6 -r /panda_hand_controller/gripper_action:=/franka_gripper/gripper_action'].
[INFO] [move_group-2]: process started with pid [5141]
[move_group-2] [INFO] [1789245358.166183276] [move_group.moveit.moveit.ros.rdf_loader]: Loaded robot model in 0 seconds
[move_group-2] [INFO] [1789245358.166297772] [move_group.moveit.moveit.core.robot_model]: Loading robot model 'panda'...
[move_group-2] [WARN] [1789245358.171648032] [kdl_parser]: The root link panda_link0 has an inertia specified in the URDF, but KDL does not support a root link with an inertia.  As a workaround, you can add an extra dummy link to your URDF.
[move_group-2] [INFO] [1789245358.171739520] [move_group.moveit.moveit.kinematics.kdl_kinematics_plugin]: Joint weights for group 'panda_arm': 1 1 1 1 1 1 1
[move_group-2] [INFO] [1789245358.196283737] [move_group.moveit.moveit.ros.planning_scene_monitor]: Publishing maintained planning scene on 'monitored_planning_scene'
[move_group-2] [INFO] [1789245358.196495033] [move_group.moveit.moveit.ros.moveit_cpp]: Listening to 'joint_states' for joint states
[move_group-2] [INFO] [1789245358.197548765] [move_group.moveit.moveit.ros.current_state_monitor]: Listening to joint states on topic 'joint_states'
[move_group-2] [INFO] [1789245358.197908095] [move_group.moveit.moveit.ros.planning_scene_monitor]: Listening to '/attached_collision_object' for attached collision objects
[move_group-2] [INFO] [1789245358.197931359] [move_group.moveit.moveit.ros.planning_scene_monitor]: Stopping existing planning scene publisher.
[move_group-2] [INFO] [1789245358.198038111] [move_group.moveit.moveit.ros.planning_scene_monitor]: Stopped publishing maintained planning scene.
[move_group-2] [INFO] [1789245358.198360896] [move_group.moveit.moveit.ros.planning_scene_monitor]: Publishing maintained planning scene on 'monitored_planning_scene'
[move_group-2] [INFO] [1789245358.198480641] [move_group.moveit.moveit.ros.planning_scene_monitor]: Starting planning scene monitor
[move_group-2] [INFO] [1789245358.199101859] [move_group.moveit.moveit.ros.planning_scene_monitor]: Listening to '/planning_scene'
[move_group-2] [INFO] [1789245358.199123587] [move_group.moveit.moveit.ros.planning_scene_monitor]: Starting world geometry update monitor for collision objects, attached objects, octomap updates.
[move_group-2] [INFO] [1789245358.199407588] [move_group.moveit.moveit.ros.planning_scene_monitor]: Listening to 'collision_object'
[move_group-2] [INFO] [1789245358.199716069] [move_group.moveit.moveit.ros.planning_scene_monitor]: Listening to 'planning_scene_world' for planning scene world geometry
[move_group-2] [WARN] [1789245358.199843270] [move_group.moveit.moveit.ros.occupancy_map_monitor]: Resolution not specified for Octomap. Assuming resolution = 0.1 instead
[move_group-2] [ERROR] [1789245358.199861990] [move_group.moveit.moveit.ros.occupancy_map_monitor]: No 3D sensor plugin(s) defined for octomap updates
[move_group-2] [INFO] [1789245358.204524726] [move_group.moveit.moveit.ros.planning_pipeline]: Successfully loaded planner 'CHOMP'
[move_group-2] [INFO] [1789245358.205212313] [move_group]: Try loading adapter 'default_planning_request_adapters/ResolveConstraintFrames'
[move_group-2] [INFO] [1789245358.205769691] [move_group]: Loaded adapter 'default_planning_request_adapters/ResolveConstraintFrames'
[move_group-2] [INFO] [1789245358.205800347] [move_group]: Try loading adapter 'default_planning_request_adapters/ValidateWorkspaceBounds'
[move_group-2] [INFO] [1789245358.205937915] [move_group]: Loaded adapter 'default_planning_request_adapters/ValidateWorkspaceBounds'
[move_group-2] [INFO] [1789245358.205951868] [move_group]: Try loading adapter 'default_planning_request_adapters/CheckStartStateBounds'
[move_group-2] [INFO] [1789245358.205971868] [move_group]: Loaded adapter 'default_planning_request_adapters/CheckStartStateBounds'
[move_group-2] [INFO] [1789245358.205978364] [move_group]: Try loading adapter 'default_planning_request_adapters/CheckStartStateCollision'
[move_group-2] [INFO] [1789245358.205994780] [move_group]: Loaded adapter 'default_planning_request_adapters/CheckStartStateCollision'
[move_group-2] [INFO] [1789245358.206625950] [move_group]: Try loading adapter 'default_planning_response_adapters/AddTimeOptimalParameterization'
[move_group-2] [INFO] [1789245358.208017379] [move_group]: Loaded adapter 'default_planning_response_adapters/AddTimeOptimalParameterization'
[move_group-2] [INFO] [1789245358.218170568] [move_group.moveit.moveit.ros.planning_pipeline]: Successfully loaded planner 'OMPL'
[move_group-2] [INFO] [1789245358.218879562] [move_group]: Try loading adapter 'default_planning_request_adapters/ResolveConstraintFrames'
[move_group-2] [INFO] [1789245358.218969579] [move_group]: Loaded adapter 'default_planning_request_adapters/ResolveConstraintFrames'
[move_group-2] [INFO] [1789245358.218982411] [move_group]: Try loading adapter 'default_planning_request_adapters/ValidateWorkspaceBounds'
[move_group-2] [INFO] [1789245358.219127531] [move_group]: Loaded adapter 'default_planning_request_adapters/ValidateWorkspaceBounds'
[move_group-2] [INFO] [1789245358.219143979] [move_group]: Try loading adapter 'default_planning_request_adapters/CheckStartStateBounds'
[move_group-2] [INFO] [1789245358.219165195] [move_group]: Loaded adapter 'default_planning_request_adapters/CheckStartStateBounds'
[move_group-2] [INFO] [1789245358.219171179] [move_group]: Try loading adapter 'default_planning_request_adapters/CheckStartStateCollision'
[move_group-2] [INFO] [1789245358.219182155] [move_group]: Loaded adapter 'default_planning_request_adapters/CheckStartStateCollision'
[move_group-2] [INFO] [1789245358.219778189] [move_group]: Try loading adapter 'default_planning_response_adapters/AddTimeOptimalParameterization'
[move_group-2] [INFO] [1789245358.220039438] [move_group]: Loaded adapter 'default_planning_response_adapters/AddTimeOptimalParameterization'
[move_group-2] [INFO] [1789245358.220069710] [move_group]: Try loading adapter 'default_planning_response_adapters/ValidateSolution'
[move_group-2] [INFO] [1789245358.221599924] [move_group]: Loaded adapter 'default_planning_response_adapters/ValidateSolution'
[move_group-2] [INFO] [1789245358.221626580] [move_group]: Try loading adapter 'default_planning_response_adapters/DisplayMotionPath'
[move_group-2] [INFO] [1789245358.222048374] [move_group]: Loaded adapter 'default_planning_response_adapters/DisplayMotionPath'
[move_group-2] [INFO] [1789245358.223865756] [move_group.moveit.moveit.planners.pilz.joint_limits_aggregator]: Reading limits from namespace robot_description_planning
[move_group-2] [WARN] [1789245358.224482238] [move_group.moveit.moveit.planners.pilz.joint_limits_aggregator]: Multi-DOF-Joint 'virtual_joint' not supported.
[move_group-2] [WARN] [1789245358.224516255] [move_group.moveit.moveit.planners.pilz.joint_limits_aggregator]: Multi-DOF-Joint 'virtual_joint' not supported.
[move_group-2] [INFO] [1789245358.227489897] [move_group.moveit.moveit.planners.pilz.command_planner]: Available plugins: pilz_industrial_motion_planner/PlanningContextLoaderCIRC pilz_industrial_motion_planner/PlanningContextLoaderLIN pilz_industrial_motion_planner/PlanningContextLoaderPTP 
[move_group-2] [INFO] [1789245358.227526281] [move_group.moveit.moveit.planners.pilz.command_planner]: About to load: pilz_industrial_motion_planner/PlanningContextLoaderCIRC
[move_group-2] [INFO] [1789245358.228399149] [move_group.moveit.moveit.planners.pilz.command_planner]: Registered Algorithm [CIRC]
[move_group-2] [INFO] [1789245358.228435309] [move_group.moveit.moveit.planners.pilz.command_planner]: About to load: pilz_industrial_motion_planner/PlanningContextLoaderLIN
[move_group-2] [INFO] [1789245358.229004175] [move_group.moveit.moveit.planners.pilz.command_planner]: Registered Algorithm [LIN]
[move_group-2] [INFO] [1789245358.229039151] [move_group.moveit.moveit.planners.pilz.command_planner]: About to load: pilz_industrial_motion_planner/PlanningContextLoaderPTP
[move_group-2] [INFO] [1789245358.229576977] [move_group.moveit.moveit.planners.pilz.command_planner]: Registered Algorithm [PTP]
[move_group-2] [INFO] [1789245358.229610833] [move_group.moveit.moveit.ros.planning_pipeline]: Successfully loaded planner 'Pilz Industrial Motion Planner'
[move_group-2] [INFO] [1789245358.230259411] [move_group]: Try loading adapter 'default_planning_request_adapters/ValidateWorkspaceBounds'
[move_group-2] [INFO] [1789245358.230503444] [move_group]: Loaded adapter 'default_planning_request_adapters/ValidateWorkspaceBounds'
[move_group-2] [INFO] [1789245358.230521300] [move_group]: Try loading adapter 'default_planning_request_adapters/CheckStartStateBounds'
[move_group-2] [INFO] [1789245358.230544340] [move_group]: Loaded adapter 'default_planning_request_adapters/CheckStartStateBounds'
[move_group-2] [INFO] [1789245358.230551700] [move_group]: Try loading adapter 'default_planning_request_adapters/CheckStartStateCollision'
[move_group-2] [INFO] [1789245358.230564340] [move_group]: Loaded adapter 'default_planning_request_adapters/CheckStartStateCollision'
[move_group-2] [WARN] [1789245358.230570164] [move_group.moveit.moveit.ros.planning_pipeline]: No planning response adapter names specified.
[move_group-2] [INFO] [1789245358.232705724] [move_group.moveit.moveit.ros.planning_pipeline]: Successfully loaded planner 'STOMP'
[move_group-2] [INFO] [1789245358.233366463] [move_group]: Try loading adapter 'default_planning_request_adapters/ResolveConstraintFrames'
[move_group-2] [INFO] [1789245358.233454751] [move_group]: Loaded adapter 'default_planning_request_adapters/ResolveConstraintFrames'
[move_group-2] [INFO] [1789245358.233466847] [move_group]: Try loading adapter 'default_planning_request_adapters/ValidateWorkspaceBounds'
[move_group-2] [INFO] [1789245358.233621119] [move_group]: Loaded adapter 'default_planning_request_adapters/ValidateWorkspaceBounds'
[move_group-2] [INFO] [1789245358.233640960] [move_group]: Try loading adapter 'default_planning_request_adapters/CheckStartStateBounds'
[move_group-2] [INFO] [1789245358.233662784] [move_group]: Loaded adapter 'default_planning_request_adapters/CheckStartStateBounds'
[move_group-2] [INFO] [1789245358.233669920] [move_group]: Try loading adapter 'default_planning_request_adapters/CheckStartStateCollision'
[move_group-2] [INFO] [1789245358.233682816] [move_group]: Loaded adapter 'default_planning_request_adapters/CheckStartStateCollision'
[move_group-2] [INFO] [1789245358.234301154] [move_group]: Try loading adapter 'default_planning_response_adapters/AddTimeOptimalParameterization'
[move_group-2] [INFO] [1789245358.234618563] [move_group]: Loaded adapter 'default_planning_response_adapters/AddTimeOptimalParameterization'
[move_group-2] [INFO] [1789245358.234638691] [move_group]: Try loading adapter 'default_planning_response_adapters/ValidateSolution'
[move_group-2] [INFO] [1789245358.234940484] [move_group]: Loaded adapter 'default_planning_response_adapters/ValidateSolution'
[move_group-2] [INFO] [1789245358.234958564] [move_group]: Try loading adapter 'default_planning_response_adapters/DisplayMotionPath'
[move_group-2] [INFO] [1789245358.235225509] [move_group]: Loaded adapter 'default_planning_response_adapters/DisplayMotionPath'
[move_group-2] [INFO] [1789245358.268267613] [move_group.moveit.moveit.plugins.simple_controller_manager]: Added FollowJointTrajectory controller for panda_arm_controller
[move_group-2] [INFO] [1789245358.268325661] [move_group.moveit.moveit.plugins.simple_controller_manager]: panda_hand_controller will command a max effort of: 0
[move_group-2] [ERROR] [1789245358.270254372] [move_group.moveit.moveit.plugins.simple_controller_manager]: Parallel Gripper requires exactly two joints, 1 are specified
[move_group-2] [INFO] [1789245358.272715981] [move_group.moveit.moveit.plugins.simple_controller_manager]: Returned 1 controllers in list
[move_group-2] [INFO] [1789245358.272761773] [move_group.moveit.moveit.plugins.simple_controller_manager]: Returned 1 controllers in list
[move_group-2] [INFO] [1789245358.273262991] [move_group.moveit.moveit.ros.trajectory_execution_manager]: Trajectory execution is managing controllers
[move_group-2] [INFO] [1789245358.273293903] [move_group]: MoveGroup debug mode is ON
[move_group-2] [INFO] [1789245358.289434217] [move_group.moveit.moveit.planners.pilz.move_group_sequence_action]: initialize move group sequence action
[move_group-2] [INFO] [1789245358.291896722] [move_group.moveit.moveit.planners.pilz.joint_limits_aggregator]: Reading limits from namespace robot_description_planning
[move_group-2] [WARN] [1789245358.291949650] [move_group.moveit.moveit.planners.pilz.joint_limits_aggregator]: Multi-DOF-Joint 'virtual_joint' not supported.
[move_group-2] [WARN] [1789245358.291968338] [move_group.moveit.moveit.planners.pilz.joint_limits_aggregator]: Multi-DOF-Joint 'virtual_joint' not supported.
[move_group-2] [INFO] [1789245358.292128019] [move_group.moveit.moveit.planners.pilz.joint_limits_aggregator]: Reading limits from namespace robot_description_planning
[move_group-2] [WARN] [1789245358.292159347] [move_group.moveit.moveit.planners.pilz.joint_limits_aggregator]: Multi-DOF-Joint 'virtual_joint' not supported.
[move_group-2] [WARN] [1789245358.292174163] [move_group.moveit.moveit.planners.pilz.joint_limits_aggregator]: Multi-DOF-Joint 'virtual_joint' not supported.
[move_group-2] [INFO] [1789245358.292859061] [move_group.moveit.moveit.ros.move_group.executable]: 
[move_group-2] 
[move_group-2] ********************************************************
[move_group-2] * MoveGroup using: 
[move_group-2] *     - apply_planning_scene_service
[move_group-2] *     - clear_octomap_service
[move_group-2] *     - get_group_urdf
[move_group-2] *     - load_geometry_from_file
[move_group-2] *     - CartesianPathService
[move_group-2] *     - execute_trajectory_action
[move_group-2] *     - get_planning_scene_service
[move_group-2] *     - kinematics_service
[move_group-2] *     - move_action
[move_group-2] *     - motion_plan_service
[move_group-2] *     - query_planners_service
[move_group-2] *     - state_validation_service
[move_group-2] *     - save_geometry_to_file
[move_group-2] *     - SequenceAction
[move_group-2] *     - SequenceService
[move_group-2] ********************************************************
[move_group-2] 
[move_group-2] [INFO] [1789245358.292913877] [move_group.moveit.moveit.ros.move_group.context]: MoveGroup context using pipeline ompl
[move_group-2] [INFO] [1789245358.292927254] [move_group.moveit.moveit.ros.move_group.context]: MoveGroup context initialization complete
[move_group-2] [WARN] [1789245358.755261498] [move_group.moveit.moveit.ros.current_state_monitor]: Unable to update multi-DOF joint 'virtual_joint':Failure to lookup transform between 'world'and 'panda_link0' with TF exception: "world" passed to lookupTransform argument target_frame does not exist. 
[move_group-2] [WARN] [1789245361.285034373] [move_group.moveit.moveit.ros.planning_scene_monitor]: The complete state of the robot is not yet known.  Missing virtual_joint
[move_group-2] terminate called after throwing an instance of 'std::runtime_error'
[move_group-2]   what():  Box dimensions must be non-negative.
[move_group-2] Stack trace (most recent call last) in thread 5207:
[move_group-2] #22   Object "/usr/lib/aarch64-linux-gnu/ld-linux-aarch64.so.1", at 0xffffffffffffffff, in 
[move_group-2] #21   Object "/usr/lib/aarch64-linux-gnu/libc.so.6", at 0xe688dff9ba0b, in 
[move_group-2] #20   Object "/usr/lib/aarch64-linux-gnu/libc.so.6", at 0xe688dff3582b, in 
[move_group-2] #19   Object "/usr/lib/aarch64-linux-gnu/libstdc++.so.6.0.33", at 0xe688e0191adf, in 
[move_group-2] #18   Object "/opt/ros/jazzy/lib/librclcpp.so", at 0xe688e04fc21b, in rclcpp::executors::MultiThreadedExecutor::run(unsigned long)
[move_group-2] #17   Object "/opt/ros/jazzy/lib/librclcpp.so", at 0xe688e04c8e33, in rclcpp::Executor::execute_any_executable(rclcpp::AnyExecutable&)
[move_group-2] #16   Object "/opt/ros/jazzy/lib/librclcpp.so", at 0xe688e04c3ffb, in rclcpp::Executor::execute_service(std::shared_ptr<rclcpp::ServiceBase>)
[move_group-2] #15   Object "/opt/ros/jazzy/lib/librclcpp.so", at 0xe688e05cc567, in 
[move_group-2] #14   Object "/opt/ros/jazzy/lib/libmoveit_move_group_default_capabilities.so.2.12.4", at 0xe688b02355ff, in 
[move_group-2] #13   Object "/opt/ros/jazzy/lib/libmoveit_move_group_default_capabilities.so.2.12.4", at 0xe688b02348bf, in move_group::ApplyPlanningSceneService::applyScene(std::shared_ptr<rmw_request_id_s> const&, std::shared_ptr<moveit_msgs::srv::ApplyPlanningScene_Request_<std::allocator<void> > > const&, std::shared_ptr<moveit_msgs::srv::ApplyPlanningScene_Response_<std::allocator<void> > > const&)
[move_group-2] #12   Object "/opt/ros/jazzy/lib/libmoveit_planning_scene_monitor.so.2.12.4", at 0xe688e0845003, in planning_scene_monitor::PlanningSceneMonitor::newPlanningSceneMessage(moveit_msgs::msg::PlanningScene_<std::allocator<void> > const&)
[move_group-2] #11   Object "/opt/ros/jazzy/lib/libmoveit_planning_scene.so.2.12.4", at 0xe688df9965c7, in planning_scene::PlanningScene::setPlanningSceneDiffMsg(moveit_msgs::msg::PlanningScene_<std::allocator<void> > const&)
[move_group-2] #10   Object "/opt/ros/jazzy/lib/libmoveit_planning_scene.so.2.12.4", at 0xe688df99e12b, in planning_scene::PlanningScene::processCollisionObjectAdd(moveit_msgs::msg::CollisionObject_<std::allocator<void> > const&)
[move_group-2] #9    Object "/opt/ros/jazzy/lib/libmoveit_planning_scene.so.2.12.4", at 0xe688df99cef7, in planning_scene::PlanningScene::shapesAndPosesFromCollisionObjectMessage(moveit_msgs::msg::CollisionObject_<std::allocator<void> > const&, Eigen::Transform<double, 3, 1, 0>&, std::vector<std::shared_ptr<shapes::Shape const>, std::allocator<std::shared_ptr<shapes::Shape const> > >&, std::vector<Eigen::Transform<double, 3, 1, 0>, Eigen::aligned_allocator<Eigen::Transform<double, 3, 1, 0> > >&)
[move_group-2] #8    Object "/opt/ros/jazzy/lib/libgeometric_shapes.so.2.3.4", at 0xe688df6ec57f, in shapes::constructShapeFromMsg(shape_msgs::msg::SolidPrimitive_<std::allocator<void> > const&)
[move_group-2] #7    Object "/opt/ros/jazzy/lib/libgeometric_shapes.so.2.3.4", at 0xe688df6f20ff, in shapes::Box::Box(double, double, double)
[move_group-2] #6    Object "/usr/lib/aarch64-linux-gnu/libstdc++.so.6.0.33", at 0xe688e015a907, in __cxa_throw
[move_group-2] #5    Object "/usr/lib/aarch64-linux-gnu/libstdc++.so.6.0.33", at 0xe688e0150e03, in std::terminate()
[move_group-2] #4    Object "/usr/lib/aarch64-linux-gnu/libstdc++.so.6.0.33", at 0xe688e015a56f, in 
[move_group-2] #3    Object "/usr/lib/aarch64-linux-gnu/libstdc++.so.6.0.33", at 0xe688e015d4d7, in __gnu_cxx::__verbose_terminate_handler()
[move_group-2] #2    Object "/usr/lib/aarch64-linux-gnu/libc.so.6", at 0xe688dfed7dff, in abort
[move_group-2] #1    Object "/usr/lib/aarch64-linux-gnu/libc.so.6", at 0xe688dfeecb3b, in raise
[move_group-2] #0    Object "/usr/lib/aarch64-linux-gnu/libc.so.6", at 0xe688dff374d8, in 
[move_group-2] Aborted (Signal sent by tkill() 5141 0)
[ERROR] [move_group-2]: process has died [pid 5141, exit code -6, cmd '/opt/ros/jazzy/lib/moveit_ros_move_group/move_group --ros-args --params-file /tmp/launch_params_92utr06l --params-file /tmp/launch_params_w7psfgoj --params-file /tmp/launch_params_38ogrib6 -r /panda_hand_controller/gripper_action:=/franka_gripper/gripper_action'].
[INFO] [move_group-2]: process started with pid [5311]
[move_group-2] [INFO] [1789245388.164968481] [move_group.moveit.moveit.ros.rdf_loader]: Loaded robot model in 0 seconds
[move_group-2] [INFO] [1789245388.165096642] [move_group.moveit.moveit.core.robot_model]: Loading robot model 'panda'...
[move_group-2] [WARN] [1789245388.170345749] [kdl_parser]: The root link panda_link0 has an inertia specified in the URDF, but KDL does not support a root link with an inertia.  As a workaround, you can add an extra dummy link to your URDF.
[move_group-2] [INFO] [1789245388.170435701] [move_group.moveit.moveit.kinematics.kdl_kinematics_plugin]: Joint weights for group 'panda_arm': 1 1 1 1 1 1 1
[move_group-2] [INFO] [1789245388.191303328] [move_group.moveit.moveit.ros.planning_scene_monitor]: Publishing maintained planning scene on 'monitored_planning_scene'
[move_group-2] [INFO] [1789245388.191500321] [move_group.moveit.moveit.ros.moveit_cpp]: Listening to 'joint_states' for joint states
[move_group-2] [INFO] [1789245388.192367492] [move_group.moveit.moveit.ros.current_state_monitor]: Listening to joint states on topic 'joint_states'
[move_group-2] [INFO] [1789245388.192645573] [move_group.moveit.moveit.ros.planning_scene_monitor]: Listening to '/attached_collision_object' for attached collision objects
[move_group-2] [INFO] [1789245388.192665733] [move_group.moveit.moveit.ros.planning_scene_monitor]: Stopping existing planning scene publisher.
[move_group-2] [INFO] [1789245388.192790694] [move_group.moveit.moveit.ros.planning_scene_monitor]: Stopped publishing maintained planning scene.
[move_group-2] [INFO] [1789245388.193100487] [move_group.moveit.moveit.ros.planning_scene_monitor]: Publishing maintained planning scene on 'monitored_planning_scene'
[move_group-2] [INFO] [1789245388.193220135] [move_group.moveit.moveit.ros.planning_scene_monitor]: Starting planning scene monitor
[move_group-2] [INFO] [1789245388.193707497] [move_group.moveit.moveit.ros.planning_scene_monitor]: Listening to '/planning_scene'
[move_group-2] [INFO] [1789245388.193726505] [move_group.moveit.moveit.ros.planning_scene_monitor]: Starting world geometry update monitor for collision objects, attached objects, octomap updates.
[move_group-2] [INFO] [1789245388.193954122] [move_group.moveit.moveit.ros.planning_scene_monitor]: Listening to 'collision_object'
[move_group-2] [INFO] [1789245388.194205259] [move_group.moveit.moveit.ros.planning_scene_monitor]: Listening to 'planning_scene_world' for planning scene world geometry
[move_group-2] [WARN] [1789245388.194338923] [move_group.moveit.moveit.ros.occupancy_map_monitor]: Resolution not specified for Octomap. Assuming resolution = 0.1 instead
[move_group-2] [ERROR] [1789245388.194358316] [move_group.moveit.moveit.ros.occupancy_map_monitor]: No 3D sensor plugin(s) defined for octomap updates
[move_group-2] [INFO] [1789245388.198550619] [move_group.moveit.moveit.ros.planning_pipeline]: Successfully loaded planner 'CHOMP'
[move_group-2] [INFO] [1789245388.199229501] [move_group]: Try loading adapter 'default_planning_request_adapters/ResolveConstraintFrames'
[move_group-2] [INFO] [1789245388.199737791] [move_group]: Loaded adapter 'default_planning_request_adapters/ResolveConstraintFrames'
[move_group-2] [INFO] [1789245388.199759455] [move_group]: Try loading adapter 'default_planning_request_adapters/ValidateWorkspaceBounds'
[move_group-2] [INFO] [1789245388.199886271] [move_group]: Loaded adapter 'default_planning_request_adapters/ValidateWorkspaceBounds'
[move_group-2] [INFO] [1789245388.199898239] [move_group]: Try loading adapter 'default_planning_request_adapters/CheckStartStateBounds'
[move_group-2] [INFO] [1789245388.199916000] [move_group]: Loaded adapter 'default_planning_request_adapters/CheckStartStateBounds'
[move_group-2] [INFO] [1789245388.199921760] [move_group]: Try loading adapter 'default_planning_request_adapters/CheckStartStateCollision'
[move_group-2] [INFO] [1789245388.199936832] [move_group]: Loaded adapter 'default_planning_request_adapters/CheckStartStateCollision'
[move_group-2] [INFO] [1789245388.200555042] [move_group]: Try loading adapter 'default_planning_response_adapters/AddTimeOptimalParameterization'
[move_group-2] [INFO] [1789245388.201863847] [move_group]: Loaded adapter 'default_planning_response_adapters/AddTimeOptimalParameterization'
[move_group-2] [INFO] [1789245388.211543370] [move_group.moveit.moveit.ros.planning_pipeline]: Successfully loaded planner 'OMPL'
[move_group-2] [INFO] [1789245388.212264108] [move_group]: Try loading adapter 'default_planning_request_adapters/ResolveConstraintFrames'
[move_group-2] [INFO] [1789245388.212350476] [move_group]: Loaded adapter 'default_planning_request_adapters/ResolveConstraintFrames'
[move_group-2] [INFO] [1789245388.212361613] [move_group]: Try loading adapter 'default_planning_request_adapters/ValidateWorkspaceBounds'
[move_group-2] [INFO] [1789245388.212499405] [move_group]: Loaded adapter 'default_planning_request_adapters/ValidateWorkspaceBounds'
[move_group-2] [INFO] [1789245388.212511213] [move_group]: Try loading adapter 'default_planning_request_adapters/CheckStartStateBounds'
[move_group-2] [INFO] [1789245388.212530509] [move_group]: Loaded adapter 'default_planning_request_adapters/CheckStartStateBounds'
[move_group-2] [INFO] [1789245388.212537037] [move_group]: Try loading adapter 'default_planning_request_adapters/CheckStartStateCollision'
[move_group-2] [INFO] [1789245388.212549901] [move_group]: Loaded adapter 'default_planning_request_adapters/CheckStartStateCollision'
[move_group-2] [INFO] [1789245388.213177327] [move_group]: Try loading adapter 'default_planning_response_adapters/AddTimeOptimalParameterization'
[move_group-2] [INFO] [1789245388.213431504] [move_group]: Loaded adapter 'default_planning_response_adapters/AddTimeOptimalParameterization'
[move_group-2] [INFO] [1789245388.213447856] [move_group]: Try loading adapter 'default_planning_response_adapters/ValidateSolution'
[move_group-2] [INFO] [1789245388.214870166] [move_group]: Loaded adapter 'default_planning_response_adapters/ValidateSolution'
[move_group-2] [INFO] [1789245388.214896246] [move_group]: Try loading adapter 'default_planning_response_adapters/DisplayMotionPath'
[move_group-2] [INFO] [1789245388.215287767] [move_group]: Loaded adapter 'default_planning_response_adapters/DisplayMotionPath'
[move_group-2] [INFO] [1789245388.216963453] [move_group.moveit.moveit.planners.pilz.joint_limits_aggregator]: Reading limits from namespace robot_description_planning
[move_group-2] [WARN] [1789245388.217577727] [move_group.moveit.moveit.planners.pilz.joint_limits_aggregator]: Multi-DOF-Joint 'virtual_joint' not supported.
[move_group-2] [WARN] [1789245388.217609311] [move_group.moveit.moveit.planners.pilz.joint_limits_aggregator]: Multi-DOF-Joint 'virtual_joint' not supported.
[move_group-2] [INFO] [1789245388.220508778] [move_group.moveit.moveit.planners.pilz.command_planner]: Available plugins: pilz_industrial_motion_planner/PlanningContextLoaderCIRC pilz_industrial_motion_planner/PlanningContextLoaderLIN pilz_industrial_motion_planner/PlanningContextLoaderPTP 
[move_group-2] [INFO] [1789245388.220544586] [move_group.moveit.moveit.planners.pilz.command_planner]: About to load: pilz_industrial_motion_planner/PlanningContextLoaderCIRC
[move_group-2] [INFO] [1789245388.221410957] [move_group.moveit.moveit.planners.pilz.command_planner]: Registered Algorithm [CIRC]
[move_group-2] [INFO] [1789245388.221445549] [move_group.moveit.moveit.planners.pilz.command_planner]: About to load: pilz_industrial_motion_planner/PlanningContextLoaderLIN
[move_group-2] [INFO] [1789245388.222009199] [move_group.moveit.moveit.planners.pilz.command_planner]: Registered Algorithm [LIN]
[move_group-2] [INFO] [1789245388.222095344] [move_group.moveit.moveit.planners.pilz.command_planner]: About to load: pilz_industrial_motion_planner/PlanningContextLoaderPTP
[move_group-2] [INFO] [1789245388.222729394] [move_group.moveit.moveit.planners.pilz.command_planner]: Registered Algorithm [PTP]
[move_group-2] [INFO] [1789245388.222764466] [move_group.moveit.moveit.ros.planning_pipeline]: Successfully loaded planner 'Pilz Industrial Motion Planner'
[move_group-2] [INFO] [1789245388.223527445] [move_group]: Try loading adapter 'default_planning_request_adapters/ValidateWorkspaceBounds'
[move_group-2] [INFO] [1789245388.223757238] [move_group]: Loaded adapter 'default_planning_request_adapters/ValidateWorkspaceBounds'
[move_group-2] [INFO] [1789245388.223775286] [move_group]: Try loading adapter 'default_planning_request_adapters/CheckStartStateBounds'
[move_group-2] [INFO] [1789245388.223798006] [move_group]: Loaded adapter 'default_planning_request_adapters/CheckStartStateBounds'
[move_group-2] [INFO] [1789245388.223803894] [move_group]: Try loading adapter 'default_planning_request_adapters/CheckStartStateCollision'
[move_group-2] [INFO] [1789245388.223814774] [move_group]: Loaded adapter 'default_planning_request_adapters/CheckStartStateCollision'
[move_group-2] [WARN] [1789245388.223821270] [move_group.moveit.moveit.ros.planning_pipeline]: No planning response adapter names specified.
[move_group-2] [INFO] [1789245388.225828061] [move_group.moveit.moveit.ros.planning_pipeline]: Successfully loaded planner 'STOMP'
[move_group-2] [INFO] [1789245388.226476063] [move_group]: Try loading adapter 'default_planning_request_adapters/ResolveConstraintFrames'
[move_group-2] [INFO] [1789245388.226552800] [move_group]: Loaded adapter 'default_planning_request_adapters/ResolveConstraintFrames'
[move_group-2] [INFO] [1789245388.226562912] [move_group]: Try loading adapter 'default_planning_request_adapters/ValidateWorkspaceBounds'
[move_group-2] [INFO] [1789245388.226709920] [move_group]: Loaded adapter 'default_planning_request_adapters/ValidateWorkspaceBounds'
[move_group-2] [INFO] [1789245388.226725376] [move_group]: Try loading adapter 'default_planning_request_adapters/CheckStartStateBounds'
[move_group-2] [INFO] [1789245388.226744608] [move_group]: Loaded adapter 'default_planning_request_adapters/CheckStartStateBounds'
[move_group-2] [INFO] [1789245388.226751424] [move_group]: Try loading adapter 'default_planning_request_adapters/CheckStartStateCollision'
[move_group-2] [INFO] [1789245388.226763200] [move_group]: Loaded adapter 'default_planning_request_adapters/CheckStartStateCollision'
[move_group-2] [INFO] [1789245388.227390659] [move_group]: Try loading adapter 'default_planning_response_adapters/AddTimeOptimalParameterization'
[move_group-2] [INFO] [1789245388.227719844] [move_group]: Loaded adapter 'default_planning_response_adapters/AddTimeOptimalParameterization'
[move_group-2] [INFO] [1789245388.227739396] [move_group]: Try loading adapter 'default_planning_response_adapters/ValidateSolution'
[move_group-2] [INFO] [1789245388.227957221] [move_group]: Loaded adapter 'default_planning_response_adapters/ValidateSolution'
[move_group-2] [INFO] [1789245388.227975237] [move_group]: Try loading adapter 'default_planning_response_adapters/DisplayMotionPath'
[move_group-2] [INFO] [1789245388.228163877] [move_group]: Loaded adapter 'default_planning_response_adapters/DisplayMotionPath'
[move_group-2] [INFO] [1789245388.256520364] [move_group.moveit.moveit.plugins.simple_controller_manager]: Added FollowJointTrajectory controller for panda_arm_controller
[move_group-2] [INFO] [1789245388.256581132] [move_group.moveit.moveit.plugins.simple_controller_manager]: panda_hand_controller will command a max effort of: 0
[move_group-2] [ERROR] [1789245388.257984593] [move_group.moveit.moveit.plugins.simple_controller_manager]: Parallel Gripper requires exactly two joints, 1 are specified
[move_group-2] [INFO] [1789245388.260058233] [move_group.moveit.moveit.plugins.simple_controller_manager]: Returned 1 controllers in list
[move_group-2] [INFO] [1789245388.260103513] [move_group.moveit.moveit.plugins.simple_controller_manager]: Returned 1 controllers in list
[move_group-2] [INFO] [1789245388.260522650] [move_group.moveit.moveit.ros.trajectory_execution_manager]: Trajectory execution is managing controllers
[move_group-2] [INFO] [1789245388.260553754] [move_group]: MoveGroup debug mode is ON
[move_group-2] [INFO] [1789245388.272517926] [move_group.moveit.moveit.planners.pilz.move_group_sequence_action]: initialize move group sequence action
[move_group-2] [INFO] [1789245388.274209996] [move_group.moveit.moveit.planners.pilz.joint_limits_aggregator]: Reading limits from namespace robot_description_planning
[move_group-2] [WARN] [1789245388.274267020] [move_group.moveit.moveit.planners.pilz.joint_limits_aggregator]: Multi-DOF-Joint 'virtual_joint' not supported.
[move_group-2] [WARN] [1789245388.274286156] [move_group.moveit.moveit.planners.pilz.joint_limits_aggregator]: Multi-DOF-Joint 'virtual_joint' not supported.
[move_group-2] [INFO] [1789245388.274443213] [move_group.moveit.moveit.planners.pilz.joint_limits_aggregator]: Reading limits from namespace robot_description_planning
[move_group-2] [WARN] [1789245388.274478125] [move_group.moveit.moveit.planners.pilz.joint_limits_aggregator]: Multi-DOF-Joint 'virtual_joint' not supported.
[move_group-2] [WARN] [1789245388.274492205] [move_group.moveit.moveit.planners.pilz.joint_limits_aggregator]: Multi-DOF-Joint 'virtual_joint' not supported.
[move_group-2] [INFO] [1789245388.275115919] [move_group.moveit.moveit.ros.move_group.executable]: 
[move_group-2] 
[move_group-2] ********************************************************
[move_group-2] * MoveGroup using: 
[move_group-2] *     - apply_planning_scene_service
[move_group-2] *     - clear_octomap_service
[move_group-2] *     - get_group_urdf
[move_group-2] *     - load_geometry_from_file
[move_group-2] *     - CartesianPathService
[move_group-2] *     - execute_trajectory_action
[move_group-2] *     - get_planning_scene_service
[move_group-2] *     - kinematics_service
[move_group-2] *     - move_action
[move_group-2] *     - motion_plan_service
[move_group-2] *     - query_planners_service
[move_group-2] *     - state_validation_service
[move_group-2] *     - save_geometry_to_file
[move_group-2] *     - SequenceAction
[move_group-2] *     - SequenceService
[move_group-2] ********************************************************
[move_group-2] 
[move_group-2] [INFO] [1789245388.275174671] [move_group.moveit.moveit.ros.move_group.context]: MoveGroup context using pipeline ompl
[move_group-2] [INFO] [1789245388.275186863] [move_group.moveit.moveit.ros.move_group.context]: MoveGroup context initialization complete
[move_group-2] [WARN] [1789245388.553877213] [move_group.moveit.moveit.ros.current_state_monitor]: Unable to update multi-DOF joint 'virtual_joint':Failure to lookup transform between 'world'and 'panda_link0' with TF exception: "world" passed to lookupTransform argument target_frame does not exist. 
[move_group-2] [WARN] [1789245391.285212480] [move_group.moveit.moveit.ros.planning_scene_monitor]: The complete state of the robot is not yet known.  Missing virtual_joint
[move_group-2] terminate called after throwing an instance of 'std::runtime_error'
[move_group-2]   what():  Box dimensions must be non-negative.
[move_group-2] Stack trace (most recent call last) in thread 5474:
[move_group-2] #22   Object "/usr/lib/aarch64-linux-gnu/ld-linux-aarch64.so.1", at 0xffffffffffffffff, in 
[move_group-2] #21   Object "/usr/lib/aarch64-linux-gnu/libc.so.6", at 0xf62e6571ba0b, in 
[move_group-2] #20   Object "/usr/lib/aarch64-linux-gnu/libc.so.6", at 0xf62e656b582b, in 
[move_group-2] #19   Object "/usr/lib/aarch64-linux-gnu/libstdc++.so.6.0.33", at 0xf62e65911adf, in 
[move_group-2] #18   Object "/opt/ros/jazzy/lib/librclcpp.so", at 0xf62e65c7c21b, in rclcpp::executors::MultiThreadedExecutor::run(unsigned long)
[move_group-2] #17   Object "/opt/ros/jazzy/lib/librclcpp.so", at 0xf62e65c48e33, in rclcpp::Executor::execute_any_executable(rclcpp::AnyExecutable&)
[move_group-2] #16   Object "/opt/ros/jazzy/lib/librclcpp.so", at 0xf62e65c43ffb, in rclcpp::Executor::execute_service(std::shared_ptr<rclcpp::ServiceBase>)
[move_group-2] #15   Object "/opt/ros/jazzy/lib/librclcpp.so", at 0xf62e65d4c567, in 
[move_group-2] #14   Object "/opt/ros/jazzy/lib/libmoveit_move_group_default_capabilities.so.2.12.4", at 0xf62e319d55ff, in 
[move_group-2] #13   Object "/opt/ros/jazzy/lib/libmoveit_move_group_default_capabilities.so.2.12.4", at 0xf62e319d48bf, in move_group::ApplyPlanningSceneService::applyScene(std::shared_ptr<rmw_request_id_s> const&, std::shared_ptr<moveit_msgs::srv::ApplyPlanningScene_Request_<std::allocator<void> > > const&, std::shared_ptr<moveit_msgs::srv::ApplyPlanningScene_Response_<std::allocator<void> > > const&)
[move_group-2] #12   Object "/opt/ros/jazzy/lib/libmoveit_planning_scene_monitor.so.2.12.4", at 0xf62e65fc5003, in planning_scene_monitor::PlanningSceneMonitor::newPlanningSceneMessage(moveit_msgs::msg::PlanningScene_<std::allocator<void> > const&)
[move_group-2] #11   Object "/opt/ros/jazzy/lib/libmoveit_planning_scene.so.2.12.4", at 0xf62e651165c7, in planning_scene::PlanningScene::setPlanningSceneDiffMsg(moveit_msgs::msg::PlanningScene_<std::allocator<void> > const&)
[move_group-2] #10   Object "/opt/ros/jazzy/lib/libmoveit_planning_scene.so.2.12.4", at 0xf62e6511e12b, in planning_scene::PlanningScene::processCollisionObjectAdd(moveit_msgs::msg::CollisionObject_<std::allocator<void> > const&)
[move_group-2] #9    Object "/opt/ros/jazzy/lib/libmoveit_planning_scene.so.2.12.4", at 0xf62e6511cef7, in planning_scene::PlanningScene::shapesAndPosesFromCollisionObjectMessage(moveit_msgs::msg::CollisionObject_<std::allocator<void> > const&, Eigen::Transform<double, 3, 1, 0>&, std::vector<std::shared_ptr<shapes::Shape const>, std::allocator<std::shared_ptr<shapes::Shape const> > >&, std::vector<Eigen::Transform<double, 3, 1, 0>, Eigen::aligned_allocator<Eigen::Transform<double, 3, 1, 0> > >&)
[move_group-2] #8    Object "/opt/ros/jazzy/lib/libgeometric_shapes.so.2.3.4", at 0xf62e64e6c57f, in shapes::constructShapeFromMsg(shape_msgs::msg::SolidPrimitive_<std::allocator<void> > const&)
[move_group-2] #7    Object "/opt/ros/jazzy/lib/libgeometric_shapes.so.2.3.4", at 0xf62e64e720ff, in shapes::Box::Box(double, double, double)
[move_group-2] #6    Object "/usr/lib/aarch64-linux-gnu/libstdc++.so.6.0.33", at 0xf62e658da907, in __cxa_throw
[move_group-2] #5    Object "/usr/lib/aarch64-linux-gnu/libstdc++.so.6.0.33", at 0xf62e658d0e03, in std::terminate()
[move_group-2] #4    Object "/usr/lib/aarch64-linux-gnu/libstdc++.so.6.0.33", at 0xf62e658da56f, in 
[move_group-2] #3    Object "/usr/lib/aarch64-linux-gnu/libstdc++.so.6.0.33", at 0xf62e658dd4d7, in __gnu_cxx::__verbose_terminate_handler()
[move_group-2] #2    Object "/usr/lib/aarch64-linux-gnu/libc.so.6", at 0xf62e65657dff, in abort
[move_group-2] #1    Object "/usr/lib/aarch64-linux-gnu/libc.so.6", at 0xf62e6566cb3b, in raise
[move_group-2] #0    Object "/usr/lib/aarch64-linux-gnu/libc.so.6", at 0xf62e656b74d8, in 
[move_group-2] Aborted (Signal sent by tkill() 5311 0)
[ERROR] [move_group-2]: process has died [pid 5311, exit code -6, cmd '/opt/ros/jazzy/lib/moveit_ros_move_group/move_group --ros-args --params-file /tmp/launch_params_92utr06l --params-file /tmp/launch_params_w7psfgoj --params-file /tmp/launch_params_38ogrib6 -r /panda_hand_controller/gripper_action:=/franka_gripper/gripper_action'].
[INFO] [move_group-2]: process started with pid [5481]
[move_group-2] [INFO] [1789245486.962489432] [move_group.moveit.moveit.ros.rdf_loader]: Loaded robot model in 0 seconds
[move_group-2] [INFO] [1789245486.962594745] [move_group.moveit.moveit.core.robot_model]: Loading robot model 'panda'...
[move_group-2] [WARN] [1789245486.967788108] [kdl_parser]: The root link panda_link0 has an inertia specified in the URDF, but KDL does not support a root link with an inertia.  As a workaround, you can add an extra dummy link to your URDF.
[move_group-2] [INFO] [1789245486.967871372] [move_group.moveit.moveit.kinematics.kdl_kinematics_plugin]: Joint weights for group 'panda_arm': 1 1 1 1 1 1 1
[move_group-2] [INFO] [1789245486.988281846] [move_group.moveit.moveit.ros.planning_scene_monitor]: Publishing maintained planning scene on 'monitored_planning_scene'
[move_group-2] [INFO] [1789245486.988462998] [move_group.moveit.moveit.ros.moveit_cpp]: Listening to 'joint_states' for joint states
[move_group-2] [INFO] [1789245486.989262489] [move_group.moveit.moveit.ros.current_state_monitor]: Listening to joint states on topic 'joint_states'
[move_group-2] [INFO] [1789245486.989529050] [move_group.moveit.moveit.ros.planning_scene_monitor]: Listening to '/attached_collision_object' for attached collision objects
[move_group-2] [INFO] [1789245486.989551066] [move_group.moveit.moveit.ros.planning_scene_monitor]: Stopping existing planning scene publisher.
[move_group-2] [INFO] [1789245486.989672187] [move_group.moveit.moveit.ros.planning_scene_monitor]: Stopped publishing maintained planning scene.
[move_group-2] [INFO] [1789245486.989966972] [move_group.moveit.moveit.ros.planning_scene_monitor]: Publishing maintained planning scene on 'monitored_planning_scene'
[move_group-2] [INFO] [1789245486.990082076] [move_group.moveit.moveit.ros.planning_scene_monitor]: Starting planning scene monitor
[move_group-2] [INFO] [1789245486.990531230] [move_group.moveit.moveit.ros.planning_scene_monitor]: Listening to '/planning_scene'
[move_group-2] [INFO] [1789245486.990551582] [move_group.moveit.moveit.ros.planning_scene_monitor]: Starting world geometry update monitor for collision objects, attached objects, octomap updates.
[move_group-2] [INFO] [1789245486.990781791] [move_group.moveit.moveit.ros.planning_scene_monitor]: Listening to 'collision_object'
[move_group-2] [INFO] [1789245486.991016511] [move_group.moveit.moveit.ros.planning_scene_monitor]: Listening to 'planning_scene_world' for planning scene world geometry
[move_group-2] [WARN] [1789245486.991149312] [move_group.moveit.moveit.ros.occupancy_map_monitor]: Resolution not specified for Octomap. Assuming resolution = 0.1 instead
[move_group-2] [ERROR] [1789245486.991170016] [move_group.moveit.moveit.ros.occupancy_map_monitor]: No 3D sensor plugin(s) defined for octomap updates
[move_group-2] [INFO] [1789245486.995264239] [move_group.moveit.moveit.ros.planning_pipeline]: Successfully loaded planner 'CHOMP'
[move_group-2] [INFO] [1789245486.995922225] [move_group]: Try loading adapter 'default_planning_request_adapters/ResolveConstraintFrames'
[move_group-2] [INFO] [1789245486.996442771] [move_group]: Loaded adapter 'default_planning_request_adapters/ResolveConstraintFrames'
[move_group-2] [INFO] [1789245486.996466099] [move_group]: Try loading adapter 'default_planning_request_adapters/ValidateWorkspaceBounds'
[move_group-2] [INFO] [1789245486.996583604] [move_group]: Loaded adapter 'default_planning_request_adapters/ValidateWorkspaceBounds'
[move_group-2] [INFO] [1789245486.996596468] [move_group]: Try loading adapter 'default_planning_request_adapters/CheckStartStateBounds'
[move_group-2] [INFO] [1789245486.996617108] [move_group]: Loaded adapter 'default_planning_request_adapters/CheckStartStateBounds'
[move_group-2] [INFO] [1789245486.996622836] [move_group]: Try loading adapter 'default_planning_request_adapters/CheckStartStateCollision'
[move_group-2] [INFO] [1789245486.996638164] [move_group]: Loaded adapter 'default_planning_request_adapters/CheckStartStateCollision'
[move_group-2] [INFO] [1789245486.997259222] [move_group]: Try loading adapter 'default_planning_response_adapters/AddTimeOptimalParameterization'
[move_group-2] [INFO] [1789245486.998547707] [move_group]: Loaded adapter 'default_planning_response_adapters/AddTimeOptimalParameterization'
[move_group-2] [INFO] [1789245487.008394462] [move_group.moveit.moveit.ros.planning_pipeline]: Successfully loaded planner 'OMPL'
[move_group-2] [INFO] [1789245487.009117025] [move_group]: Try loading adapter 'default_planning_request_adapters/ResolveConstraintFrames'
[move_group-2] [INFO] [1789245487.009199457] [move_group]: Loaded adapter 'default_planning_request_adapters/ResolveConstraintFrames'
[move_group-2] [INFO] [1789245487.009210241] [move_group]: Try loading adapter 'default_planning_request_adapters/ValidateWorkspaceBounds'
[move_group-2] [INFO] [1789245487.009327042] [move_group]: Loaded adapter 'default_planning_request_adapters/ValidateWorkspaceBounds'
[move_group-2] [INFO] [1789245487.009340642] [move_group]: Try loading adapter 'default_planning_request_adapters/CheckStartStateBounds'
[move_group-2] [INFO] [1789245487.009360162] [move_group]: Loaded adapter 'default_planning_request_adapters/CheckStartStateBounds'
[move_group-2] [INFO] [1789245487.009366786] [move_group]: Try loading adapter 'default_planning_request_adapters/CheckStartStateCollision'
[move_group-2] [INFO] [1789245487.009379362] [move_group]: Loaded adapter 'default_planning_request_adapters/CheckStartStateCollision'
[move_group-2] [INFO] [1789245487.009971844] [move_group]: Try loading adapter 'default_planning_response_adapters/AddTimeOptimalParameterization'
[move_group-2] [INFO] [1789245487.010213925] [move_group]: Loaded adapter 'default_planning_response_adapters/AddTimeOptimalParameterization'
[move_group-2] [INFO] [1789245487.010231333] [move_group]: Try loading adapter 'default_planning_response_adapters/ValidateSolution'
[move_group-2] [INFO] [1789245487.011628298] [move_group]: Loaded adapter 'default_planning_response_adapters/ValidateSolution'
[move_group-2] [INFO] [1789245487.011652426] [move_group]: Try loading adapter 'default_planning_response_adapters/DisplayMotionPath'
[move_group-2] [INFO] [1789245487.012002795] [move_group]: Loaded adapter 'default_planning_response_adapters/DisplayMotionPath'
[move_group-2] [INFO] [1789245487.013702545] [move_group.moveit.moveit.planners.pilz.joint_limits_aggregator]: Reading limits from namespace robot_description_planning
[move_group-2] [WARN] [1789245487.014278131] [move_group.moveit.moveit.planners.pilz.joint_limits_aggregator]: Multi-DOF-Joint 'virtual_joint' not supported.
[move_group-2] [WARN] [1789245487.014310196] [move_group.moveit.moveit.planners.pilz.joint_limits_aggregator]: Multi-DOF-Joint 'virtual_joint' not supported.
[move_group-2] [INFO] [1789245487.016928989] [move_group.moveit.moveit.planners.pilz.command_planner]: Available plugins: pilz_industrial_motion_planner/PlanningContextLoaderCIRC pilz_industrial_motion_planner/PlanningContextLoaderLIN pilz_industrial_motion_planner/PlanningContextLoaderPTP 
[move_group-2] [INFO] [1789245487.016960573] [move_group.moveit.moveit.planners.pilz.command_planner]: About to load: pilz_industrial_motion_planner/PlanningContextLoaderCIRC
[move_group-2] [INFO] [1789245487.017783008] [move_group.moveit.moveit.planners.pilz.command_planner]: Registered Algorithm [CIRC]
[move_group-2] [INFO] [1789245487.017814944] [move_group.moveit.moveit.planners.pilz.command_planner]: About to load: pilz_industrial_motion_planner/PlanningContextLoaderLIN
[move_group-2] [INFO] [1789245487.018377538] [move_group.moveit.moveit.planners.pilz.command_planner]: Registered Algorithm [LIN]
[move_group-2] [INFO] [1789245487.018407458] [move_group.moveit.moveit.planners.pilz.command_planner]: About to load: pilz_industrial_motion_planner/PlanningContextLoaderPTP
[move_group-2] [INFO] [1789245487.018906884] [move_group.moveit.moveit.planners.pilz.command_planner]: Registered Algorithm [PTP]
[move_group-2] [INFO] [1789245487.018936644] [move_group.moveit.moveit.ros.planning_pipeline]: Successfully loaded planner 'Pilz Industrial Motion Planner'
[move_group-2] [INFO] [1789245487.019587495] [move_group]: Try loading adapter 'default_planning_request_adapters/ValidateWorkspaceBounds'
[move_group-2] [INFO] [1789245487.019790599] [move_group]: Loaded adapter 'default_planning_request_adapters/ValidateWorkspaceBounds'
[move_group-2] [INFO] [1789245487.019807399] [move_group]: Try loading adapter 'default_planning_request_adapters/CheckStartStateBounds'
[move_group-2] [INFO] [1789245487.019829639] [move_group]: Loaded adapter 'default_planning_request_adapters/CheckStartStateBounds'
[move_group-2] [INFO] [1789245487.019836455] [move_group]: Try loading adapter 'default_planning_request_adapters/CheckStartStateCollision'
[move_group-2] [INFO] [1789245487.019849799] [move_group]: Loaded adapter 'default_planning_request_adapters/CheckStartStateCollision'
[move_group-2] [WARN] [1789245487.019854983] [move_group.moveit.moveit.ros.planning_pipeline]: No planning response adapter names specified.
[move_group-2] [INFO] [1789245487.021726414] [move_group.moveit.moveit.ros.planning_pipeline]: Successfully loaded planner 'STOMP'
[move_group-2] [INFO] [1789245487.022354033] [move_group]: Try loading adapter 'default_planning_request_adapters/ResolveConstraintFrames'
[move_group-2] [INFO] [1789245487.022430513] [move_group]: Loaded adapter 'default_planning_request_adapters/ResolveConstraintFrames'
[move_group-2] [INFO] [1789245487.022441393] [move_group]: Try loading adapter 'default_planning_request_adapters/ValidateWorkspaceBounds'
[move_group-2] [INFO] [1789245487.022577745] [move_group]: Loaded adapter 'default_planning_request_adapters/ValidateWorkspaceBounds'
[move_group-2] [INFO] [1789245487.022596209] [move_group]: Try loading adapter 'default_planning_request_adapters/CheckStartStateBounds'
[move_group-2] [INFO] [1789245487.022617105] [move_group]: Loaded adapter 'default_planning_request_adapters/CheckStartStateBounds'
[move_group-2] [INFO] [1789245487.022622897] [move_group]: Try loading adapter 'default_planning_request_adapters/CheckStartStateCollision'
[move_group-2] [INFO] [1789245487.022634514] [move_group]: Loaded adapter 'default_planning_request_adapters/CheckStartStateCollision'
[move_group-2] [INFO] [1789245487.023232724] [move_group]: Try loading adapter 'default_planning_response_adapters/AddTimeOptimalParameterization'
[move_group-2] [INFO] [1789245487.023529589] [move_group]: Loaded adapter 'default_planning_response_adapters/AddTimeOptimalParameterization'
[move_group-2] [INFO] [1789245487.023547701] [move_group]: Try loading adapter 'default_planning_response_adapters/ValidateSolution'
[move_group-2] [INFO] [1789245487.023755446] [move_group]: Loaded adapter 'default_planning_response_adapters/ValidateSolution'
[move_group-2] [INFO] [1789245487.023773750] [move_group]: Try loading adapter 'default_planning_response_adapters/DisplayMotionPath'
[move_group-2] [INFO] [1789245487.023949494] [move_group]: Loaded adapter 'default_planning_response_adapters/DisplayMotionPath'
[move_group-2] [INFO] [1789245487.052544445] [move_group.moveit.moveit.plugins.simple_controller_manager]: Added FollowJointTrajectory controller for panda_arm_controller
[move_group-2] [INFO] [1789245487.052598910] [move_group.moveit.moveit.plugins.simple_controller_manager]: panda_hand_controller will command a max effort of: 0
[move_group-2] [ERROR] [1789245487.053908130] [move_group.moveit.moveit.plugins.simple_controller_manager]: Parallel Gripper requires exactly two joints, 1 are specified
[move_group-2] [INFO] [1789245487.055821513] [move_group.moveit.moveit.plugins.simple_controller_manager]: Returned 1 controllers in list
[move_group-2] [INFO] [1789245487.055861289] [move_group.moveit.moveit.plugins.simple_controller_manager]: Returned 1 controllers in list
[move_group-2] [INFO] [1789245487.056250091] [move_group.moveit.moveit.ros.trajectory_execution_manager]: Trajectory execution is managing controllers
[move_group-2] [INFO] [1789245487.056277099] [move_group]: MoveGroup debug mode is ON
[move_group-2] [INFO] [1789245487.067433011] [move_group.moveit.moveit.planners.pilz.move_group_sequence_action]: initialize move group sequence action
[move_group-2] [INFO] [1789245487.069018073] [move_group.moveit.moveit.planners.pilz.joint_limits_aggregator]: Reading limits from namespace robot_description_planning
[move_group-2] [WARN] [1789245487.069075577] [move_group.moveit.moveit.planners.pilz.joint_limits_aggregator]: Multi-DOF-Joint 'virtual_joint' not supported.
[move_group-2] [WARN] [1789245487.069095609] [move_group.moveit.moveit.planners.pilz.joint_limits_aggregator]: Multi-DOF-Joint 'virtual_joint' not supported.
[move_group-2] [INFO] [1789245487.069235802] [move_group.moveit.moveit.planners.pilz.joint_limits_aggregator]: Reading limits from namespace robot_description_planning
[move_group-2] [WARN] [1789245487.069267002] [move_group.moveit.moveit.planners.pilz.joint_limits_aggregator]: Multi-DOF-Joint 'virtual_joint' not supported.
[move_group-2] [WARN] [1789245487.069282170] [move_group.moveit.moveit.planners.pilz.joint_limits_aggregator]: Multi-DOF-Joint 'virtual_joint' not supported.
[move_group-2] [INFO] [1789245487.069761788] [move_group.moveit.moveit.ros.move_group.executable]: 
[move_group-2] 
[move_group-2] ********************************************************
[move_group-2] * MoveGroup using: 
[move_group-2] *     - apply_planning_scene_service
[move_group-2] *     - clear_octomap_service
[move_group-2] *     - get_group_urdf
[move_group-2] *     - load_geometry_from_file
[move_group-2] *     - CartesianPathService
[move_group-2] *     - execute_trajectory_action
[move_group-2] *     - get_planning_scene_service
[move_group-2] *     - kinematics_service
[move_group-2] *     - move_action
[move_group-2] *     - motion_plan_service
[move_group-2] *     - query_planners_service
[move_group-2] *     - state_validation_service
[move_group-2] *     - save_geometry_to_file
[move_group-2] *     - SequenceAction
[move_group-2] *     - SequenceService
[move_group-2] ********************************************************
[move_group-2] 
[move_group-2] [INFO] [1789245487.069811068] [move_group.moveit.moveit.ros.move_group.context]: MoveGroup context using pipeline ompl
[move_group-2] [INFO] [1789245487.069824092] [move_group.moveit.moveit.ros.move_group.context]: MoveGroup context initialization complete
[move_group-2] [WARN] [1789245487.555662421] [move_group.moveit.moveit.ros.current_state_monitor]: Unable to update multi-DOF joint 'virtual_joint':Failure to lookup transform between 'world'and 'panda_link0' with TF exception: "world" passed to lookupTransform argument target_frame does not exist. 
[move_group-2] [WARN] [1789245490.284938161] [move_group.moveit.moveit.ros.planning_scene_monitor]: The complete state of the robot is not yet known.  Missing virtual_joint
[move_group-2] terminate called after throwing an instance of 'std::runtime_error'
[move_group-2]   what():  Box dimensions must be non-negative.
[move_group-2] Stack trace (most recent call last) in thread 5606:
[move_group-2] #22   Object "/usr/lib/aarch64-linux-gnu/ld-linux-aarch64.so.1", at 0xffffffffffffffff, in 
[move_group-2] #21   Object "/usr/lib/aarch64-linux-gnu/libc.so.6", at 0xe721301fba0b, in 
[move_group-2] #20   Object "/usr/lib/aarch64-linux-gnu/libc.so.6", at 0xe7213019582b, in 
[move_group-2] #19   Object "/usr/lib/aarch64-linux-gnu/libstdc++.so.6.0.33", at 0xe721303f1adf, in 
[move_group-2] #18   Object "/opt/ros/jazzy/lib/librclcpp.so", at 0xe7213075c21b, in rclcpp::executors::MultiThreadedExecutor::run(unsigned long)
[move_group-2] #17   Object "/opt/ros/jazzy/lib/librclcpp.so", at 0xe72130728e33, in rclcpp::Executor::execute_any_executable(rclcpp::AnyExecutable&)
[move_group-2] #16   Object "/opt/ros/jazzy/lib/librclcpp.so", at 0xe72130723ffb, in rclcpp::Executor::execute_service(std::shared_ptr<rclcpp::ServiceBase>)
[move_group-2] #15   Object "/opt/ros/jazzy/lib/librclcpp.so", at 0xe7213082c567, in 
[move_group-2] #14   Object "/opt/ros/jazzy/lib/libmoveit_move_group_default_capabilities.so.2.12.4", at 0xe721044155ff, in 
[move_group-2] #13   Object "/opt/ros/jazzy/lib/libmoveit_move_group_default_capabilities.so.2.12.4", at 0xe721044148bf, in move_group::ApplyPlanningSceneService::applyScene(std::shared_ptr<rmw_request_id_s> const&, std::shared_ptr<moveit_msgs::srv::ApplyPlanningScene_Request_<std::allocator<void> > > const&, std::shared_ptr<moveit_msgs::srv::ApplyPlanningScene_Response_<std::allocator<void> > > const&)
[move_group-2] #12   Object "/opt/ros/jazzy/lib/libmoveit_planning_scene_monitor.so.2.12.4", at 0xe72130aa5003, in planning_scene_monitor::PlanningSceneMonitor::newPlanningSceneMessage(moveit_msgs::msg::PlanningScene_<std::allocator<void> > const&)
[move_group-2] #11   Object "/opt/ros/jazzy/lib/libmoveit_planning_scene.so.2.12.4", at 0xe7212fbf65c7, in planning_scene::PlanningScene::setPlanningSceneDiffMsg(moveit_msgs::msg::PlanningScene_<std::allocator<void> > const&)
[move_group-2] #10   Object "/opt/ros/jazzy/lib/libmoveit_planning_scene.so.2.12.4", at 0xe7212fbfe12b, in planning_scene::PlanningScene::processCollisionObjectAdd(moveit_msgs::msg::CollisionObject_<std::allocator<void> > const&)
[move_group-2] #9    Object "/opt/ros/jazzy/lib/libmoveit_planning_scene.so.2.12.4", at 0xe7212fbfcef7, in planning_scene::PlanningScene::shapesAndPosesFromCollisionObjectMessage(moveit_msgs::msg::CollisionObject_<std::allocator<void> > const&, Eigen::Transform<double, 3, 1, 0>&, std::vector<std::shared_ptr<shapes::Shape const>, std::allocator<std::shared_ptr<shapes::Shape const> > >&, std::vector<Eigen::Transform<double, 3, 1, 0>, Eigen::aligned_allocator<Eigen::Transform<double, 3, 1, 0> > >&)
[move_group-2] #8    Object "/opt/ros/jazzy/lib/libgeometric_shapes.so.2.3.4", at 0xe7212f94c57f, in shapes::constructShapeFromMsg(shape_msgs::msg::SolidPrimitive_<std::allocator<void> > const&)
[move_group-2] #7    Object "/opt/ros/jazzy/lib/libgeometric_shapes.so.2.3.4", at 0xe7212f9520ff, in shapes::Box::Box(double, double, double)
[move_group-2] #6    Object "/usr/lib/aarch64-linux-gnu/libstdc++.so.6.0.33", at 0xe721303ba907, in __cxa_throw
[move_group-2] #5    Object "/usr/lib/aarch64-linux-gnu/libstdc++.so.6.0.33", at 0xe721303b0e03, in std::terminate()
[move_group-2] #4    Object "/usr/lib/aarch64-linux-gnu/libstdc++.so.6.0.33", at 0xe721303ba56f, in 
[move_group-2] #3    Object "/usr/lib/aarch64-linux-gnu/libstdc++.so.6.0.33", at 0xe721303bd4d7, in __gnu_cxx::__verbose_terminate_handler()
[move_group-2] #2    Object "/usr/lib/aarch64-linux-gnu/libc.so.6", at 0xe72130137dff, in abort
[move_group-2] #1    Object "/usr/lib/aarch64-linux-gnu/libc.so.6", at 0xe7213014cb3b, in raise
[move_group-2] #0    Object "/usr/lib/aarch64-linux-gnu/libc.so.6", at 0xe721301974d8, in 
[move_group-2] Aborted (Signal sent by tkill() 5481 0)
[ERROR] [move_group-2]: process has died [pid 5481, exit code -6, cmd '/opt/ros/jazzy/lib/moveit_ros_move_group/move_group --ros-args --params-file /tmp/launch_params_92utr06l --params-file /tmp/launch_params_w7psfgoj --params-file /tmp/launch_params_38ogrib6 -r /panda_hand_controller/gripper_action:=/franka_gripper/gripper_action'].
[INFO] [move_group-2]: process started with pid [5651]
[move_group-2] [INFO] [1789245576.389625748] [move_group.moveit.moveit.ros.rdf_loader]: Loaded robot model in 0 seconds
[move_group-2] [INFO] [1789245576.389748052] [move_group.moveit.moveit.core.robot_model]: Loading robot model 'panda'...
[move_group-2] [WARN] [1789245576.395092935] [kdl_parser]: The root link panda_link0 has an inertia specified in the URDF, but KDL does not support a root link with an inertia.  As a workaround, you can add an extra dummy link to your URDF.
[move_group-2] [INFO] [1789245576.395181064] [move_group.moveit.moveit.kinematics.kdl_kinematics_plugin]: Joint weights for group 'panda_arm': 1 1 1 1 1 1 1
[move_group-2] [INFO] [1789245576.417838714] [move_group.moveit.moveit.ros.planning_scene_monitor]: Publishing maintained planning scene on 'monitored_planning_scene'
[move_group-2] [INFO] [1789245576.418036474] [move_group.moveit.moveit.ros.moveit_cpp]: Listening to 'joint_states' for joint states
[move_group-2] [INFO] [1789245576.419122814] [move_group.moveit.moveit.ros.current_state_monitor]: Listening to joint states on topic 'joint_states'
[move_group-2] [INFO] [1789245576.419491872] [move_group.moveit.moveit.ros.planning_scene_monitor]: Listening to '/attached_collision_object' for attached collision objects
[move_group-2] [INFO] [1789245576.419513984] [move_group.moveit.moveit.ros.planning_scene_monitor]: Stopping existing planning scene publisher.
[move_group-2] [INFO] [1789245576.419644704] [move_group.moveit.moveit.ros.planning_scene_monitor]: Stopped publishing maintained planning scene.
[move_group-2] [INFO] [1789245576.420015329] [move_group.moveit.moveit.ros.planning_scene_monitor]: Publishing maintained planning scene on 'monitored_planning_scene'
[move_group-2] [INFO] [1789245576.420130498] [move_group.moveit.moveit.ros.planning_scene_monitor]: Starting planning scene monitor
[move_group-2] [INFO] [1789245576.420761188] [move_group.moveit.moveit.ros.planning_scene_monitor]: Listening to '/planning_scene'
[move_group-2] [INFO] [1789245576.420782404] [move_group.moveit.moveit.ros.planning_scene_monitor]: Starting world geometry update monitor for collision objects, attached objects, octomap updates.
[move_group-2] [INFO] [1789245576.421094149] [move_group.moveit.moveit.ros.planning_scene_monitor]: Listening to 'collision_object'
[move_group-2] [INFO] [1789245576.421398470] [move_group.moveit.moveit.ros.planning_scene_monitor]: Listening to 'planning_scene_world' for planning scene world geometry
[move_group-2] [WARN] [1789245576.421532359] [move_group.moveit.moveit.ros.occupancy_map_monitor]: Resolution not specified for Octomap. Assuming resolution = 0.1 instead
[move_group-2] [ERROR] [1789245576.421552391] [move_group.moveit.moveit.ros.occupancy_map_monitor]: No 3D sensor plugin(s) defined for octomap updates
[move_group-2] [INFO] [1789245576.426089079] [move_group.moveit.moveit.ros.planning_pipeline]: Successfully loaded planner 'CHOMP'
[move_group-2] [INFO] [1789245576.426768602] [move_group]: Try loading adapter 'default_planning_request_adapters/ResolveConstraintFrames'
[move_group-2] [INFO] [1789245576.427306524] [move_group]: Loaded adapter 'default_planning_request_adapters/ResolveConstraintFrames'
[move_group-2] [INFO] [1789245576.427330460] [move_group]: Try loading adapter 'default_planning_request_adapters/ValidateWorkspaceBounds'
[move_group-2] [INFO] [1789245576.427488444] [move_group]: Loaded adapter 'default_planning_request_adapters/ValidateWorkspaceBounds'
[move_group-2] [INFO] [1789245576.427501564] [move_group]: Try loading adapter 'default_planning_request_adapters/CheckStartStateBounds'
[move_group-2] [INFO] [1789245576.427522876] [move_group]: Loaded adapter 'default_planning_request_adapters/CheckStartStateBounds'
[move_group-2] [INFO] [1789245576.427529148] [move_group]: Try loading adapter 'default_planning_request_adapters/CheckStartStateCollision'
[move_group-2] [INFO] [1789245576.427544349] [move_group]: Loaded adapter 'default_planning_request_adapters/CheckStartStateCollision'
[move_group-2] [INFO] [1789245576.428180991] [move_group]: Try loading adapter 'default_planning_response_adapters/AddTimeOptimalParameterization'
[move_group-2] [INFO] [1789245576.429499908] [move_group]: Loaded adapter 'default_planning_response_adapters/AddTimeOptimalParameterization'
[move_group-2] [INFO] [1789245576.439372647] [move_group.moveit.moveit.ros.planning_pipeline]: Successfully loaded planner 'OMPL'
[move_group-2] [INFO] [1789245576.440098186] [move_group]: Try loading adapter 'default_planning_request_adapters/ResolveConstraintFrames'
[move_group-2] [INFO] [1789245576.440181706] [move_group]: Loaded adapter 'default_planning_request_adapters/ResolveConstraintFrames'
[move_group-2] [INFO] [1789245576.440192842] [move_group]: Try loading adapter 'default_planning_request_adapters/ValidateWorkspaceBounds'
[move_group-2] [INFO] [1789245576.440317227] [move_group]: Loaded adapter 'default_planning_request_adapters/ValidateWorkspaceBounds'
[move_group-2] [INFO] [1789245576.440329611] [move_group]: Try loading adapter 'default_planning_request_adapters/CheckStartStateBounds'
[move_group-2] [INFO] [1789245576.440349515] [move_group]: Loaded adapter 'default_planning_request_adapters/CheckStartStateBounds'
[move_group-2] [INFO] [1789245576.440354667] [move_group]: Try loading adapter 'default_planning_request_adapters/CheckStartStateCollision'
[move_group-2] [INFO] [1789245576.440366219] [move_group]: Loaded adapter 'default_planning_request_adapters/CheckStartStateCollision'
[move_group-2] [INFO] [1789245576.440988621] [move_group]: Try loading adapter 'default_planning_response_adapters/AddTimeOptimalParameterization'
[move_group-2] [INFO] [1789245576.441237134] [move_group]: Loaded adapter 'default_planning_response_adapters/AddTimeOptimalParameterization'
[move_group-2] [INFO] [1789245576.441253166] [move_group]: Try loading adapter 'default_planning_response_adapters/ValidateSolution'
[move_group-2] [INFO] [1789245576.442767700] [move_group]: Loaded adapter 'default_planning_response_adapters/ValidateSolution'
[move_group-2] [INFO] [1789245576.442791508] [move_group]: Try loading adapter 'default_planning_response_adapters/DisplayMotionPath'
[move_group-2] [INFO] [1789245576.443196149] [move_group]: Loaded adapter 'default_planning_response_adapters/DisplayMotionPath'
[move_group-2] [INFO] [1789245576.444920667] [move_group.moveit.moveit.planners.pilz.joint_limits_aggregator]: Reading limits from namespace robot_description_planning
[move_group-2] [WARN] [1789245576.445486397] [move_group.moveit.moveit.planners.pilz.joint_limits_aggregator]: Multi-DOF-Joint 'virtual_joint' not supported.
[move_group-2] [WARN] [1789245576.445517085] [move_group.moveit.moveit.planners.pilz.joint_limits_aggregator]: Multi-DOF-Joint 'virtual_joint' not supported.
[move_group-2] [INFO] [1789245576.448284519] [move_group.moveit.moveit.planners.pilz.command_planner]: Available plugins: pilz_industrial_motion_planner/PlanningContextLoaderCIRC pilz_industrial_motion_planner/PlanningContextLoaderLIN pilz_industrial_motion_planner/PlanningContextLoaderPTP 
[move_group-2] [INFO] [1789245576.448319208] [move_group.moveit.moveit.planners.pilz.command_planner]: About to load: pilz_industrial_motion_planner/PlanningContextLoaderCIRC
[move_group-2] [INFO] [1789245576.449156715] [move_group.moveit.moveit.planners.pilz.command_planner]: Registered Algorithm [CIRC]
[move_group-2] [INFO] [1789245576.449188811] [move_group.moveit.moveit.planners.pilz.command_planner]: About to load: pilz_industrial_motion_planner/PlanningContextLoaderLIN
[move_group-2] [INFO] [1789245576.449747597] [move_group.moveit.moveit.planners.pilz.command_planner]: Registered Algorithm [LIN]
[move_group-2] [INFO] [1789245576.449779053] [move_group.moveit.moveit.planners.pilz.command_planner]: About to load: pilz_industrial_motion_planner/PlanningContextLoaderPTP
[move_group-2] [INFO] [1789245576.450319823] [move_group.moveit.moveit.planners.pilz.command_planner]: Registered Algorithm [PTP]
[move_group-2] [INFO] [1789245576.450349743] [move_group.moveit.moveit.ros.planning_pipeline]: Successfully loaded planner 'Pilz Industrial Motion Planner'
[move_group-2] [INFO] [1789245576.451003249] [move_group]: Try loading adapter 'default_planning_request_adapters/ValidateWorkspaceBounds'
[move_group-2] [INFO] [1789245576.451213554] [move_group]: Loaded adapter 'default_planning_request_adapters/ValidateWorkspaceBounds'
[move_group-2] [INFO] [1789245576.451230098] [move_group]: Try loading adapter 'default_planning_request_adapters/CheckStartStateBounds'
[move_group-2] [INFO] [1789245576.451251634] [move_group]: Loaded adapter 'default_planning_request_adapters/CheckStartStateBounds'
[move_group-2] [INFO] [1789245576.451257842] [move_group]: Try loading adapter 'default_planning_request_adapters/CheckStartStateCollision'
[move_group-2] [INFO] [1789245576.451269810] [move_group]: Loaded adapter 'default_planning_request_adapters/CheckStartStateCollision'
[move_group-2] [WARN] [1789245576.451274450] [move_group.moveit.moveit.ros.planning_pipeline]: No planning response adapter names specified.
[move_group-2] [INFO] [1789245576.453323962] [move_group.moveit.moveit.ros.planning_pipeline]: Successfully loaded planner 'STOMP'
[move_group-2] [INFO] [1789245576.453957244] [move_group]: Try loading adapter 'default_planning_request_adapters/ResolveConstraintFrames'
[move_group-2] [INFO] [1789245576.454028124] [move_group]: Loaded adapter 'default_planning_request_adapters/ResolveConstraintFrames'
[move_group-2] [INFO] [1789245576.454037884] [move_group]: Try loading adapter 'default_planning_request_adapters/ValidateWorkspaceBounds'
[move_group-2] [INFO] [1789245576.454186397] [move_group]: Loaded adapter 'default_planning_request_adapters/ValidateWorkspaceBounds'
[move_group-2] [INFO] [1789245576.454201629] [move_group]: Try loading adapter 'default_planning_request_adapters/CheckStartStateBounds'
[move_group-2] [INFO] [1789245576.454221437] [move_group]: Loaded adapter 'default_planning_request_adapters/CheckStartStateBounds'
[move_group-2] [INFO] [1789245576.454227741] [move_group]: Try loading adapter 'default_planning_request_adapters/CheckStartStateCollision'
[move_group-2] [INFO] [1789245576.454239421] [move_group]: Loaded adapter 'default_planning_request_adapters/CheckStartStateCollision'
[move_group-2] [INFO] [1789245576.454843775] [move_group]: Try loading adapter 'default_planning_response_adapters/AddTimeOptimalParameterization'
[move_group-2] [INFO] [1789245576.455153344] [move_group]: Loaded adapter 'default_planning_response_adapters/AddTimeOptimalParameterization'
[move_group-2] [INFO] [1789245576.455171040] [move_group]: Try loading adapter 'default_planning_response_adapters/ValidateSolution'
[move_group-2] [INFO] [1789245576.455433825] [move_group]: Loaded adapter 'default_planning_response_adapters/ValidateSolution'
[move_group-2] [INFO] [1789245576.455449569] [move_group]: Try loading adapter 'default_planning_response_adapters/DisplayMotionPath'
[move_group-2] [INFO] [1789245576.455684866] [move_group]: Loaded adapter 'default_planning_response_adapters/DisplayMotionPath'
[move_group-2] [INFO] [1789245576.487085012] [move_group.moveit.moveit.plugins.simple_controller_manager]: Added FollowJointTrajectory controller for panda_arm_controller
[move_group-2] [INFO] [1789245576.487145812] [move_group.moveit.moveit.plugins.simple_controller_manager]: panda_hand_controller will command a max effort of: 0
[move_group-2] [ERROR] [1789245576.489256795] [move_group.moveit.moveit.plugins.simple_controller_manager]: Parallel Gripper requires exactly two joints, 1 are specified
[move_group-2] [INFO] [1789245576.491761892] [move_group.moveit.moveit.plugins.simple_controller_manager]: Returned 1 controllers in list
[move_group-2] [INFO] [1789245576.491801700] [move_group.moveit.moveit.plugins.simple_controller_manager]: Returned 1 controllers in list
[move_group-2] [INFO] [1789245576.492315366] [move_group.moveit.moveit.ros.trajectory_execution_manager]: Trajectory execution is managing controllers
[move_group-2] [INFO] [1789245576.492345190] [move_group]: MoveGroup debug mode is ON
[move_group-2] [INFO] [1789245576.506946363] [move_group.moveit.moveit.planners.pilz.move_group_sequence_action]: initialize move group sequence action
[move_group-2] [INFO] [1789245576.509133763] [move_group.moveit.moveit.planners.pilz.joint_limits_aggregator]: Reading limits from namespace robot_description_planning
[move_group-2] [WARN] [1789245576.509187587] [move_group.moveit.moveit.planners.pilz.joint_limits_aggregator]: Multi-DOF-Joint 'virtual_joint' not supported.
[move_group-2] [WARN] [1789245576.509205539] [move_group.moveit.moveit.planners.pilz.joint_limits_aggregator]: Multi-DOF-Joint 'virtual_joint' not supported.
[move_group-2] [INFO] [1789245576.509357252] [move_group.moveit.moveit.planners.pilz.joint_limits_aggregator]: Reading limits from namespace robot_description_planning
[move_group-2] [WARN] [1789245576.509381252] [move_group.moveit.moveit.planners.pilz.joint_limits_aggregator]: Multi-DOF-Joint 'virtual_joint' not supported.
[move_group-2] [WARN] [1789245576.509395268] [move_group.moveit.moveit.planners.pilz.joint_limits_aggregator]: Multi-DOF-Joint 'virtual_joint' not supported.
[move_group-2] [INFO] [1789245576.510031622] [move_group.moveit.moveit.ros.move_group.executable]: 
[move_group-2] 
[move_group-2] ********************************************************
[move_group-2] * MoveGroup using: 
[move_group-2] *     - apply_planning_scene_service
[move_group-2] *     - clear_octomap_service
[move_group-2] *     - get_group_urdf
[move_group-2] *     - load_geometry_from_file
[move_group-2] *     - CartesianPathService
[move_group-2] *     - execute_trajectory_action
[move_group-2] *     - get_planning_scene_service
[move_group-2] *     - kinematics_service
[move_group-2] *     - move_action
[move_group-2] *     - motion_plan_service
[move_group-2] *     - query_planners_service
[move_group-2] *     - state_validation_service
[move_group-2] *     - save_geometry_to_file
[move_group-2] *     - SequenceAction
[move_group-2] *     - SequenceService
[move_group-2] ********************************************************
[move_group-2] 
[move_group-2] [INFO] [1789245576.510098023] [move_group.moveit.moveit.ros.move_group.context]: MoveGroup context using pipeline ompl
[move_group-2] [INFO] [1789245576.510111015] [move_group.moveit.moveit.ros.move_group.context]: MoveGroup context initialization complete
[move_group-2] [WARN] [1789245576.784872102] [move_group.moveit.moveit.ros.planning_scene_monitor]: The complete state of the robot is not yet known.  Missing virtual_joint
[move_group-2] [INFO] [1789245688.285933497] [move_group.moveit.moveit.ros.move_group.cartesian_path_service_capability]: Received request to compute Cartesian path
[move_group-2] [INFO] [1789245688.286109402] [move_group.moveit.moveit.ros.move_group.cartesian_path_service_capability]: Attempting to follow 1 waypoints for link 'panda_hand' using a step of 0.005000 m and jump threshold 0.000000 (in global reference frame)
[move_group-2] [INFO] [1789245688.288712579] [move_group.moveit.moveit.ros.move_group.cartesian_path_service_capability]: Computed Cartesian path with 29 points (followed 100.000000% of requested trajectory)
[move_group-2] [INFO] [1789245701.786353074] [move_group.moveit.moveit.ros.move_group.cartesian_path_service_capability]: Received request to compute Cartesian path
[move_group-2] [INFO] [1789245701.786494578] [move_group.moveit.moveit.ros.move_group.cartesian_path_service_capability]: Attempting to follow 1 waypoints for link 'panda_hand' using a step of 0.005000 m and jump threshold 0.000000 (in global reference frame)
[move_group-2] [INFO] [1789245701.787945271] [move_group.moveit.moveit.ros.move_group.cartesian_path_service_capability]: Computed Cartesian path with 18 points (followed 100.000000% of requested trajectory)
[move_group-2] [INFO] [1789245709.786143644] [move_group.moveit.moveit.ros.move_group.cartesian_path_service_capability]: Received request to compute Cartesian path
[move_group-2] [INFO] [1789245709.786284605] [move_group.moveit.moveit.ros.move_group.cartesian_path_service_capability]: Attempting to follow 1 waypoints for link 'panda_hand' using a step of 0.005000 m and jump threshold 0.000000 (in global reference frame)
[move_group-2] [INFO] [1789245709.787161856] [move_group.moveit.moveit.ros.move_group.cartesian_path_service_capability]: Computed Cartesian path with 10 points (followed 100.000000% of requested trajectory)
[move_group-2] [INFO] [1789245717.786160615] [move_group.moveit.moveit.ros.move_group.cartesian_path_service_capability]: Received request to compute Cartesian path
[move_group-2] [INFO] [1789245717.786300328] [move_group.moveit.moveit.ros.move_group.cartesian_path_service_capability]: Attempting to follow 1 waypoints for link 'panda_hand' using a step of 0.005000 m and jump threshold 0.000000 (in global reference frame)
[move_group-2] [INFO] [1789245717.787022922] [move_group.moveit.moveit.ros.move_group.cartesian_path_service_capability]: Computed Cartesian path with 8 points (followed 100.000000% of requested trajectory)
[move_group-2] [INFO] [1789245725.785968754] [move_group.moveit.moveit.ros.move_group.cartesian_path_service_capability]: Received request to compute Cartesian path
[move_group-2] [INFO] [1789245725.786126642] [move_group.moveit.moveit.ros.move_group.cartesian_path_service_capability]: Attempting to follow 1 waypoints for link 'panda_hand' using a step of 0.005000 m and jump threshold 0.000000 (in global reference frame)
[move_group-2] [INFO] [1789245725.786782805] [move_group.moveit.moveit.ros.move_group.cartesian_path_service_capability]: Computed Cartesian path with 7 points (followed 100.000000% of requested trajectory)
[move_group-2] [INFO] [1789245739.785556500] [move_group.moveit.moveit.ros.move_group.cartesian_path_service_capability]: Received request to compute Cartesian path
[move_group-2] [INFO] [1789245739.785709204] [move_group.moveit.moveit.ros.move_group.cartesian_path_service_capability]: Attempting to follow 2 waypoints for link 'panda_hand' using a step of 0.005000 m and jump threshold 0.000000 (in global reference frame)
[move_group-2] [INFO] [1789245739.790296197] [move_group.moveit.moveit.ros.move_group.cartesian_path_service_capability]: Computed Cartesian path with 44 points (followed 100.000000% of requested trajectory)
