[INFO] [launch]: All log files can be found below /root/.ros/log/2026-09-12-19-43-21-372311-0e1b1a543b99-186
[INFO] [launch]: Default logging verbosity is set to INFO
[INFO] [robot_state_publisher-1]: process started with pid [189]
[INFO] [move_group-2]: process started with pid [190]
[robot_state_publisher-1] [WARN] [1789242201.565999161] [kdl_parser]: The root link panda_link0 has an inertia specified in the URDF, but KDL does not support a root link with an inertia.  As a workaround, you can add an extra dummy link to your URDF.
[robot_state_publisher-1] [INFO] [1789242201.566149978] [robot_state_publisher]: Robot initialized
[move_group-2] [INFO] [1789242201.597746797] [move_group.moveit.moveit.ros.rdf_loader]: Loaded robot model in 0 seconds
[move_group-2] [INFO] [1789242201.597872461] [move_group.moveit.moveit.core.robot_model]: Loading robot model 'panda'...
[move_group-2] [WARN] [1789242201.603436385] [kdl_parser]: The root link panda_link0 has an inertia specified in the URDF, but KDL does not support a root link with an inertia.  As a workaround, you can add an extra dummy link to your URDF.
[move_group-2] [INFO] [1789242201.603530754] [move_group.moveit.moveit.kinematics.kdl_kinematics_plugin]: Joint weights for group 'panda_arm': 1 1 1 1 1 1 1
[move_group-2] [INFO] [1789242201.627709881] [move_group.moveit.moveit.ros.planning_scene_monitor]: Publishing maintained planning scene on 'monitored_planning_scene'
[move_group-2] [INFO] [1789242201.628038427] [move_group.moveit.moveit.ros.moveit_cpp]: Listening to 'joint_states' for joint states
[move_group-2] [INFO] [1789242201.629121150] [move_group.moveit.moveit.ros.current_state_monitor]: Listening to joint states on topic 'joint_states'
[move_group-2] [INFO] [1789242201.629449280] [move_group.moveit.moveit.ros.planning_scene_monitor]: Listening to '/attached_collision_object' for attached collision objects
[move_group-2] [INFO] [1789242201.629469568] [move_group.moveit.moveit.ros.planning_scene_monitor]: Stopping existing planning scene publisher.
[move_group-2] [INFO] [1789242201.629661472] [move_group.moveit.moveit.ros.planning_scene_monitor]: Stopped publishing maintained planning scene.
[move_group-2] [INFO] [1789242201.629943681] [move_group.moveit.moveit.ros.planning_scene_monitor]: Publishing maintained planning scene on 'monitored_planning_scene'
[move_group-2] [INFO] [1789242201.630036642] [move_group.moveit.moveit.ros.planning_scene_monitor]: Starting planning scene monitor
[move_group-2] [INFO] [1789242201.630988613] [move_group.moveit.moveit.ros.planning_scene_monitor]: Listening to '/planning_scene'
[move_group-2] [INFO] [1789242201.631010021] [move_group.moveit.moveit.ros.planning_scene_monitor]: Starting world geometry update monitor for collision objects, attached objects, octomap updates.
[move_group-2] [INFO] [1789242201.631270950] [move_group.moveit.moveit.ros.planning_scene_monitor]: Listening to 'collision_object'
[move_group-2] [INFO] [1789242201.631535943] [move_group.moveit.moveit.ros.planning_scene_monitor]: Listening to 'planning_scene_world' for planning scene world geometry
[move_group-2] [WARN] [1789242201.631740488] [move_group.moveit.moveit.ros.occupancy_map_monitor]: Resolution not specified for Octomap. Assuming resolution = 0.1 instead
[move_group-2] [ERROR] [1789242201.631768104] [move_group.moveit.moveit.ros.occupancy_map_monitor]: No 3D sensor plugin(s) defined for octomap updates
[move_group-2] [INFO] [1789242201.637256252] [move_group.moveit.moveit.ros.planning_pipeline]: Successfully loaded planner 'CHOMP'
[move_group-2] [INFO] [1789242201.637926174] [move_group]: Try loading adapter 'default_planning_request_adapters/ResolveConstraintFrames'
[move_group-2] [INFO] [1789242201.638523745] [move_group]: Loaded adapter 'default_planning_request_adapters/ResolveConstraintFrames'
[move_group-2] [INFO] [1789242201.638545793] [move_group]: Try loading adapter 'default_planning_request_adapters/ValidateWorkspaceBounds'
[move_group-2] [INFO] [1789242201.638689697] [move_group]: Loaded adapter 'default_planning_request_adapters/ValidateWorkspaceBounds'
[move_group-2] [INFO] [1789242201.638702273] [move_group]: Try loading adapter 'default_planning_request_adapters/CheckStartStateBounds'
[move_group-2] [INFO] [1789242201.638723041] [move_group]: Loaded adapter 'default_planning_request_adapters/CheckStartStateBounds'
[move_group-2] [INFO] [1789242201.638731073] [move_group]: Try loading adapter 'default_planning_request_adapters/CheckStartStateCollision'
[move_group-2] [INFO] [1789242201.638747937] [move_group]: Loaded adapter 'default_planning_request_adapters/CheckStartStateCollision'
[move_group-2] [INFO] [1789242201.639357316] [move_group]: Try loading adapter 'default_planning_response_adapters/AddTimeOptimalParameterization'
[move_group-2] [INFO] [1789242201.641103562] [move_group]: Loaded adapter 'default_planning_response_adapters/AddTimeOptimalParameterization'
[move_group-2] [INFO] [1789242201.654356634] [move_group.moveit.moveit.ros.planning_pipeline]: Successfully loaded planner 'OMPL'
[move_group-2] [INFO] [1789242201.655454014] [move_group]: Try loading adapter 'default_planning_request_adapters/ResolveConstraintFrames'
[move_group-2] [INFO] [1789242201.655574206] [move_group]: Loaded adapter 'default_planning_request_adapters/ResolveConstraintFrames'
[move_group-2] [INFO] [1789242201.655585150] [move_group]: Try loading adapter 'default_planning_request_adapters/ValidateWorkspaceBounds'
[move_group-2] [INFO] [1789242201.655880383] [move_group]: Loaded adapter 'default_planning_request_adapters/ValidateWorkspaceBounds'
[move_group-2] [INFO] [1789242201.655896384] [move_group]: Try loading adapter 'default_planning_request_adapters/CheckStartStateBounds'
[move_group-2] [INFO] [1789242201.655919392] [move_group]: Loaded adapter 'default_planning_request_adapters/CheckStartStateBounds'
[move_group-2] [INFO] [1789242201.655927488] [move_group]: Try loading adapter 'default_planning_request_adapters/CheckStartStateCollision'
[move_group-2] [INFO] [1789242201.655942816] [move_group]: Loaded adapter 'default_planning_request_adapters/CheckStartStateCollision'
[move_group-2] [INFO] [1789242201.656560514] [move_group]: Try loading adapter 'default_planning_response_adapters/AddTimeOptimalParameterization'
[move_group-2] [INFO] [1789242201.656856035] [move_group]: Loaded adapter 'default_planning_response_adapters/AddTimeOptimalParameterization'
[move_group-2] [INFO] [1789242201.656871427] [move_group]: Try loading adapter 'default_planning_response_adapters/ValidateSolution'
[move_group-2] [INFO] [1789242201.659452684] [move_group]: Loaded adapter 'default_planning_response_adapters/ValidateSolution'
[move_group-2] [INFO] [1789242201.659479949] [move_group]: Try loading adapter 'default_planning_response_adapters/DisplayMotionPath'
[move_group-2] [INFO] [1789242201.660021262] [move_group]: Loaded adapter 'default_planning_response_adapters/DisplayMotionPath'
[move_group-2] [INFO] [1789242201.662284727] [move_group.moveit.moveit.planners.pilz.joint_limits_aggregator]: Reading limits from namespace robot_description_planning
[move_group-2] [WARN] [1789242201.663127866] [move_group.moveit.moveit.planners.pilz.joint_limits_aggregator]: Multi-DOF-Joint 'virtual_joint' not supported.
[move_group-2] [WARN] [1789242201.663163482] [move_group.moveit.moveit.planners.pilz.joint_limits_aggregator]: Multi-DOF-Joint 'virtual_joint' not supported.
[move_group-2] [INFO] [1789242201.667091016] [move_group.moveit.moveit.planners.pilz.command_planner]: Available plugins: pilz_industrial_motion_planner/PlanningContextLoaderCIRC pilz_industrial_motion_planner/PlanningContextLoaderLIN pilz_industrial_motion_planner/PlanningContextLoaderPTP 
[move_group-2] [INFO] [1789242201.667118984] [move_group.moveit.moveit.planners.pilz.command_planner]: About to load: pilz_industrial_motion_planner/PlanningContextLoaderCIRC
[move_group-2] [INFO] [1789242201.668199916] [move_group.moveit.moveit.planners.pilz.command_planner]: Registered Algorithm [CIRC]
[move_group-2] [INFO] [1789242201.668224972] [move_group.moveit.moveit.planners.pilz.command_planner]: About to load: pilz_industrial_motion_planner/PlanningContextLoaderLIN
[move_group-2] [INFO] [1789242201.668814702] [move_group.moveit.moveit.planners.pilz.command_planner]: Registered Algorithm [LIN]
[move_group-2] [INFO] [1789242201.668840047] [move_group.moveit.moveit.planners.pilz.command_planner]: About to load: pilz_industrial_motion_planner/PlanningContextLoaderPTP
[move_group-2] [INFO] [1789242201.669420305] [move_group.moveit.moveit.planners.pilz.command_planner]: Registered Algorithm [PTP]
[move_group-2] [INFO] [1789242201.669446001] [move_group.moveit.moveit.ros.planning_pipeline]: Successfully loaded planner 'Pilz Industrial Motion Planner'
[move_group-2] [INFO] [1789242201.670114259] [move_group]: Try loading adapter 'default_planning_request_adapters/ValidateWorkspaceBounds'
[move_group-2] [INFO] [1789242201.670337876] [move_group]: Loaded adapter 'default_planning_request_adapters/ValidateWorkspaceBounds'
[move_group-2] [INFO] [1789242201.670355412] [move_group]: Try loading adapter 'default_planning_request_adapters/CheckStartStateBounds'
[move_group-2] [INFO] [1789242201.670378292] [move_group]: Loaded adapter 'default_planning_request_adapters/CheckStartStateBounds'
[move_group-2] [INFO] [1789242201.670385236] [move_group]: Try loading adapter 'default_planning_request_adapters/CheckStartStateCollision'
[move_group-2] [INFO] [1789242201.670397812] [move_group]: Loaded adapter 'default_planning_request_adapters/CheckStartStateCollision'
[move_group-2] [WARN] [1789242201.670404852] [move_group.moveit.moveit.ros.planning_pipeline]: No planning response adapter names specified.
[move_group-2] [INFO] [1789242201.672731325] [move_group.moveit.moveit.ros.planning_pipeline]: Successfully loaded planner 'STOMP'
[move_group-2] [INFO] [1789242201.673353759] [move_group]: Try loading adapter 'default_planning_request_adapters/ResolveConstraintFrames'
[move_group-2] [INFO] [1789242201.673418047] [move_group]: Loaded adapter 'default_planning_request_adapters/ResolveConstraintFrames'
[move_group-2] [INFO] [1789242201.673430047] [move_group]: Try loading adapter 'default_planning_request_adapters/ValidateWorkspaceBounds'
[move_group-2] [INFO] [1789242201.673577088] [move_group]: Loaded adapter 'default_planning_request_adapters/ValidateWorkspaceBounds'
[move_group-2] [INFO] [1789242201.673592928] [move_group]: Try loading adapter 'default_planning_request_adapters/CheckStartStateBounds'
[move_group-2] [INFO] [1789242201.673616736] [move_group]: Loaded adapter 'default_planning_request_adapters/CheckStartStateBounds'
[move_group-2] [INFO] [1789242201.673624608] [move_group]: Try loading adapter 'default_planning_request_adapters/CheckStartStateCollision'
[move_group-2] [INFO] [1789242201.673640128] [move_group]: Loaded adapter 'default_planning_request_adapters/CheckStartStateCollision'
[move_group-2] [INFO] [1789242201.674248610] [move_group]: Try loading adapter 'default_planning_response_adapters/AddTimeOptimalParameterization'
[move_group-2] [INFO] [1789242201.674575043] [move_group]: Loaded adapter 'default_planning_response_adapters/AddTimeOptimalParameterization'
[move_group-2] [INFO] [1789242201.674590595] [move_group]: Try loading adapter 'default_planning_response_adapters/ValidateSolution'
[move_group-2] [INFO] [1789242201.674863332] [move_group]: Loaded adapter 'default_planning_response_adapters/ValidateSolution'
[move_group-2] [INFO] [1789242201.674879364] [move_group]: Try loading adapter 'default_planning_response_adapters/DisplayMotionPath'
[move_group-2] [INFO] [1789242201.675095685] [move_group]: Loaded adapter 'default_planning_response_adapters/DisplayMotionPath'
[move_group-2] [INFO] [1789242201.713802098] [move_group.moveit.moveit.plugins.simple_controller_manager]: Added FollowJointTrajectory controller for panda_arm_controller
[move_group-2] [INFO] [1789242201.713892242] [move_group.moveit.moveit.plugins.simple_controller_manager]: panda_hand_controller will command a max effort of: 0
[move_group-2] [ERROR] [1789242201.716317371] [move_group.moveit.moveit.plugins.simple_controller_manager]: Parallel Gripper requires exactly two joints, 1 are specified
[move_group-2] [INFO] [1789242201.718936868] [move_group.moveit.moveit.plugins.simple_controller_manager]: Returned 1 controllers in list
[move_group-2] [INFO] [1789242201.718997316] [move_group.moveit.moveit.plugins.simple_controller_manager]: Returned 1 controllers in list
[move_group-2] [INFO] [1789242201.719638823] [move_group.moveit.moveit.ros.trajectory_execution_manager]: Trajectory execution is managing controllers
[move_group-2] [INFO] [1789242201.719680199] [move_group]: MoveGroup debug mode is ON
[move_group-2] [INFO] [1789242201.737323111] [move_group.moveit.moveit.planners.pilz.move_group_sequence_action]: initialize move group sequence action
[move_group-2] [INFO] [1789242201.739861392] [move_group.moveit.moveit.planners.pilz.joint_limits_aggregator]: Reading limits from namespace robot_description_planning
[move_group-2] [WARN] [1789242201.739941616] [move_group.moveit.moveit.planners.pilz.joint_limits_aggregator]: Multi-DOF-Joint 'virtual_joint' not supported.
[move_group-2] [WARN] [1789242201.739967728] [move_group.moveit.moveit.planners.pilz.joint_limits_aggregator]: Multi-DOF-Joint 'virtual_joint' not supported.
[move_group-2] [INFO] [1789242201.740192561] [move_group.moveit.moveit.planners.pilz.joint_limits_aggregator]: Reading limits from namespace robot_description_planning
[move_group-2] [WARN] [1789242201.740233585] [move_group.moveit.moveit.planners.pilz.joint_limits_aggregator]: Multi-DOF-Joint 'virtual_joint' not supported.
[move_group-2] [WARN] [1789242201.740251377] [move_group.moveit.moveit.planners.pilz.joint_limits_aggregator]: Multi-DOF-Joint 'virtual_joint' not supported.
[move_group-2] [INFO] [1789242201.740960116] [move_group.moveit.moveit.ros.move_group.executable]: 
[move_group-2] 
[move_group-2] ********************************************************
[move_group-2] * MoveGroup using: 
[move_group-2] *     - apply_planning_scene_service
[move_group-2] *     - clear_octomap_service
[move_group-2] *     - get_group_urdf
[move_group-2] *     - load_geometry_from_file
[move_group-2] *     - CartesianPathService
[move_group-2] *     - execute_trajectory_action
[move_group-2] *     - get_planning_scene_service
[move_group-2] *     - kinematics_service
[move_group-2] *     - move_action
[move_group-2] *     - motion_plan_service
[move_group-2] *     - query_planners_service
[move_group-2] *     - state_validation_service
[move_group-2] *     - save_geometry_to_file
[move_group-2] *     - SequenceAction
[move_group-2] *     - SequenceService
[move_group-2] ********************************************************
[move_group-2] 
[move_group-2] [INFO] [1789242201.741026868] [move_group.moveit.moveit.ros.move_group.context]: MoveGroup context using pipeline ompl
[move_group-2] [INFO] [1789242201.741045204] [move_group.moveit.moveit.ros.move_group.context]: MoveGroup context initialization complete
[move_group-2] [WARN] [1789242201.916501617] [move_group.moveit.moveit.ros.current_state_monitor]: Unable to update multi-DOF joint 'virtual_joint':Failure to lookup transform between 'world'and 'panda_link0' with TF exception: "world" passed to lookupTransform argument target_frame does not exist. 
[move_group-2] [ERROR] [1789242229.317415210] [move_group.moveit.moveit.core.robot_model]: Group '' not found in model 'panda'
[move_group-2] [INFO] [1789243309.501638865] [move_group.moveit.moveit.ros.move_group.move_action]: MoveGroupMoveAction: Received request
[move_group-2] [INFO] [1789243309.502215955] [move_group.moveit.moveit.ros.move_group.move_action]: executing..
[move_group-2] [INFO] [1789243309.502474868] [move_group.moveit.moveit.ros.move_group.move_action]: Combined planning and execution request received for MoveGroup action. Forwarding to planning and execution pipeline.
[move_group-2] [WARN] [1789243309.502515412] [move_group.moveit.moveit.ros.move_group.capability]: Execution of motions should always start at the robot's current state. Ignoring the state supplied as start state in the motion planning request
[move_group-2] [WARN] [1789243309.502531796] [move_group.moveit.moveit.ros.move_group.capability]: Execution of motions should always start at the robot's current state. Ignoring the state supplied as difference in the planning scene diff
[move_group-2] [INFO] [1789243309.502551476] [move_group.moveit.moveit.ros.plan_execution]: Planning attempt 1 of at most 1
[move_group-2] [INFO] [1789243309.502923158] [move_group]: Calling PlanningRequestAdapter 'ResolveConstraintFrames'
[move_group-2] [INFO] [1789243309.502987926] [move_group]: Calling PlanningRequestAdapter 'ValidateWorkspaceBounds'
[move_group-2] [WARN] [1789243309.502999990] [move_group.moveit.moveit.ros.validate_workspace_bounds]: It looks like the planning volume was not specified. Using default values.
[move_group-2] [INFO] [1789243309.503022262] [move_group]: Calling PlanningRequestAdapter 'CheckStartStateBounds'
[move_group-2] [INFO] [1789243309.503066134] [move_group]: Calling PlanningRequestAdapter 'CheckStartStateCollision'
[move_group-2] [INFO] [1789243309.503808697] [move_group.moveit.moveit.planners.ompl.model_based_planning_context]: Planner configuration 'panda_arm' will use planner 'geometric::RRTConnect'. Additional configuration parameters will be set when the planner is constructed.
[move_group-2] [INFO] [1789243309.503984441] [move_group]: Calling Planner 'OMPL'
[move_group-2] [INFO] [1789243309.520061107] [move_group]: Calling PlanningResponseAdapter 'AddTimeOptimalParameterization'
[move_group-2] [INFO] [1789243309.522676477] [move_group]: Calling PlanningResponseAdapter 'ValidateSolution'
[move_group-2] [INFO] [1789243309.523072638] [move_group]: Calling PlanningResponseAdapter 'DisplayMotionPath'
[move_group-2] [WARN] [1789243309.523172351] [move_group.moveit.moveit.ros.planning_pipeline]: The planner plugin did not fill out the 'planner_id' field of the MotionPlanResponse. Setting it to the planner ID name of the MotionPlanRequest assuming that the planner plugin does warn you if it does not use the requested planner.
[move_group-2] [INFO] [1789243309.523371039] [move_group.moveit.moveit.plugins.simple_controller_manager]: Returned 1 controllers in list
[move_group-2] [INFO] [1789243309.523415968] [move_group.moveit.moveit.plugins.simple_controller_manager]: Returned 1 controllers in list
[move_group-2] [INFO] [1789243309.523495840] [move_group.moveit.moveit.ros.trajectory_execution_manager]: Validating trajectory with allowed_start_tolerance 0.05
[move_group-2] [INFO] [1789243309.523622528] [move_group.moveit.moveit.ros.trajectory_execution_manager]: Starting trajectory execution ...
[move_group-2] [INFO] [1789243309.523694305] [move_group.moveit.moveit.plugins.simple_controller_manager]: Returned 1 controllers in list
[move_group-2] [INFO] [1789243309.523713761] [move_group.moveit.moveit.plugins.simple_controller_manager]: Returned 1 controllers in list
[move_group-2] [INFO] [1789243309.523880897] [moveit.simple_controller_manager.follow_joint_trajectory_controller_handle]: sending trajectory to panda_arm_controller
[move_group-2] [INFO] [1789243309.527784239] [moveit.simple_controller_manager.follow_joint_trajectory_controller_handle]: panda_arm_controller started execution
[move_group-2] [INFO] [1789243309.527813167] [moveit.simple_controller_manager.follow_joint_trajectory_controller_handle]: Goal request accepted!
[move_group-2] [WARN] [1789243320.020136712] [moveit.simple_controller_manager.follow_joint_trajectory_controller_handle]: Controller 'panda_arm_controller' failed with error GOAL_TOLERANCE_VIOLATED: final max joint error 1.9698 rad
[move_group-2] [WARN] [1789243320.020208296] [move_group.moveit.moveit.ros.trajectory_execution_manager]: Controller handle panda_arm_controller reports status ABORTED
[move_group-2] [INFO] [1789243320.020281832] [move_group.moveit.moveit.ros.trajectory_execution_manager]: Completed trajectory execution with status ABORTED ...
[move_group-2] [INFO] [1789243320.023843573] [move_group.moveit.moveit.ros.move_group.move_action]: CONTROL_FAILED
[move_group-2] [INFO] [1789243320.168915681] [move_group.moveit.moveit.ros.move_group.move_action]: MoveGroupMoveAction: Received request
[move_group-2] [INFO] [1789243320.169333570] [move_group.moveit.moveit.ros.move_group.move_action]: executing..
[move_group-2] [INFO] [1789243320.169585955] [move_group.moveit.moveit.ros.move_group.move_action]: Combined planning and execution request received for MoveGroup action. Forwarding to planning and execution pipeline.
[move_group-2] [WARN] [1789243320.169621219] [move_group.moveit.moveit.ros.move_group.capability]: Execution of motions should always start at the robot's current state. Ignoring the state supplied as start state in the motion planning request
[move_group-2] [WARN] [1789243320.169637731] [move_group.moveit.moveit.ros.move_group.capability]: Execution of motions should always start at the robot's current state. Ignoring the state supplied as difference in the planning scene diff
[move_group-2] [INFO] [1789243320.169651235] [move_group.moveit.moveit.ros.plan_execution]: Planning attempt 1 of at most 1
[move_group-2] [INFO] [1789243320.169944836] [move_group]: Calling PlanningRequestAdapter 'ResolveConstraintFrames'
[move_group-2] [INFO] [1789243320.169990373] [move_group]: Calling PlanningRequestAdapter 'ValidateWorkspaceBounds'
[move_group-2] [WARN] [1789243320.170000485] [move_group.moveit.moveit.ros.validate_workspace_bounds]: It looks like the planning volume was not specified. Using default values.
[move_group-2] [INFO] [1789243320.170021573] [move_group]: Calling PlanningRequestAdapter 'CheckStartStateBounds'
[move_group-2] [INFO] [1789243320.170047269] [move_group]: Calling PlanningRequestAdapter 'CheckStartStateCollision'
[move_group-2] [ERROR] [1789243320.170191845] [move_group]: PlanningRequestAdapter 'CheckStartStateCollision' failed, because '3 contact(s) detected : mw_door - panda_hand, mw_door - panda_leftfinger, mw_door - panda_rightfinger, '. Aborting planning pipeline.
[move_group-2] [INFO] [1789243320.170291558] [move_group.moveit.moveit.ros.move_group.move_action]: START_STATE_IN_COLLISION
[move_group-2] [INFO] [1789243320.669164879] [move_group.moveit.moveit.ros.move_group.move_action]: MoveGroupMoveAction: Received request
[move_group-2] [INFO] [1789243320.669591792] [move_group.moveit.moveit.ros.move_group.move_action]: executing..
[move_group-2] [INFO] [1789243320.669841809] [move_group.moveit.moveit.ros.move_group.move_action]: Combined planning and execution request received for MoveGroup action. Forwarding to planning and execution pipeline.
[move_group-2] [WARN] [1789243320.669874513] [move_group.moveit.moveit.ros.move_group.capability]: Execution of motions should always start at the robot's current state. Ignoring the state supplied as start state in the motion planning request
[move_group-2] [WARN] [1789243320.669888913] [move_group.moveit.moveit.ros.move_group.capability]: Execution of motions should always start at the robot's current state. Ignoring the state supplied as difference in the planning scene diff
[move_group-2] [INFO] [1789243320.669901361] [move_group.moveit.moveit.ros.plan_execution]: Planning attempt 1 of at most 1
[move_group-2] [INFO] [1789243320.670273555] [move_group]: Calling PlanningRequestAdapter 'ResolveConstraintFrames'
[move_group-2] [INFO] [1789243320.670314355] [move_group]: Calling PlanningRequestAdapter 'ValidateWorkspaceBounds'
[move_group-2] [WARN] [1789243320.670323635] [move_group.moveit.moveit.ros.validate_workspace_bounds]: It looks like the planning volume was not specified. Using default values.
[move_group-2] [INFO] [1789243320.670348051] [move_group]: Calling PlanningRequestAdapter 'CheckStartStateBounds'
[move_group-2] [INFO] [1789243320.670374387] [move_group]: Calling PlanningRequestAdapter 'CheckStartStateCollision'
[move_group-2] [ERROR] [1789243320.670471475] [move_group]: PlanningRequestAdapter 'CheckStartStateCollision' failed, because '3 contact(s) detected : mw_door - panda_hand, mw_door - panda_leftfinger, mw_door - panda_rightfinger, '. Aborting planning pipeline.
[move_group-2] [INFO] [1789243320.670575796] [move_group.moveit.moveit.ros.move_group.move_action]: START_STATE_IN_COLLISION
[move_group-2] [INFO] [1789243451.684030901] [move_group.moveit.moveit.ros.move_group.move_action]: MoveGroupMoveAction: Received request
[move_group-2] [INFO] [1789243451.684408854] [move_group.moveit.moveit.ros.move_group.move_action]: executing..
[move_group-2] [INFO] [1789243451.684643927] [move_group.moveit.moveit.ros.move_group.move_action]: Combined planning and execution request received for MoveGroup action. Forwarding to planning and execution pipeline.
[move_group-2] [WARN] [1789243451.684677399] [move_group.moveit.moveit.ros.move_group.capability]: Execution of motions should always start at the robot's current state. Ignoring the state supplied as start state in the motion planning request
[move_group-2] [WARN] [1789243451.684692791] [move_group.moveit.moveit.ros.move_group.capability]: Execution of motions should always start at the robot's current state. Ignoring the state supplied as difference in the planning scene diff
[move_group-2] [INFO] [1789243451.684704535] [move_group.moveit.moveit.ros.plan_execution]: Planning attempt 1 of at most 1
[move_group-2] [INFO] [1789243451.684983512] [move_group]: Calling PlanningRequestAdapter 'ResolveConstraintFrames'
[move_group-2] [INFO] [1789243451.685027032] [move_group]: Calling PlanningRequestAdapter 'ValidateWorkspaceBounds'
[move_group-2] [WARN] [1789243451.685037528] [move_group.moveit.moveit.ros.validate_workspace_bounds]: It looks like the planning volume was not specified. Using default values.
[move_group-2] [INFO] [1789243451.685072472] [move_group]: Calling PlanningRequestAdapter 'CheckStartStateBounds'
[move_group-2] [INFO] [1789243451.685101561] [move_group]: Calling PlanningRequestAdapter 'CheckStartStateCollision'
[move_group-2] [INFO] [1789243451.685550266] [move_group.moveit.moveit.planners.ompl.model_based_planning_context]: Planner configuration 'panda_arm' will use planner 'geometric::RRTConnect'. Additional configuration parameters will be set when the planner is constructed.
[move_group-2] [INFO] [1789243451.685648283] [move_group]: Calling Planner 'OMPL'
[move_group-2] [INFO] [1789243451.698937579] [move_group]: Calling PlanningResponseAdapter 'AddTimeOptimalParameterization'
[move_group-2] [INFO] [1789243451.700927570] [move_group]: Calling PlanningResponseAdapter 'ValidateSolution'
[move_group-2] [INFO] [1789243451.701345619] [move_group]: Calling PlanningResponseAdapter 'DisplayMotionPath'
[move_group-2] [WARN] [1789243451.701420947] [move_group.moveit.moveit.ros.planning_pipeline]: The planner plugin did not fill out the 'planner_id' field of the MotionPlanResponse. Setting it to the planner ID name of the MotionPlanRequest assuming that the planner plugin does warn you if it does not use the requested planner.
[move_group-2] [INFO] [1789243451.701597556] [move_group.moveit.moveit.plugins.simple_controller_manager]: Returned 1 controllers in list
[move_group-2] [INFO] [1789243451.701630100] [move_group.moveit.moveit.plugins.simple_controller_manager]: Returned 1 controllers in list
[move_group-2] [INFO] [1789243451.701709972] [move_group.moveit.moveit.ros.trajectory_execution_manager]: Validating trajectory with allowed_start_tolerance 0.05
[move_group-2] [INFO] [1789243451.701837973] [move_group.moveit.moveit.ros.trajectory_execution_manager]: Starting trajectory execution ...
[move_group-2] [INFO] [1789243451.701905845] [move_group.moveit.moveit.plugins.simple_controller_manager]: Returned 1 controllers in list
[move_group-2] [INFO] [1789243451.701926357] [move_group.moveit.moveit.plugins.simple_controller_manager]: Returned 1 controllers in list
[move_group-2] [INFO] [1789243451.702071542] [moveit.simple_controller_manager.follow_joint_trajectory_controller_handle]: sending trajectory to panda_arm_controller
[move_group-2] [INFO] [1789243451.705414178] [moveit.simple_controller_manager.follow_joint_trajectory_controller_handle]: panda_arm_controller started execution
[move_group-2] [INFO] [1789243451.705441282] [moveit.simple_controller_manager.follow_joint_trajectory_controller_handle]: Goal request accepted!
[move_group-2] [WARN] [1789243462.332123007] [moveit.simple_controller_manager.follow_joint_trajectory_controller_handle]: Controller 'panda_arm_controller' failed with error GOAL_TOLERANCE_VIOLATED: final max joint error 1.3524 rad
[move_group-2] [WARN] [1789243462.332183935] [move_group.moveit.moveit.ros.trajectory_execution_manager]: Controller handle panda_arm_controller reports status ABORTED
[move_group-2] [INFO] [1789243462.332240288] [move_group.moveit.moveit.ros.trajectory_execution_manager]: Completed trajectory execution with status ABORTED ...
[move_group-2] [INFO] [1789243462.342031107] [move_group.moveit.moveit.ros.move_group.move_action]: CONTROL_FAILED
[move_group-2] [INFO] [1789243462.669239680] [move_group.moveit.moveit.ros.move_group.move_action]: MoveGroupMoveAction: Received request
[move_group-2] [INFO] [1789243462.669646594] [move_group.moveit.moveit.ros.move_group.move_action]: executing..
[move_group-2] [INFO] [1789243462.669866466] [move_group.moveit.moveit.ros.move_group.move_action]: Combined planning and execution request received for MoveGroup action. Forwarding to planning and execution pipeline.
[move_group-2] [WARN] [1789243462.669897475] [move_group.moveit.moveit.ros.move_group.capability]: Execution of motions should always start at the robot's current state. Ignoring the state supplied as start state in the motion planning request
[move_group-2] [WARN] [1789243462.669912803] [move_group.moveit.moveit.ros.move_group.capability]: Execution of motions should always start at the robot's current state. Ignoring the state supplied as difference in the planning scene diff
[move_group-2] [INFO] [1789243462.669925699] [move_group.moveit.moveit.ros.plan_execution]: Planning attempt 1 of at most 1
[move_group-2] [INFO] [1789243462.670202596] [move_group]: Calling PlanningRequestAdapter 'ResolveConstraintFrames'
[move_group-2] [INFO] [1789243462.670241828] [move_group]: Calling PlanningRequestAdapter 'ValidateWorkspaceBounds'
[move_group-2] [WARN] [1789243462.670251972] [move_group.moveit.moveit.ros.validate_workspace_bounds]: It looks like the planning volume was not specified. Using default values.
[move_group-2] [INFO] [1789243462.670272868] [move_group]: Calling PlanningRequestAdapter 'CheckStartStateBounds'
[move_group-2] [INFO] [1789243462.670295332] [move_group]: Calling PlanningRequestAdapter 'CheckStartStateCollision'
[move_group-2] [INFO] [1789243462.670705381] [move_group.moveit.moveit.planners.ompl.model_based_planning_context]: Planner configuration 'panda_arm' will use planner 'geometric::RRTConnect'. Additional configuration parameters will be set when the planner is constructed.
[move_group-2] [INFO] [1789243462.670793766] [move_group]: Calling Planner 'OMPL'
[move_group-2] [INFO] [1789243462.684516247] [move_group]: Calling PlanningResponseAdapter 'AddTimeOptimalParameterization'
[move_group-2] [INFO] [1789243462.685653755] [move_group]: Calling PlanningResponseAdapter 'ValidateSolution'
[move_group-2] [INFO] [1789243462.685983133] [move_group]: Calling PlanningResponseAdapter 'DisplayMotionPath'
[move_group-2] [WARN] [1789243462.686047741] [move_group.moveit.moveit.ros.planning_pipeline]: The planner plugin did not fill out the 'planner_id' field of the MotionPlanResponse. Setting it to the planner ID name of the MotionPlanRequest assuming that the planner plugin does warn you if it does not use the requested planner.
[move_group-2] [INFO] [1789243462.686218333] [move_group.moveit.moveit.plugins.simple_controller_manager]: Returned 1 controllers in list
[move_group-2] [INFO] [1789243462.686260382] [move_group.moveit.moveit.plugins.simple_controller_manager]: Returned 1 controllers in list
[move_group-2] [INFO] [1789243462.686331422] [move_group.moveit.moveit.ros.trajectory_execution_manager]: Validating trajectory with allowed_start_tolerance 0.05
[move_group-2] [INFO] [1789243462.686440958] [move_group.moveit.moveit.ros.trajectory_execution_manager]: Starting trajectory execution ...
[move_group-2] [INFO] [1789243462.686502750] [move_group.moveit.moveit.plugins.simple_controller_manager]: Returned 1 controllers in list
[move_group-2] [INFO] [1789243462.686524767] [move_group.moveit.moveit.plugins.simple_controller_manager]: Returned 1 controllers in list
[move_group-2] [INFO] [1789243462.686656255] [moveit.simple_controller_manager.follow_joint_trajectory_controller_handle]: sending trajectory to panda_arm_controller
[move_group-2] [INFO] [1789243462.689169672] [moveit.simple_controller_manager.follow_joint_trajectory_controller_handle]: panda_arm_controller started execution
[move_group-2] [INFO] [1789243462.689194504] [moveit.simple_controller_manager.follow_joint_trajectory_controller_handle]: Goal request accepted!
[move_group-2] [WARN] [1789243471.311765634] [moveit.simple_controller_manager.follow_joint_trajectory_controller_handle]: Controller 'panda_arm_controller' failed with error GOAL_TOLERANCE_VIOLATED: final max joint error 0.9132 rad
[move_group-2] [WARN] [1789243471.311828802] [move_group.moveit.moveit.ros.trajectory_execution_manager]: Controller handle panda_arm_controller reports status ABORTED
[move_group-2] [INFO] [1789243471.311878914] [move_group.moveit.moveit.ros.trajectory_execution_manager]: Completed trajectory execution with status ABORTED ...
[move_group-2] [INFO] [1789243471.316763220] [move_group.moveit.moveit.ros.move_group.move_action]: CONTROL_FAILED
[move_group-2] [INFO] [1789243471.668948268] [move_group.moveit.moveit.ros.move_group.move_action]: MoveGroupMoveAction: Received request
[move_group-2] [INFO] [1789243471.669374221] [move_group.moveit.moveit.ros.move_group.move_action]: executing..
[move_group-2] [INFO] [1789243471.669617998] [move_group.moveit.moveit.ros.move_group.move_action]: Combined planning and execution request received for MoveGroup action. Forwarding to planning and execution pipeline.
[move_group-2] [WARN] [1789243471.669655054] [move_group.moveit.moveit.ros.move_group.capability]: Execution of motions should always start at the robot's current state. Ignoring the state supplied as start state in the motion planning request
[move_group-2] [WARN] [1789243471.669671662] [move_group.moveit.moveit.ros.move_group.capability]: Execution of motions should always start at the robot's current state. Ignoring the state supplied as difference in the planning scene diff
[move_group-2] [INFO] [1789243471.669684270] [move_group.moveit.moveit.ros.plan_execution]: Planning attempt 1 of at most 1
[move_group-2] [INFO] [1789243471.669927183] [move_group]: Calling PlanningRequestAdapter 'ResolveConstraintFrames'
[move_group-2] [INFO] [1789243471.669962735] [move_group]: Calling PlanningRequestAdapter 'ValidateWorkspaceBounds'
[move_group-2] [WARN] [1789243471.669971439] [move_group.moveit.moveit.ros.validate_workspace_bounds]: It looks like the planning volume was not specified. Using default values.
[move_group-2] [INFO] [1789243471.669994415] [move_group]: Calling PlanningRequestAdapter 'CheckStartStateBounds'
[move_group-2] [INFO] [1789243471.670018799] [move_group]: Calling PlanningRequestAdapter 'CheckStartStateCollision'
[move_group-2] [INFO] [1789243471.670447569] [move_group.moveit.moveit.planners.ompl.model_based_planning_context]: Planner configuration 'panda_arm' will use planner 'geometric::RRTConnect'. Additional configuration parameters will be set when the planner is constructed.
[move_group-2] [INFO] [1789243471.670537553] [move_group]: Calling Planner 'OMPL'
[move_group-2] [INFO] [1789243471.683989922] [move_group]: Calling PlanningResponseAdapter 'AddTimeOptimalParameterization'
[move_group-2] [INFO] [1789243471.684751589] [move_group]: Calling PlanningResponseAdapter 'ValidateSolution'
[move_group-2] [INFO] [1789243471.685019589] [move_group]: Calling PlanningResponseAdapter 'DisplayMotionPath'
[move_group-2] [WARN] [1789243471.685091910] [move_group.moveit.moveit.ros.planning_pipeline]: The planner plugin did not fill out the 'planner_id' field of the MotionPlanResponse. Setting it to the planner ID name of the MotionPlanRequest assuming that the planner plugin does warn you if it does not use the requested planner.
[move_group-2] [INFO] [1789243471.685270502] [move_group.moveit.moveit.plugins.simple_controller_manager]: Returned 1 controllers in list
[move_group-2] [INFO] [1789243471.685304839] [move_group.moveit.moveit.plugins.simple_controller_manager]: Returned 1 controllers in list
[move_group-2] [INFO] [1789243471.685367143] [move_group.moveit.moveit.ros.trajectory_execution_manager]: Validating trajectory with allowed_start_tolerance 0.05
[move_group-2] [INFO] [1789243471.685480583] [move_group.moveit.moveit.ros.trajectory_execution_manager]: Starting trajectory execution ...
[move_group-2] [INFO] [1789243471.685535239] [move_group.moveit.moveit.plugins.simple_controller_manager]: Returned 1 controllers in list
[move_group-2] [INFO] [1789243471.685552711] [move_group.moveit.moveit.plugins.simple_controller_manager]: Returned 1 controllers in list
[move_group-2] [INFO] [1789243471.685686888] [moveit.simple_controller_manager.follow_joint_trajectory_controller_handle]: sending trajectory to panda_arm_controller
[move_group-2] [INFO] [1789243471.688247793] [moveit.simple_controller_manager.follow_joint_trajectory_controller_handle]: panda_arm_controller started execution
[move_group-2] [INFO] [1789243471.688273617] [moveit.simple_controller_manager.follow_joint_trajectory_controller_handle]: Goal request accepted!
[move_group-2] [WARN] [1789243478.844229532] [moveit.simple_controller_manager.follow_joint_trajectory_controller_handle]: Controller 'panda_arm_controller' failed with error GOAL_TOLERANCE_VIOLATED: final max joint error 0.5641 rad
[move_group-2] [WARN] [1789243478.844325148] [move_group.moveit.moveit.ros.trajectory_execution_manager]: Controller handle panda_arm_controller reports status ABORTED
[move_group-2] [INFO] [1789243478.844438397] [move_group.moveit.moveit.ros.trajectory_execution_manager]: Completed trajectory execution with status ABORTED ...
[move_group-2] [INFO] [1789243478.845667361] [move_group.moveit.moveit.ros.move_group.move_action]: CONTROL_FAILED
[move_group-2] [INFO] [1789243924.389903470] [move_group.moveit.moveit.ros.move_group.move_action]: MoveGroupMoveAction: Received request
[move_group-2] [INFO] [1789243924.390360368] [move_group.moveit.moveit.ros.move_group.move_action]: executing..
[move_group-2] [INFO] [1789243924.390636945] [move_group.moveit.moveit.ros.move_group.move_action]: Combined planning and execution request received for MoveGroup action. Forwarding to planning and execution pipeline.
[move_group-2] [WARN] [1789243924.390679953] [move_group.moveit.moveit.ros.move_group.capability]: Execution of motions should always start at the robot's current state. Ignoring the state supplied as start state in the motion planning request
[move_group-2] [WARN] [1789243924.390699249] [move_group.moveit.moveit.ros.move_group.capability]: Execution of motions should always start at the robot's current state. Ignoring the state supplied as difference in the planning scene diff
[move_group-2] [INFO] [1789243924.390716273] [move_group.moveit.moveit.ros.plan_execution]: Planning attempt 1 of at most 1
[move_group-2] [INFO] [1789243924.391072722] [move_group]: Calling PlanningRequestAdapter 'ResolveConstraintFrames'
[move_group-2] [INFO] [1789243924.391122386] [move_group]: Calling PlanningRequestAdapter 'ValidateWorkspaceBounds'
[move_group-2] [WARN] [1789243924.391132146] [move_group.moveit.moveit.ros.validate_workspace_bounds]: It looks like the planning volume was not specified. Using default values.
[move_group-2] [INFO] [1789243924.391155123] [move_group]: Calling PlanningRequestAdapter 'CheckStartStateBounds'
[move_group-2] [INFO] [1789243924.391184147] [move_group]: Calling PlanningRequestAdapter 'CheckStartStateCollision'
[move_group-2] [INFO] [1789243924.391744341] [move_group.moveit.moveit.planners.ompl.model_based_planning_context]: Planner configuration 'panda_arm' will use planner 'geometric::RRTConnect'. Additional configuration parameters will be set when the planner is constructed.
[move_group-2] [INFO] [1789243924.391825717] [move_group]: Calling Planner 'OMPL'
[move_group-2] [INFO] [1789243924.406710699] [move_group]: Calling PlanningResponseAdapter 'AddTimeOptimalParameterization'
[move_group-2] [INFO] [1789243924.408352625] [move_group]: Calling PlanningResponseAdapter 'ValidateSolution'
[move_group-2] [INFO] [1789243924.408720626] [move_group]: Calling PlanningResponseAdapter 'DisplayMotionPath'
[move_group-2] [WARN] [1789243924.408793426] [move_group.moveit.moveit.ros.planning_pipeline]: The planner plugin did not fill out the 'planner_id' field of the MotionPlanResponse. Setting it to the planner ID name of the MotionPlanRequest assuming that the planner plugin does warn you if it does not use the requested planner.
[move_group-2] [INFO] [1789243924.408980979] [move_group.moveit.moveit.plugins.simple_controller_manager]: Returned 1 controllers in list
[move_group-2] [INFO] [1789243924.409019571] [move_group.moveit.moveit.plugins.simple_controller_manager]: Returned 1 controllers in list
[move_group-2] [INFO] [1789243924.409117203] [move_group.moveit.moveit.ros.trajectory_execution_manager]: Validating trajectory with allowed_start_tolerance 0.05
[move_group-2] [INFO] [1789243924.409226452] [move_group.moveit.moveit.ros.trajectory_execution_manager]: Starting trajectory execution ...
[move_group-2] [INFO] [1789243924.409281204] [move_group.moveit.moveit.plugins.simple_controller_manager]: Returned 1 controllers in list
[move_group-2] [INFO] [1789243924.409302484] [move_group.moveit.moveit.plugins.simple_controller_manager]: Returned 1 controllers in list
[move_group-2] [INFO] [1789243924.409461013] [moveit.simple_controller_manager.follow_joint_trajectory_controller_handle]: sending trajectory to panda_arm_controller
[move_group-2] [INFO] [1789243924.412661888] [moveit.simple_controller_manager.follow_joint_trajectory_controller_handle]: panda_arm_controller started execution
[move_group-2] [INFO] [1789243924.412713952] [moveit.simple_controller_manager.follow_joint_trajectory_controller_handle]: Goal request accepted!
[move_group-2] [INFO] [1789243935.746224293] [moveit.simple_controller_manager.follow_joint_trajectory_controller_handle]: Controller 'panda_arm_controller' successfully finished
[move_group-2] [INFO] [1789243935.746354374] [move_group.moveit.moveit.ros.trajectory_execution_manager]: Completed trajectory execution with status SUCCEEDED ...
[move_group-2] [INFO] [1789243935.749455121] [move_group.moveit.moveit.ros.move_group.move_action]: Solution was found and executed.
[move_group-2] [INFO] [1789244062.489816991] [move_group.moveit.moveit.ros.move_group.move_action]: MoveGroupMoveAction: Received request
[move_group-2] [INFO] [1789244062.490118112] [move_group.moveit.moveit.ros.move_group.move_action]: executing..
[move_group-2] [INFO] [1789244062.490302656] [move_group.moveit.moveit.ros.move_group.move_action]: Combined planning and execution request received for MoveGroup action. Forwarding to planning and execution pipeline.
[move_group-2] [WARN] [1789244062.490338049] [move_group.moveit.moveit.ros.move_group.capability]: Execution of motions should always start at the robot's current state. Ignoring the state supplied as start state in the motion planning request
[move_group-2] [WARN] [1789244062.490354369] [move_group.moveit.moveit.ros.move_group.capability]: Execution of motions should always start at the robot's current state. Ignoring the state supplied as difference in the planning scene diff
[move_group-2] [INFO] [1789244062.490367233] [move_group.moveit.moveit.ros.plan_execution]: Planning attempt 1 of at most 1
[move_group-2] [INFO] [1789244062.490542721] [move_group]: Calling PlanningRequestAdapter 'ResolveConstraintFrames'
[move_group-2] [INFO] [1789244062.490579393] [move_group]: Calling PlanningRequestAdapter 'ValidateWorkspaceBounds'
[move_group-2] [WARN] [1789244062.490588161] [move_group.moveit.moveit.ros.validate_workspace_bounds]: It looks like the planning volume was not specified. Using default values.
[move_group-2] [INFO] [1789244062.490609153] [move_group]: Calling PlanningRequestAdapter 'CheckStartStateBounds'
[move_group-2] [INFO] [1789244062.490631682] [move_group]: Calling PlanningRequestAdapter 'CheckStartStateCollision'
[move_group-2] [INFO] [1789244062.491024515] [move_group.moveit.moveit.planners.ompl.model_based_planning_context]: Planner configuration 'panda_arm' will use planner 'geometric::RRTConnect'. Additional configuration parameters will be set when the planner is constructed.
[move_group-2] [INFO] [1789244062.491139555] [move_group]: Calling Planner 'OMPL'
[move_group-2] [INFO] [1789244062.503690897] [move_group]: Calling PlanningResponseAdapter 'AddTimeOptimalParameterization'
[move_group-2] [INFO] [1789244062.504287891] [move_group]: Calling PlanningResponseAdapter 'ValidateSolution'
[move_group-2] [INFO] [1789244062.504461460] [move_group]: Calling PlanningResponseAdapter 'DisplayMotionPath'
[move_group-2] [WARN] [1789244062.504515316] [move_group.moveit.moveit.ros.planning_pipeline]: The planner plugin did not fill out the 'planner_id' field of the MotionPlanResponse. Setting it to the planner ID name of the MotionPlanRequest assuming that the planner plugin does warn you if it does not use the requested planner.
[move_group-2] [INFO] [1789244062.504661204] [move_group.moveit.moveit.plugins.simple_controller_manager]: Returned 1 controllers in list
[move_group-2] [INFO] [1789244062.504690580] [move_group.moveit.moveit.plugins.simple_controller_manager]: Returned 1 controllers in list
[move_group-2] [INFO] [1789244062.504753269] [move_group.moveit.moveit.ros.trajectory_execution_manager]: Validating trajectory with allowed_start_tolerance 0.05
[move_group-2] [INFO] [1789244062.504848789] [move_group.moveit.moveit.ros.trajectory_execution_manager]: Starting trajectory execution ...
[move_group-2] [INFO] [1789244062.504892533] [move_group.moveit.moveit.plugins.simple_controller_manager]: Returned 1 controllers in list
[move_group-2] [INFO] [1789244062.504910453] [move_group.moveit.moveit.plugins.simple_controller_manager]: Returned 1 controllers in list
[move_group-2] [INFO] [1789244062.505020566] [moveit.simple_controller_manager.follow_joint_trajectory_controller_handle]: sending trajectory to panda_arm_controller
[move_group-2] [INFO] [1789244062.507764191] [moveit.simple_controller_manager.follow_joint_trajectory_controller_handle]: panda_arm_controller started execution
[move_group-2] [INFO] [1789244062.507787008] [moveit.simple_controller_manager.follow_joint_trajectory_controller_handle]: Goal request accepted!
[move_group-2] [INFO] [1789244069.254881936] [moveit.simple_controller_manager.follow_joint_trajectory_controller_handle]: Controller 'panda_arm_controller' successfully finished
[move_group-2] [INFO] [1789244069.254982224] [move_group.moveit.moveit.ros.trajectory_execution_manager]: Completed trajectory execution with status SUCCEEDED ...
[move_group-2] [INFO] [1789244069.265165461] [move_group.moveit.moveit.ros.move_group.move_action]: Solution was found and executed.
[move_group-2] [INFO] [1789244315.678920287] [move_group.moveit.moveit.ros.move_group.move_action]: MoveGroupMoveAction: Received request
[move_group-2] [INFO] [1789244315.679271872] [move_group.moveit.moveit.ros.move_group.move_action]: executing..
[move_group-2] [INFO] [1789244315.679455649] [move_group.moveit.moveit.ros.move_group.move_action]: Combined planning and execution request received for MoveGroup action. Forwarding to planning and execution pipeline.
[move_group-2] [WARN] [1789244315.679487105] [move_group.moveit.moveit.ros.move_group.capability]: Execution of motions should always start at the robot's current state. Ignoring the state supplied as start state in the motion planning request
[move_group-2] [WARN] [1789244315.679504577] [move_group.moveit.moveit.ros.move_group.capability]: Execution of motions should always start at the robot's current state. Ignoring the state supplied as difference in the planning scene diff
[move_group-2] [INFO] [1789244315.679514753] [move_group.moveit.moveit.ros.plan_execution]: Planning attempt 1 of at most 1
[move_group-2] [INFO] [1789244315.679693377] [move_group]: Calling PlanningRequestAdapter 'ResolveConstraintFrames'
[move_group-2] [INFO] [1789244315.679727362] [move_group]: Calling PlanningRequestAdapter 'ValidateWorkspaceBounds'
[move_group-2] [WARN] [1789244315.679735522] [move_group.moveit.moveit.ros.validate_workspace_bounds]: It looks like the planning volume was not specified. Using default values.
[move_group-2] [INFO] [1789244315.679755330] [move_group]: Calling PlanningRequestAdapter 'CheckStartStateBounds'
[move_group-2] [INFO] [1789244315.679775778] [move_group]: Calling PlanningRequestAdapter 'CheckStartStateCollision'
[move_group-2] [INFO] [1789244315.680156387] [move_group.moveit.moveit.planners.ompl.model_based_planning_context]: Planner configuration 'panda_arm' will use planner 'geometric::RRTConnect'. Additional configuration parameters will be set when the planner is constructed.
[move_group-2] [INFO] [1789244315.680252356] [move_group]: Calling Planner 'OMPL'
[move_group-2] [INFO] [1789244315.693069650] [move_group]: Calling PlanningResponseAdapter 'AddTimeOptimalParameterization'
[move_group-2] [INFO] [1789244315.693620404] [move_group]: Calling PlanningResponseAdapter 'ValidateSolution'
[move_group-2] [INFO] [1789244315.693750068] [move_group]: Calling PlanningResponseAdapter 'DisplayMotionPath'
[move_group-2] [WARN] [1789244315.693806484] [move_group.moveit.moveit.ros.planning_pipeline]: The planner plugin did not fill out the 'planner_id' field of the MotionPlanResponse. Setting it to the planner ID name of the MotionPlanRequest assuming that the planner plugin does warn you if it does not use the requested planner.
[move_group-2] [INFO] [1789244315.693946389] [move_group.moveit.moveit.plugins.simple_controller_manager]: Returned 1 controllers in list
[move_group-2] [INFO] [1789244315.693979605] [move_group.moveit.moveit.plugins.simple_controller_manager]: Returned 1 controllers in list
[move_group-2] [INFO] [1789244315.694036373] [move_group.moveit.moveit.ros.trajectory_execution_manager]: Validating trajectory with allowed_start_tolerance 0.05
[move_group-2] [INFO] [1789244315.694166582] [move_group.moveit.moveit.ros.trajectory_execution_manager]: Starting trajectory execution ...
[move_group-2] [INFO] [1789244315.694222294] [move_group.moveit.moveit.plugins.simple_controller_manager]: Returned 1 controllers in list
[move_group-2] [INFO] [1789244315.694239766] [move_group.moveit.moveit.plugins.simple_controller_manager]: Returned 1 controllers in list
[move_group-2] [INFO] [1789244315.694349398] [moveit.simple_controller_manager.follow_joint_trajectory_controller_handle]: sending trajectory to panda_arm_controller
[move_group-2] [INFO] [1789244315.696318845] [moveit.simple_controller_manager.follow_joint_trajectory_controller_handle]: panda_arm_controller started execution
[move_group-2] [INFO] [1789244315.696342046] [moveit.simple_controller_manager.follow_joint_trajectory_controller_handle]: Goal request accepted!
[move_group-2] [WARN] [1789244321.330795451] [moveit.simple_controller_manager.follow_joint_trajectory_controller_handle]: Controller 'panda_arm_controller' failed with error GOAL_TOLERANCE_VIOLATED: final max joint error 0.1731 rad
[move_group-2] [WARN] [1789244321.330859196] [move_group.moveit.moveit.ros.trajectory_execution_manager]: Controller handle panda_arm_controller reports status ABORTED
[move_group-2] [INFO] [1789244321.330904092] [move_group.moveit.moveit.ros.trajectory_execution_manager]: Completed trajectory execution with status ABORTED ...
[move_group-2] [INFO] [1789244321.334337448] [move_group.moveit.moveit.ros.move_group.move_action]: CONTROL_FAILED
[move_group-2] [INFO] [1789244321.667539547] [move_group.moveit.moveit.ros.move_group.move_action]: MoveGroupMoveAction: Received request
[move_group-2] [INFO] [1789244321.667912093] [move_group.moveit.moveit.ros.move_group.move_action]: executing..
[move_group-2] [INFO] [1789244321.668138462] [move_group.moveit.moveit.ros.move_group.move_action]: Combined planning and execution request received for MoveGroup action. Forwarding to planning and execution pipeline.
[move_group-2] [WARN] [1789244321.668176382] [move_group.moveit.moveit.ros.move_group.capability]: Execution of motions should always start at the robot's current state. Ignoring the state supplied as start state in the motion planning request
[move_group-2] [WARN] [1789244321.668191070] [move_group.moveit.moveit.ros.move_group.capability]: Execution of motions should always start at the robot's current state. Ignoring the state supplied as difference in the planning scene diff
[move_group-2] [INFO] [1789244321.668204254] [move_group.moveit.moveit.ros.plan_execution]: Planning attempt 1 of at most 1
[move_group-2] [INFO] [1789244321.668464063] [move_group]: Calling PlanningRequestAdapter 'ResolveConstraintFrames'
[move_group-2] [INFO] [1789244321.668501279] [move_group]: Calling PlanningRequestAdapter 'ValidateWorkspaceBounds'
[move_group-2] [WARN] [1789244321.668510847] [move_group.moveit.moveit.ros.validate_workspace_bounds]: It looks like the planning volume was not specified. Using default values.
[move_group-2] [INFO] [1789244321.668535135] [move_group]: Calling PlanningRequestAdapter 'CheckStartStateBounds'
[move_group-2] [INFO] [1789244321.668560255] [move_group]: Calling PlanningRequestAdapter 'CheckStartStateCollision'
[move_group-2] [INFO] [1789244321.668974049] [move_group.moveit.moveit.planners.ompl.model_based_planning_context]: Planner configuration 'panda_arm' will use planner 'geometric::RRTConnect'. Additional configuration parameters will be set when the planner is constructed.
[move_group-2] [INFO] [1789244321.669074881] [move_group]: Calling Planner 'OMPL'
[move_group-2] [INFO] [1789244321.681870671] [move_group]: Calling PlanningResponseAdapter 'AddTimeOptimalParameterization'
[move_group-2] [INFO] [1789244321.682152048] [move_group]: Calling PlanningResponseAdapter 'ValidateSolution'
[move_group-2] [INFO] [1789244321.682249457] [move_group]: Calling PlanningResponseAdapter 'DisplayMotionPath'
[move_group-2] [WARN] [1789244321.682293585] [move_group.moveit.moveit.ros.planning_pipeline]: The planner plugin did not fill out the 'planner_id' field of the MotionPlanResponse. Setting it to the planner ID name of the MotionPlanRequest assuming that the planner plugin does warn you if it does not use the requested planner.
[move_group-2] [INFO] [1789244321.682438385] [move_group.moveit.moveit.plugins.simple_controller_manager]: Returned 1 controllers in list
[move_group-2] [INFO] [1789244321.682469329] [move_group.moveit.moveit.plugins.simple_controller_manager]: Returned 1 controllers in list
[move_group-2] [INFO] [1789244321.682522738] [move_group.moveit.moveit.ros.trajectory_execution_manager]: Validating trajectory with allowed_start_tolerance 0.05
[move_group-2] [INFO] [1789244321.682622354] [move_group.moveit.moveit.ros.trajectory_execution_manager]: Starting trajectory execution ...
[move_group-2] [INFO] [1789244321.682685970] [move_group.moveit.moveit.plugins.simple_controller_manager]: Returned 1 controllers in list
[move_group-2] [INFO] [1789244321.682705746] [move_group.moveit.moveit.plugins.simple_controller_manager]: Returned 1 controllers in list
[move_group-2] [INFO] [1789244321.682838611] [moveit.simple_controller_manager.follow_joint_trajectory_controller_handle]: sending trajectory to panda_arm_controller
[move_group-2] [INFO] [1789244321.684573081] [moveit.simple_controller_manager.follow_joint_trajectory_controller_handle]: panda_arm_controller started execution
[move_group-2] [INFO] [1789244321.684597657] [moveit.simple_controller_manager.follow_joint_trajectory_controller_handle]: Goal request accepted!
[move_group-2] [INFO] [1789244325.841418718] [moveit.simple_controller_manager.follow_joint_trajectory_controller_handle]: Controller 'panda_arm_controller' successfully finished
[move_group-2] [INFO] [1789244325.841517310] [move_group.moveit.moveit.ros.trajectory_execution_manager]: Completed trajectory execution with status SUCCEEDED ...
[move_group-2] [INFO] [1789244325.842841219] [move_group.moveit.moveit.ros.move_group.move_action]: Solution was found and executed.
[move_group-2] [INFO] [1789245143.682249566] [move_group.moveit.moveit.ros.move_group.move_action]: MoveGroupMoveAction: Received request
[move_group-2] [INFO] [1789245143.682645504] [move_group.moveit.moveit.ros.move_group.move_action]: executing..
[move_group-2] [INFO] [1789245143.682881313] [move_group.moveit.moveit.ros.move_group.move_action]: Combined planning and execution request received for MoveGroup action. Forwarding to planning and execution pipeline.
[move_group-2] [WARN] [1789245143.682915169] [move_group.moveit.moveit.ros.move_group.capability]: Execution of motions should always start at the robot's current state. Ignoring the state supplied as start state in the motion planning request
[move_group-2] [WARN] [1789245143.682929697] [move_group.moveit.moveit.ros.move_group.capability]: Execution of motions should always start at the robot's current state. Ignoring the state supplied as difference in the planning scene diff
[move_group-2] [INFO] [1789245143.682942081] [move_group.moveit.moveit.ros.plan_execution]: Planning attempt 1 of at most 1
[move_group-2] [INFO] [1789245143.683190050] [move_group]: Calling PlanningRequestAdapter 'ResolveConstraintFrames'
[move_group-2] [INFO] [1789245143.683235138] [move_group]: Calling PlanningRequestAdapter 'ValidateWorkspaceBounds'
[move_group-2] [WARN] [1789245143.683244258] [move_group.moveit.moveit.ros.validate_workspace_bounds]: It looks like the planning volume was not specified. Using default values.
[move_group-2] [INFO] [1789245143.683265794] [move_group]: Calling PlanningRequestAdapter 'CheckStartStateBounds'
[move_group-2] [INFO] [1789245143.683288194] [move_group]: Calling PlanningRequestAdapter 'CheckStartStateCollision'
[move_group-2] [INFO] [1789245143.683698148] [move_group.moveit.moveit.planners.ompl.model_based_planning_context]: Planner configuration 'panda_arm' will use planner 'geometric::RRTConnect'. Additional configuration parameters will be set when the planner is constructed.
[move_group-2] [INFO] [1789245143.683787076] [move_group]: Calling Planner 'OMPL'
[move_group-2] [INFO] [1789245143.696915539] [move_group]: Calling PlanningResponseAdapter 'AddTimeOptimalParameterization'
[move_group-2] [INFO] [1789245143.697570646] [move_group]: Calling PlanningResponseAdapter 'ValidateSolution'
[move_group-2] [INFO] [1789245143.697791383] [move_group]: Calling PlanningResponseAdapter 'DisplayMotionPath'
[move_group-2] [WARN] [1789245143.697853623] [move_group.moveit.moveit.ros.planning_pipeline]: The planner plugin did not fill out the 'planner_id' field of the MotionPlanResponse. Setting it to the planner ID name of the MotionPlanRequest assuming that the planner plugin does warn you if it does not use the requested planner.
[move_group-2] [INFO] [1789245143.698016791] [move_group.moveit.moveit.plugins.simple_controller_manager]: Returned 1 controllers in list
[move_group-2] [INFO] [1789245143.698065208] [move_group.moveit.moveit.plugins.simple_controller_manager]: Returned 1 controllers in list
[move_group-2] [INFO] [1789245143.698129592] [move_group.moveit.moveit.ros.trajectory_execution_manager]: Validating trajectory with allowed_start_tolerance 0.05
[move_group-2] [INFO] [1789245143.698232376] [move_group.moveit.moveit.ros.trajectory_execution_manager]: Starting trajectory execution ...
[move_group-2] [INFO] [1789245143.698284184] [move_group.moveit.moveit.plugins.simple_controller_manager]: Returned 1 controllers in list
[move_group-2] [INFO] [1789245143.698302648] [move_group.moveit.moveit.plugins.simple_controller_manager]: Returned 1 controllers in list
[move_group-2] [INFO] [1789245143.698432889] [moveit.simple_controller_manager.follow_joint_trajectory_controller_handle]: sending trajectory to panda_arm_controller
[move_group-2] [INFO] [1789245143.700943234] [moveit.simple_controller_manager.follow_joint_trajectory_controller_handle]: panda_arm_controller started execution
[move_group-2] [INFO] [1789245143.700966146] [moveit.simple_controller_manager.follow_joint_trajectory_controller_handle]: Goal request accepted!
[move_group-2] [WARN] [1789245150.816576213] [moveit.simple_controller_manager.follow_joint_trajectory_controller_handle]: Controller 'panda_arm_controller' failed with error GOAL_TOLERANCE_VIOLATED: final max joint error 0.0673 rad
[move_group-2] [WARN] [1789245150.816642293] [move_group.moveit.moveit.ros.trajectory_execution_manager]: Controller handle panda_arm_controller reports status ABORTED
[move_group-2] [INFO] [1789245150.816697621] [move_group.moveit.moveit.ros.trajectory_execution_manager]: Completed trajectory execution with status ABORTED ...
[move_group-2] [INFO] [1789245150.818421852] [move_group.moveit.moveit.ros.move_group.move_action]: CONTROL_FAILED
[move_group-2] [INFO] [1789245151.168383147] [move_group.moveit.moveit.ros.move_group.move_action]: MoveGroupMoveAction: Received request
[move_group-2] [INFO] [1789245151.168805868] [move_group.moveit.moveit.ros.move_group.move_action]: executing..
[move_group-2] [INFO] [1789245151.169081389] [move_group.moveit.moveit.ros.move_group.move_action]: Combined planning and execution request received for MoveGroup action. Forwarding to planning and execution pipeline.
[move_group-2] [WARN] [1789245151.169119886] [move_group.moveit.moveit.ros.move_group.capability]: Execution of motions should always start at the robot's current state. Ignoring the state supplied as start state in the motion planning request
[move_group-2] [WARN] [1789245151.169139694] [move_group.moveit.moveit.ros.move_group.capability]: Execution of motions should always start at the robot's current state. Ignoring the state supplied as difference in the planning scene diff
[move_group-2] [INFO] [1789245151.169151278] [move_group.moveit.moveit.ros.plan_execution]: Planning attempt 1 of at most 1
[move_group-2] [INFO] [1789245151.169480079] [move_group]: Calling PlanningRequestAdapter 'ResolveConstraintFrames'
[move_group-2] [INFO] [1789245151.169518383] [move_group]: Calling PlanningRequestAdapter 'ValidateWorkspaceBounds'
[move_group-2] [WARN] [1789245151.169526479] [move_group.moveit.moveit.ros.validate_workspace_bounds]: It looks like the planning volume was not specified. Using default values.
[move_group-2] [INFO] [1789245151.169548495] [move_group]: Calling PlanningRequestAdapter 'CheckStartStateBounds'
[move_group-2] [INFO] [1789245151.169571983] [move_group]: Calling PlanningRequestAdapter 'CheckStartStateCollision'
[move_group-2] [INFO] [1789245151.169988401] [move_group.moveit.moveit.planners.ompl.model_based_planning_context]: Planner configuration 'panda_arm' will use planner 'geometric::RRTConnect'. Additional configuration parameters will be set when the planner is constructed.
[move_group-2] [INFO] [1789245151.170094001] [move_group]: Calling Planner 'OMPL'
[move_group-2] [INFO] [1789245151.183125216] [move_group]: Calling PlanningResponseAdapter 'AddTimeOptimalParameterization'
[move_group-2] [INFO] [1789245151.183378145] [move_group]: Calling PlanningResponseAdapter 'ValidateSolution'
[move_group-2] [INFO] [1789245151.183473569] [move_group]: Calling PlanningResponseAdapter 'DisplayMotionPath'
[move_group-2] [WARN] [1789245151.183519585] [move_group.moveit.moveit.ros.planning_pipeline]: The planner plugin did not fill out the 'planner_id' field of the MotionPlanResponse. Setting it to the planner ID name of the MotionPlanRequest assuming that the planner plugin does warn you if it does not use the requested planner.
[move_group-2] [INFO] [1789245151.183706210] [move_group.moveit.moveit.plugins.simple_controller_manager]: Returned 1 controllers in list
[move_group-2] [INFO] [1789245151.183740322] [move_group.moveit.moveit.plugins.simple_controller_manager]: Returned 1 controllers in list
[move_group-2] [INFO] [1789245151.183817987] [move_group.moveit.moveit.ros.trajectory_execution_manager]: Validating trajectory with allowed_start_tolerance 0.05
[move_group-2] [INFO] [1789245151.183927747] [move_group.moveit.moveit.ros.trajectory_execution_manager]: Starting trajectory execution ...
[move_group-2] [INFO] [1789245151.183982499] [move_group.moveit.moveit.plugins.simple_controller_manager]: Returned 1 controllers in list
[move_group-2] [INFO] [1789245151.184002083] [move_group.moveit.moveit.plugins.simple_controller_manager]: Returned 1 controllers in list
[move_group-2] [INFO] [1789245151.184144388] [moveit.simple_controller_manager.follow_joint_trajectory_controller_handle]: sending trajectory to panda_arm_controller
[move_group-2] [INFO] [1789245151.186831917] [moveit.simple_controller_manager.follow_joint_trajectory_controller_handle]: panda_arm_controller started execution
[move_group-2] [INFO] [1789245151.186857742] [moveit.simple_controller_manager.follow_joint_trajectory_controller_handle]: Goal request accepted!
[move_group-2] [INFO] [1789245155.223915065] [moveit.simple_controller_manager.follow_joint_trajectory_controller_handle]: Controller 'panda_arm_controller' successfully finished
[move_group-2] [INFO] [1789245155.224024569] [move_group.moveit.moveit.ros.trajectory_execution_manager]: Completed trajectory execution with status SUCCEEDED ...
[move_group-2] [INFO] [1789245155.234075933] [move_group.moveit.moveit.ros.move_group.move_action]: Solution was found and executed.
[move_group-2] [INFO] [1789245181.178353833] [move_group.moveit.moveit.ros.move_group.move_action]: MoveGroupMoveAction: Received request
[move_group-2] [INFO] [1789245181.178721066] [move_group.moveit.moveit.ros.move_group.move_action]: executing..
[move_group-2] [INFO] [1789245181.178925355] [move_group.moveit.moveit.ros.move_group.move_action]: Combined planning and execution request received for MoveGroup action. Forwarding to planning and execution pipeline.
[move_group-2] [WARN] [1789245181.178958955] [move_group.moveit.moveit.ros.move_group.capability]: Execution of motions should always start at the robot's current state. Ignoring the state supplied as start state in the motion planning request
[move_group-2] [WARN] [1789245181.178974251] [move_group.moveit.moveit.ros.move_group.capability]: Execution of motions should always start at the robot's current state. Ignoring the state supplied as difference in the planning scene diff
[move_group-2] [INFO] [1789245181.178985707] [move_group.moveit.moveit.ros.plan_execution]: Planning attempt 1 of at most 1
[move_group-2] [INFO] [1789245181.179205292] [move_group]: Calling PlanningRequestAdapter 'ResolveConstraintFrames'
[move_group-2] [INFO] [1789245181.179249036] [move_group]: Calling PlanningRequestAdapter 'ValidateWorkspaceBounds'
[move_group-2] [WARN] [1789245181.179257676] [move_group.moveit.moveit.ros.validate_workspace_bounds]: It looks like the planning volume was not specified. Using default values.
[move_group-2] [INFO] [1789245181.179279500] [move_group]: Calling PlanningRequestAdapter 'CheckStartStateBounds'
[move_group-2] [INFO] [1789245181.179301868] [move_group]: Calling PlanningRequestAdapter 'CheckStartStateCollision'
[move_group-2] [INFO] [1789245181.179688973] [move_group.moveit.moveit.planners.ompl.model_based_planning_context]: Planner configuration 'panda_arm' will use planner 'geometric::RRTConnect'. Additional configuration parameters will be set when the planner is constructed.
[move_group-2] [INFO] [1789245181.179781934] [move_group]: Calling Planner 'OMPL'
[move_group-2] [INFO] [1789245181.192363195] [move_group]: Calling PlanningResponseAdapter 'AddTimeOptimalParameterization'
[move_group-2] [INFO] [1789245181.193115582] [move_group]: Calling PlanningResponseAdapter 'ValidateSolution'
[move_group-2] [INFO] [1789245181.193269918] [move_group]: Calling PlanningResponseAdapter 'DisplayMotionPath'
[move_group-2] [WARN] [1789245181.193324575] [move_group.moveit.moveit.ros.planning_pipeline]: The planner plugin did not fill out the 'planner_id' field of the MotionPlanResponse. Setting it to the planner ID name of the MotionPlanRequest assuming that the planner plugin does warn you if it does not use the requested planner.
[move_group-2] [INFO] [1789245181.193459391] [move_group.moveit.moveit.plugins.simple_controller_manager]: Returned 1 controllers in list
[move_group-2] [INFO] [1789245181.193496127] [move_group.moveit.moveit.plugins.simple_controller_manager]: Returned 1 controllers in list
[move_group-2] [INFO] [1789245181.193551839] [move_group.moveit.moveit.ros.trajectory_execution_manager]: Validating trajectory with allowed_start_tolerance 0.05
[move_group-2] [INFO] [1789245181.193641760] [move_group.moveit.moveit.ros.trajectory_execution_manager]: Starting trajectory execution ...
[move_group-2] [INFO] [1789245181.193689248] [move_group.moveit.moveit.plugins.simple_controller_manager]: Returned 1 controllers in list
[move_group-2] [INFO] [1789245181.193707360] [move_group.moveit.moveit.plugins.simple_controller_manager]: Returned 1 controllers in list
[move_group-2] [INFO] [1789245181.193845472] [moveit.simple_controller_manager.follow_joint_trajectory_controller_handle]: sending trajectory to panda_arm_controller
[move_group-2] [INFO] [1789245181.195929448] [moveit.simple_controller_manager.follow_joint_trajectory_controller_handle]: panda_arm_controller started execution
[move_group-2] [INFO] [1789245181.195952296] [moveit.simple_controller_manager.follow_joint_trajectory_controller_handle]: Goal request accepted!
[move_group-2] [WARN] [1789245187.682714845] [moveit.simple_controller_manager.follow_joint_trajectory_controller_handle]: Controller 'panda_arm_controller' failed with error GOAL_TOLERANCE_VIOLATED: final max joint error 0.2906 rad
[move_group-2] [WARN] [1789245187.682782622] [move_group.moveit.moveit.ros.trajectory_execution_manager]: Controller handle panda_arm_controller reports status ABORTED
[move_group-2] [INFO] [1789245187.682829950] [move_group.moveit.moveit.ros.trajectory_execution_manager]: Completed trajectory execution with status ABORTED ...
[move_group-2] [INFO] [1789245187.683835617] [move_group.moveit.moveit.ros.move_group.move_action]: CONTROL_FAILED
[move_group-2] [INFO] [1789245188.168710359] [move_group.moveit.moveit.ros.move_group.move_action]: MoveGroupMoveAction: Received request
[move_group-2] [INFO] [1789245188.169087353] [move_group.moveit.moveit.ros.move_group.move_action]: executing..
[move_group-2] [INFO] [1789245188.169315130] [move_group.moveit.moveit.ros.move_group.move_action]: Combined planning and execution request received for MoveGroup action. Forwarding to planning and execution pipeline.
[move_group-2] [WARN] [1789245188.169344730] [move_group.moveit.moveit.ros.move_group.capability]: Execution of motions should always start at the robot's current state. Ignoring the state supplied as start state in the motion planning request
[move_group-2] [WARN] [1789245188.169359546] [move_group.moveit.moveit.ros.move_group.capability]: Execution of motions should always start at the robot's current state. Ignoring the state supplied as difference in the planning scene diff
[move_group-2] [INFO] [1789245188.169371834] [move_group.moveit.moveit.ros.plan_execution]: Planning attempt 1 of at most 1
[move_group-2] [INFO] [1789245188.169685563] [move_group]: Calling PlanningRequestAdapter 'ResolveConstraintFrames'
[move_group-2] [INFO] [1789245188.169718235] [move_group]: Calling PlanningRequestAdapter 'ValidateWorkspaceBounds'
[move_group-2] [WARN] [1789245188.169726843] [move_group.moveit.moveit.ros.validate_workspace_bounds]: It looks like the planning volume was not specified. Using default values.
[move_group-2] [INFO] [1789245188.169749435] [move_group]: Calling PlanningRequestAdapter 'CheckStartStateBounds'
[move_group-2] [INFO] [1789245188.169773467] [move_group]: Calling PlanningRequestAdapter 'CheckStartStateCollision'
[move_group-2] [INFO] [1789245188.170202269] [move_group.moveit.moveit.planners.ompl.model_based_planning_context]: Planner configuration 'panda_arm' will use planner 'geometric::RRTConnect'. Additional configuration parameters will be set when the planner is constructed.
[move_group-2] [INFO] [1789245188.170292221] [move_group]: Calling Planner 'OMPL'
[move_group-2] [INFO] [1789245188.182693194] [move_group]: Calling PlanningResponseAdapter 'AddTimeOptimalParameterization'
[move_group-2] [INFO] [1789245188.183108203] [move_group]: Calling PlanningResponseAdapter 'ValidateSolution'
[move_group-2] [INFO] [1789245188.183220204] [move_group]: Calling PlanningResponseAdapter 'DisplayMotionPath'
[move_group-2] [WARN] [1789245188.183270636] [move_group.moveit.moveit.ros.planning_pipeline]: The planner plugin did not fill out the 'planner_id' field of the MotionPlanResponse. Setting it to the planner ID name of the MotionPlanRequest assuming that the planner plugin does warn you if it does not use the requested planner.
[move_group-2] [INFO] [1789245188.183413517] [move_group.moveit.moveit.plugins.simple_controller_manager]: Returned 1 controllers in list
[move_group-2] [INFO] [1789245188.183442541] [move_group.moveit.moveit.plugins.simple_controller_manager]: Returned 1 controllers in list
[move_group-2] [INFO] [1789245188.183499853] [move_group.moveit.moveit.ros.trajectory_execution_manager]: Validating trajectory with allowed_start_tolerance 0.05
[move_group-2] [INFO] [1789245188.183590637] [move_group.moveit.moveit.ros.trajectory_execution_manager]: Starting trajectory execution ...
[move_group-2] [INFO] [1789245188.183640909] [move_group.moveit.moveit.plugins.simple_controller_manager]: Returned 1 controllers in list
[move_group-2] [INFO] [1789245188.183659757] [move_group.moveit.moveit.plugins.simple_controller_manager]: Returned 1 controllers in list
[move_group-2] [INFO] [1789245188.183788782] [moveit.simple_controller_manager.follow_joint_trajectory_controller_handle]: sending trajectory to panda_arm_controller
[move_group-2] [INFO] [1789245188.186025142] [moveit.simple_controller_manager.follow_joint_trajectory_controller_handle]: panda_arm_controller started execution
[move_group-2] [INFO] [1789245188.186062742] [moveit.simple_controller_manager.follow_joint_trajectory_controller_handle]: Goal request accepted!
[move_group-2] [INFO] [1789245193.107269241] [moveit.simple_controller_manager.follow_joint_trajectory_controller_handle]: Controller 'panda_arm_controller' successfully finished
[move_group-2] [INFO] [1789245193.107385401] [move_group.moveit.moveit.ros.trajectory_execution_manager]: Completed trajectory execution with status SUCCEEDED ...
[move_group-2] [INFO] [1789245193.113761616] [move_group.moveit.moveit.ros.move_group.move_action]: Solution was found and executed.
[move_group-2] [WARN] [1789246877.650300969] [move_group.rclcpp]: failed to send response to /compute_ik (timeout): client will not receive response, at ./src/rmw_response.cpp:153, at ./src/rcl/service.c:400
[move_group-2] [WARN] [1789246878.753634921] [move_group.rclcpp]: failed to send response to /compute_ik (timeout): client will not receive response, at ./src/rmw_response.cpp:153, at ./src/rcl/service.c:400
[move_group-2] [WARN] [1789246879.854589664] [move_group.rclcpp]: failed to send response to /compute_ik (timeout): client will not receive response, at ./src/rmw_response.cpp:153, at ./src/rcl/service.c:400
[move_group-2] [WARN] [1789246880.956211961] [move_group.rclcpp]: failed to send response to /compute_ik (timeout): client will not receive response, at ./src/rmw_response.cpp:153, at ./src/rcl/service.c:400
[move_group-2] [WARN] [1789246882.056903279] [move_group.rclcpp]: failed to send response to /compute_ik (timeout): client will not receive response, at ./src/rmw_response.cpp:153, at ./src/rcl/service.c:400
[move_group-2] [WARN] [1789246883.157987303] [move_group.rclcpp]: failed to send response to /compute_ik (timeout): client will not receive response, at ./src/rmw_response.cpp:153, at ./src/rcl/service.c:400
[move_group-2] [WARN] [1789246884.259261375] [move_group.rclcpp]: failed to send response to /compute_ik (timeout): client will not receive response, at ./src/rmw_response.cpp:153, at ./src/rcl/service.c:400
[move_group-2] [WARN] [1789246885.360209014] [move_group.rclcpp]: failed to send response to /compute_ik (timeout): client will not receive response, at ./src/rmw_response.cpp:153, at ./src/rcl/service.c:400
[move_group-2] [WARN] [1789246886.460810123] [move_group.rclcpp]: failed to send response to /compute_ik (timeout): client will not receive response, at ./src/rmw_response.cpp:153, at ./src/rcl/service.c:400
[move_group-2] [INFO] [1789247094.180910990] [move_group.moveit.moveit.ros.move_group.move_action]: MoveGroupMoveAction: Received request
[move_group-2] [INFO] [1789247094.181261039] [move_group.moveit.moveit.ros.move_group.move_action]: executing..
[move_group-2] [INFO] [1789247094.181456592] [move_group.moveit.moveit.ros.move_group.move_action]: Combined planning and execution request received for MoveGroup action. Forwarding to planning and execution pipeline.
[move_group-2] [WARN] [1789247094.181484336] [move_group.moveit.moveit.ros.move_group.capability]: Execution of motions should always start at the robot's current state. Ignoring the state supplied as start state in the motion planning request
[move_group-2] [WARN] [1789247094.181498832] [move_group.moveit.moveit.ros.move_group.capability]: Execution of motions should always start at the robot's current state. Ignoring the state supplied as difference in the planning scene diff
[move_group-2] [INFO] [1789247094.181509776] [move_group.moveit.moveit.ros.plan_execution]: Planning attempt 1 of at most 1
[move_group-2] [INFO] [1789247094.181704945] [move_group]: Calling PlanningRequestAdapter 'ResolveConstraintFrames'
[move_group-2] [INFO] [1789247094.181741745] [move_group]: Calling PlanningRequestAdapter 'ValidateWorkspaceBounds'
[move_group-2] [WARN] [1789247094.181749777] [move_group.moveit.moveit.ros.validate_workspace_bounds]: It looks like the planning volume was not specified. Using default values.
[move_group-2] [INFO] [1789247094.181769745] [move_group]: Calling PlanningRequestAdapter 'CheckStartStateBounds'
[move_group-2] [INFO] [1789247094.181792401] [move_group]: Calling PlanningRequestAdapter 'CheckStartStateCollision'
[move_group-2] [INFO] [1789247094.182198034] [move_group.moveit.moveit.planners.ompl.model_based_planning_context]: Planner configuration 'panda_arm' will use planner 'geometric::RRTConnect'. Additional configuration parameters will be set when the planner is constructed.
[move_group-2] [INFO] [1789247094.182287411] [move_group]: Calling Planner 'OMPL'
[move_group-2] [INFO] [1789247094.195560930] [move_group]: Calling PlanningResponseAdapter 'AddTimeOptimalParameterization'
[move_group-2] [INFO] [1789247094.196361829] [move_group]: Calling PlanningResponseAdapter 'ValidateSolution'
[move_group-2] [INFO] [1789247094.196535846] [move_group]: Calling PlanningResponseAdapter 'DisplayMotionPath'
[move_group-2] [WARN] [1789247094.196593414] [move_group.moveit.moveit.ros.planning_pipeline]: The planner plugin did not fill out the 'planner_id' field of the MotionPlanResponse. Setting it to the planner ID name of the MotionPlanRequest assuming that the planner plugin does warn you if it does not use the requested planner.
[move_group-2] [INFO] [1789247094.196744486] [move_group.moveit.moveit.plugins.simple_controller_manager]: Returned 1 controllers in list
[move_group-2] [INFO] [1789247094.196778375] [move_group.moveit.moveit.plugins.simple_controller_manager]: Returned 1 controllers in list
[move_group-2] [INFO] [1789247094.196837223] [move_group.moveit.moveit.ros.trajectory_execution_manager]: Validating trajectory with allowed_start_tolerance 0.05
[move_group-2] [INFO] [1789247094.196931655] [move_group.moveit.moveit.ros.trajectory_execution_manager]: Starting trajectory execution ...
[move_group-2] [INFO] [1789247094.196984391] [move_group.moveit.moveit.plugins.simple_controller_manager]: Returned 1 controllers in list
[move_group-2] [INFO] [1789247094.197002151] [move_group.moveit.moveit.plugins.simple_controller_manager]: Returned 1 controllers in list
[move_group-2] [INFO] [1789247094.197124680] [moveit.simple_controller_manager.follow_joint_trajectory_controller_handle]: sending trajectory to panda_arm_controller
[move_group-2] [INFO] [1789247094.199098703] [moveit.simple_controller_manager.follow_joint_trajectory_controller_handle]: panda_arm_controller started execution
[move_group-2] [INFO] [1789247094.199122127] [moveit.simple_controller_manager.follow_joint_trajectory_controller_handle]: Goal request accepted!
[move_group-2] [WARN] [1789247100.570028294] [moveit.simple_controller_manager.follow_joint_trajectory_controller_handle]: Controller 'panda_arm_controller' failed with error GOAL_TOLERANCE_VIOLATED: final max joint error 0.4465 rad
[move_group-2] [WARN] [1789247100.570154566] [move_group.moveit.moveit.ros.trajectory_execution_manager]: Controller handle panda_arm_controller reports status ABORTED
[move_group-2] [INFO] [1789247100.570268199] [move_group.moveit.moveit.ros.trajectory_execution_manager]: Completed trajectory execution with status ABORTED ...
[move_group-2] [INFO] [1789247100.577225760] [move_group.moveit.moveit.ros.move_group.move_action]: CONTROL_FAILED
[move_group-2] [INFO] [1789247100.667662467] [move_group.moveit.moveit.ros.move_group.move_action]: MoveGroupMoveAction: Received request
[move_group-2] [INFO] [1789247100.668091013] [move_group.moveit.moveit.ros.move_group.move_action]: executing..
[move_group-2] [INFO] [1789247100.668332997] [move_group.moveit.moveit.ros.move_group.move_action]: Combined planning and execution request received for MoveGroup action. Forwarding to planning and execution pipeline.
[move_group-2] [WARN] [1789247100.668370630] [move_group.moveit.moveit.ros.move_group.capability]: Execution of motions should always start at the robot's current state. Ignoring the state supplied as start state in the motion planning request
[move_group-2] [WARN] [1789247100.668391046] [move_group.moveit.moveit.ros.move_group.capability]: Execution of motions should always start at the robot's current state. Ignoring the state supplied as difference in the planning scene diff
[move_group-2] [INFO] [1789247100.668407814] [move_group.moveit.moveit.ros.plan_execution]: Planning attempt 1 of at most 1
[move_group-2] [INFO] [1789247100.668633575] [move_group]: Calling PlanningRequestAdapter 'ResolveConstraintFrames'
[move_group-2] [INFO] [1789247100.668672679] [move_group]: Calling PlanningRequestAdapter 'ValidateWorkspaceBounds'
[move_group-2] [WARN] [1789247100.668683623] [move_group.moveit.moveit.ros.validate_workspace_bounds]: It looks like the planning volume was not specified. Using default values.
[move_group-2] [INFO] [1789247100.668709319] [move_group]: Calling PlanningRequestAdapter 'CheckStartStateBounds'
[move_group-2] [INFO] [1789247100.668733127] [move_group]: Calling PlanningRequestAdapter 'CheckStartStateCollision'
[move_group-2] [INFO] [1789247100.669188809] [move_group.moveit.moveit.planners.ompl.model_based_planning_context]: Planner configuration 'panda_arm' will use planner 'geometric::RRTConnect'. Additional configuration parameters will be set when the planner is constructed.
[move_group-2] [INFO] [1789247100.669288905] [move_group]: Calling Planner 'OMPL'
[move_group-2] [INFO] [1789247100.682330999] [move_group]: Calling PlanningResponseAdapter 'AddTimeOptimalParameterization'
[move_group-2] [INFO] [1789247100.682775225] [move_group]: Calling PlanningResponseAdapter 'ValidateSolution'
[move_group-2] [INFO] [1789247100.682941370] [move_group]: Calling PlanningResponseAdapter 'DisplayMotionPath'
[move_group-2] [WARN] [1789247100.683000922] [move_group.moveit.moveit.ros.planning_pipeline]: The planner plugin did not fill out the 'planner_id' field of the MotionPlanResponse. Setting it to the planner ID name of the MotionPlanRequest assuming that the planner plugin does warn you if it does not use the requested planner.
[move_group-2] [INFO] [1789247100.683172506] [move_group.moveit.moveit.plugins.simple_controller_manager]: Returned 1 controllers in list
[move_group-2] [INFO] [1789247100.683212571] [move_group.moveit.moveit.plugins.simple_controller_manager]: Returned 1 controllers in list
[move_group-2] [INFO] [1789247100.683269435] [move_group.moveit.moveit.ros.trajectory_execution_manager]: Validating trajectory with allowed_start_tolerance 0.05
[move_group-2] [INFO] [1789247100.683375163] [move_group.moveit.moveit.ros.trajectory_execution_manager]: Starting trajectory execution ...
[move_group-2] [INFO] [1789247100.683441499] [move_group.moveit.moveit.plugins.simple_controller_manager]: Returned 1 controllers in list
[move_group-2] [INFO] [1789247100.683462555] [move_group.moveit.moveit.plugins.simple_controller_manager]: Returned 1 controllers in list
[move_group-2] [INFO] [1789247100.683587804] [moveit.simple_controller_manager.follow_joint_trajectory_controller_handle]: sending trajectory to panda_arm_controller
[move_group-2] [INFO] [1789247100.685650275] [moveit.simple_controller_manager.follow_joint_trajectory_controller_handle]: panda_arm_controller started execution
[move_group-2] [INFO] [1789247100.685674851] [moveit.simple_controller_manager.follow_joint_trajectory_controller_handle]: Goal request accepted!
[move_group-2] [WARN] [1789247105.791635280] [moveit.simple_controller_manager.follow_joint_trajectory_controller_handle]: Controller 'panda_arm_controller' failed with error GOAL_TOLERANCE_VIOLATED: final max joint error 0.1666 rad
[move_group-2] [WARN] [1789247105.791693905] [move_group.moveit.moveit.ros.trajectory_execution_manager]: Controller handle panda_arm_controller reports status ABORTED
[move_group-2] [INFO] [1789247105.791736113] [move_group.moveit.moveit.ros.trajectory_execution_manager]: Completed trajectory execution with status ABORTED ...
[move_group-2] [INFO] [1789247105.793615640] [move_group.moveit.moveit.ros.move_group.move_action]: CONTROL_FAILED
[move_group-2] [INFO] [1789247106.167278799] [move_group.moveit.moveit.ros.move_group.move_action]: MoveGroupMoveAction: Received request
[move_group-2] [INFO] [1789247106.167728817] [move_group.moveit.moveit.ros.move_group.move_action]: executing..
[move_group-2] [INFO] [1789247106.167974930] [move_group.moveit.moveit.ros.move_group.move_action]: Combined planning and execution request received for MoveGroup action. Forwarding to planning and execution pipeline.
[move_group-2] [WARN] [1789247106.168014418] [move_group.moveit.moveit.ros.move_group.capability]: Execution of motions should always start at the robot's current state. Ignoring the state supplied as start state in the motion planning request
[move_group-2] [WARN] [1789247106.168034194] [move_group.moveit.moveit.ros.move_group.capability]: Execution of motions should always start at the robot's current state. Ignoring the state supplied as difference in the planning scene diff
[move_group-2] [INFO] [1789247106.168060626] [move_group.moveit.moveit.ros.plan_execution]: Planning attempt 1 of at most 1
[move_group-2] [INFO] [1789247106.168458068] [move_group]: Calling PlanningRequestAdapter 'ResolveConstraintFrames'
[move_group-2] [INFO] [1789247106.168500628] [move_group]: Calling PlanningRequestAdapter 'ValidateWorkspaceBounds'
[move_group-2] [WARN] [1789247106.168511284] [move_group.moveit.moveit.ros.validate_workspace_bounds]: It looks like the planning volume was not specified. Using default values.
[move_group-2] [INFO] [1789247106.168535284] [move_group]: Calling PlanningRequestAdapter 'CheckStartStateBounds'
[move_group-2] [INFO] [1789247106.168565556] [move_group]: Calling PlanningRequestAdapter 'CheckStartStateCollision'
[move_group-2] [INFO] [1789247106.169141654] [move_group.moveit.moveit.planners.ompl.model_based_planning_context]: Planner configuration 'panda_arm' will use planner 'geometric::RRTConnect'. Additional configuration parameters will be set when the planner is constructed.
[move_group-2] [INFO] [1789247106.169220758] [move_group]: Calling Planner 'OMPL'
[move_group-2] [INFO] [1789247106.181900804] [move_group]: Calling PlanningResponseAdapter 'AddTimeOptimalParameterization'
[move_group-2] [INFO] [1789247106.182176709] [move_group]: Calling PlanningResponseAdapter 'ValidateSolution'
[move_group-2] [INFO] [1789247106.182311685] [move_group]: Calling PlanningResponseAdapter 'DisplayMotionPath'
[move_group-2] [WARN] [1789247106.182360677] [move_group.moveit.moveit.ros.planning_pipeline]: The planner plugin did not fill out the 'planner_id' field of the MotionPlanResponse. Setting it to the planner ID name of the MotionPlanRequest assuming that the planner plugin does warn you if it does not use the requested planner.
[move_group-2] [INFO] [1789247106.182512934] [move_group.moveit.moveit.plugins.simple_controller_manager]: Returned 1 controllers in list
[move_group-2] [INFO] [1789247106.182545702] [move_group.moveit.moveit.plugins.simple_controller_manager]: Returned 1 controllers in list
[move_group-2] [INFO] [1789247106.182611174] [move_group.moveit.moveit.ros.trajectory_execution_manager]: Validating trajectory with allowed_start_tolerance 0.05
[move_group-2] [INFO] [1789247106.182705031] [move_group.moveit.moveit.ros.trajectory_execution_manager]: Starting trajectory execution ...
[move_group-2] [INFO] [1789247106.182759623] [move_group.moveit.moveit.plugins.simple_controller_manager]: Returned 1 controllers in list
[move_group-2] [INFO] [1789247106.182781863] [move_group.moveit.moveit.plugins.simple_controller_manager]: Returned 1 controllers in list
[move_group-2] [INFO] [1789247106.182978760] [moveit.simple_controller_manager.follow_joint_trajectory_controller_handle]: sending trajectory to panda_arm_controller
[move_group-2] [INFO] [1789247106.184577773] [moveit.simple_controller_manager.follow_joint_trajectory_controller_handle]: panda_arm_controller started execution
[move_group-2] [INFO] [1789247106.184619821] [moveit.simple_controller_manager.follow_joint_trajectory_controller_handle]: Goal request accepted!
[move_group-2] [INFO] [1789247110.280155294] [moveit.simple_controller_manager.follow_joint_trajectory_controller_handle]: Controller 'panda_arm_controller' successfully finished
[move_group-2] [INFO] [1789247110.280315167] [move_group.moveit.moveit.ros.trajectory_execution_manager]: Completed trajectory execution with status SUCCEEDED ...
[move_group-2] [INFO] [1789247110.282919240] [move_group.moveit.moveit.ros.move_group.move_action]: Solution was found and executed.
[move_group-2] [INFO] [1789247176.620120931] [move_group.moveit.moveit.ros.move_group.move_action]: MoveGroupMoveAction: Received request
[move_group-2] [INFO] [1789247176.620576548] [move_group.moveit.moveit.ros.move_group.move_action]: executing..
[move_group-2] [INFO] [1789247176.620922470] [move_group.moveit.moveit.ros.move_group.move_action]: Combined planning and execution request received for MoveGroup action. Forwarding to planning and execution pipeline.
[move_group-2] [WARN] [1789247176.620964902] [move_group.moveit.moveit.ros.move_group.capability]: Execution of motions should always start at the robot's current state. Ignoring the state supplied as start state in the motion planning request
[move_group-2] [WARN] [1789247176.620985606] [move_group.moveit.moveit.ros.move_group.capability]: Execution of motions should always start at the robot's current state. Ignoring the state supplied as difference in the planning scene diff
[move_group-2] [INFO] [1789247176.621004710] [move_group.moveit.moveit.ros.plan_execution]: Planning attempt 1 of at most 1
[move_group-2] [INFO] [1789247176.621354183] [move_group]: Calling PlanningRequestAdapter 'ResolveConstraintFrames'
[move_group-2] [INFO] [1789247176.621404679] [move_group]: Calling PlanningRequestAdapter 'ValidateWorkspaceBounds'
[move_group-2] [WARN] [1789247176.621415623] [move_group.moveit.moveit.ros.validate_workspace_bounds]: It looks like the planning volume was not specified. Using default values.
[move_group-2] [INFO] [1789247176.621438664] [move_group]: Calling PlanningRequestAdapter 'CheckStartStateBounds'
[move_group-2] [INFO] [1789247176.621466472] [move_group]: Calling PlanningRequestAdapter 'CheckStartStateCollision'
[move_group-2] [INFO] [1789247176.622064746] [move_group.moveit.moveit.planners.ompl.model_based_planning_context]: Planner configuration 'panda_arm' will use planner 'geometric::RRTConnect'. Additional configuration parameters will be set when the planner is constructed.
[move_group-2] [INFO] [1789247176.622153002] [move_group]: Calling Planner 'OMPL'
[move_group-2] [INFO] [1789247176.636096732] [move_group]: Calling PlanningResponseAdapter 'AddTimeOptimalParameterization'
[move_group-2] [INFO] [1789247176.636844959] [move_group]: Calling PlanningResponseAdapter 'ValidateSolution'
[move_group-2] [INFO] [1789247176.637020703] [move_group]: Calling PlanningResponseAdapter 'DisplayMotionPath'
[move_group-2] [WARN] [1789247176.637086623] [move_group.moveit.moveit.ros.planning_pipeline]: The planner plugin did not fill out the 'planner_id' field of the MotionPlanResponse. Setting it to the planner ID name of the MotionPlanRequest assuming that the planner plugin does warn you if it does not use the requested planner.
[move_group-2] [INFO] [1789247176.637258816] [move_group.moveit.moveit.plugins.simple_controller_manager]: Returned 1 controllers in list
[move_group-2] [INFO] [1789247176.637294464] [move_group.moveit.moveit.plugins.simple_controller_manager]: Returned 1 controllers in list
[move_group-2] [INFO] [1789247176.637361344] [move_group.moveit.moveit.ros.trajectory_execution_manager]: Validating trajectory with allowed_start_tolerance 0.05
[move_group-2] [INFO] [1789247176.637459809] [move_group.moveit.moveit.ros.trajectory_execution_manager]: Starting trajectory execution ...
[move_group-2] [INFO] [1789247176.637515073] [move_group.moveit.moveit.plugins.simple_controller_manager]: Returned 1 controllers in list
[move_group-2] [INFO] [1789247176.637535457] [move_group.moveit.moveit.plugins.simple_controller_manager]: Returned 1 controllers in list
[move_group-2] [INFO] [1789247176.637728290] [moveit.simple_controller_manager.follow_joint_trajectory_controller_handle]: sending trajectory to panda_arm_controller
[move_group-2] [INFO] [1789247176.640297067] [moveit.simple_controller_manager.follow_joint_trajectory_controller_handle]: panda_arm_controller started execution
[move_group-2] [INFO] [1789247176.640344651] [moveit.simple_controller_manager.follow_joint_trajectory_controller_handle]: Goal request accepted!
[move_group-2] [WARN] [1789247182.728617936] [moveit.simple_controller_manager.follow_joint_trajectory_controller_handle]: Controller 'panda_arm_controller' failed with error GOAL_TOLERANCE_VIOLATED: final max joint error 0.3418 rad
[move_group-2] [WARN] [1789247182.728711152] [move_group.moveit.moveit.ros.trajectory_execution_manager]: Controller handle panda_arm_controller reports status ABORTED
[move_group-2] [INFO] [1789247182.728823441] [move_group.moveit.moveit.ros.trajectory_execution_manager]: Completed trajectory execution with status ABORTED ...
[move_group-2] [INFO] [1789247182.737671024] [move_group.moveit.moveit.ros.move_group.move_action]: CONTROL_FAILED
[move_group-2] [INFO] [1789247183.168579605] [move_group.moveit.moveit.ros.move_group.move_action]: MoveGroupMoveAction: Received request
[move_group-2] [INFO] [1789247183.168948054] [move_group.moveit.moveit.ros.move_group.move_action]: executing..
[move_group-2] [INFO] [1789247183.169215639] [move_group.moveit.moveit.ros.move_group.move_action]: Combined planning and execution request received for MoveGroup action. Forwarding to planning and execution pipeline.
[move_group-2] [WARN] [1789247183.169252119] [move_group.moveit.moveit.ros.move_group.capability]: Execution of motions should always start at the robot's current state. Ignoring the state supplied as start state in the motion planning request
[move_group-2] [WARN] [1789247183.169267351] [move_group.moveit.moveit.ros.move_group.capability]: Execution of motions should always start at the robot's current state. Ignoring the state supplied as difference in the planning scene diff
[move_group-2] [INFO] [1789247183.169280471] [move_group.moveit.moveit.ros.plan_execution]: Planning attempt 1 of at most 1
[move_group-2] [INFO] [1789247183.169621176] [move_group]: Calling PlanningRequestAdapter 'ResolveConstraintFrames'
[move_group-2] [INFO] [1789247183.169656761] [move_group]: Calling PlanningRequestAdapter 'ValidateWorkspaceBounds'
[move_group-2] [WARN] [1789247183.169666297] [move_group.moveit.moveit.ros.validate_workspace_bounds]: It looks like the planning volume was not specified. Using default values.
[move_group-2] [INFO] [1789247183.169690457] [move_group]: Calling PlanningRequestAdapter 'CheckStartStateBounds'
[move_group-2] [INFO] [1789247183.169716249] [move_group]: Calling PlanningRequestAdapter 'CheckStartStateCollision'
[move_group-2] [INFO] [1789247183.170140762] [move_group.moveit.moveit.planners.ompl.model_based_planning_context]: Planner configuration 'panda_arm' will use planner 'geometric::RRTConnect'. Additional configuration parameters will be set when the planner is constructed.
[move_group-2] [INFO] [1789247183.170234459] [move_group]: Calling Planner 'OMPL'
[move_group-2] [INFO] [1789247183.183633643] [move_group]: Calling PlanningResponseAdapter 'AddTimeOptimalParameterization'
[move_group-2] [INFO] [1789247183.184021100] [move_group]: Calling PlanningResponseAdapter 'ValidateSolution'
[move_group-2] [INFO] [1789247183.184149164] [move_group]: Calling PlanningResponseAdapter 'DisplayMotionPath'
[move_group-2] [WARN] [1789247183.184203757] [move_group.moveit.moveit.ros.planning_pipeline]: The planner plugin did not fill out the 'planner_id' field of the MotionPlanResponse. Setting it to the planner ID name of the MotionPlanRequest assuming that the planner plugin does warn you if it does not use the requested planner.
[move_group-2] [INFO] [1789247183.184349549] [move_group.moveit.moveit.plugins.simple_controller_manager]: Returned 1 controllers in list
[move_group-2] [INFO] [1789247183.184382925] [move_group.moveit.moveit.plugins.simple_controller_manager]: Returned 1 controllers in list
[move_group-2] [INFO] [1789247183.184468333] [move_group.moveit.moveit.ros.trajectory_execution_manager]: Validating trajectory with allowed_start_tolerance 0.05
[move_group-2] [INFO] [1789247183.184571566] [move_group.moveit.moveit.ros.trajectory_execution_manager]: Starting trajectory execution ...
[move_group-2] [INFO] [1789247183.184624110] [move_group.moveit.moveit.plugins.simple_controller_manager]: Returned 1 controllers in list
[move_group-2] [INFO] [1789247183.184641166] [move_group.moveit.moveit.plugins.simple_controller_manager]: Returned 1 controllers in list
[move_group-2] [INFO] [1789247183.184766735] [moveit.simple_controller_manager.follow_joint_trajectory_controller_handle]: sending trajectory to panda_arm_controller
[move_group-2] [INFO] [1789247183.187213975] [moveit.simple_controller_manager.follow_joint_trajectory_controller_handle]: panda_arm_controller started execution
[move_group-2] [INFO] [1789247183.187238999] [moveit.simple_controller_manager.follow_joint_trajectory_controller_handle]: Goal request accepted!
[move_group-2] [WARN] [1789247187.842940283] [moveit.simple_controller_manager.follow_joint_trajectory_controller_handle]: Controller 'panda_arm_controller' failed with error GOAL_TOLERANCE_VIOLATED: final max joint error 0.0729 rad
[move_group-2] [WARN] [1789247187.843006587] [move_group.moveit.moveit.ros.trajectory_execution_manager]: Controller handle panda_arm_controller reports status ABORTED
[move_group-2] [INFO] [1789247187.843065467] [move_group.moveit.moveit.ros.trajectory_execution_manager]: Completed trajectory execution with status ABORTED ...
[move_group-2] [INFO] [1789247187.844731969] [move_group.moveit.moveit.ros.move_group.move_action]: CONTROL_FAILED
[move_group-2] [INFO] [1789247188.168431238] [move_group.moveit.moveit.ros.move_group.move_action]: MoveGroupMoveAction: Received request
[move_group-2] [INFO] [1789247188.168802152] [move_group.moveit.moveit.ros.move_group.move_action]: executing..
[move_group-2] [INFO] [1789247188.169038729] [move_group.moveit.moveit.ros.move_group.move_action]: Combined planning and execution request received for MoveGroup action. Forwarding to planning and execution pipeline.
[move_group-2] [WARN] [1789247188.169084329] [move_group.moveit.moveit.ros.move_group.capability]: Execution of motions should always start at the robot's current state. Ignoring the state supplied as start state in the motion planning request
[move_group-2] [WARN] [1789247188.169102569] [move_group.moveit.moveit.ros.move_group.capability]: Execution of motions should always start at the robot's current state. Ignoring the state supplied as difference in the planning scene diff
[move_group-2] [INFO] [1789247188.169117705] [move_group.moveit.moveit.ros.plan_execution]: Planning attempt 1 of at most 1
[move_group-2] [INFO] [1789247188.169455082] [move_group]: Calling PlanningRequestAdapter 'ResolveConstraintFrames'
[move_group-2] [INFO] [1789247188.169489578] [move_group]: Calling PlanningRequestAdapter 'ValidateWorkspaceBounds'
[move_group-2] [WARN] [1789247188.169498538] [move_group.moveit.moveit.ros.validate_workspace_bounds]: It looks like the planning volume was not specified. Using default values.
[move_group-2] [INFO] [1789247188.169519274] [move_group]: Calling PlanningRequestAdapter 'CheckStartStateBounds'
[move_group-2] [INFO] [1789247188.169545354] [move_group]: Calling PlanningRequestAdapter 'CheckStartStateCollision'
[move_group-2] [INFO] [1789247188.169941356] [move_group.moveit.moveit.planners.ompl.model_based_planning_context]: Planner configuration 'panda_arm' will use planner 'geometric::RRTConnect'. Additional configuration parameters will be set when the planner is constructed.
[move_group-2] [INFO] [1789247188.170037004] [move_group]: Calling Planner 'OMPL'
[move_group-2] [INFO] [1789247188.182515897] [move_group]: Calling PlanningResponseAdapter 'AddTimeOptimalParameterization'
[move_group-2] [INFO] [1789247188.182714746] [move_group]: Calling PlanningResponseAdapter 'ValidateSolution'
[move_group-2] [INFO] [1789247188.182792634] [move_group]: Calling PlanningResponseAdapter 'DisplayMotionPath'
[move_group-2] [WARN] [1789247188.182835610] [move_group.moveit.moveit.ros.planning_pipeline]: The planner plugin did not fill out the 'planner_id' field of the MotionPlanResponse. Setting it to the planner ID name of the MotionPlanRequest assuming that the planner plugin does warn you if it does not use the requested planner.
[move_group-2] [INFO] [1789247188.182990202] [move_group.moveit.moveit.plugins.simple_controller_manager]: Returned 1 controllers in list
[move_group-2] [INFO] [1789247188.183023131] [move_group.moveit.moveit.plugins.simple_controller_manager]: Returned 1 controllers in list
[move_group-2] [INFO] [1789247188.183091739] [move_group.moveit.moveit.ros.trajectory_execution_manager]: Validating trajectory with allowed_start_tolerance 0.05
[move_group-2] [INFO] [1789247188.183204283] [move_group.moveit.moveit.ros.trajectory_execution_manager]: Starting trajectory execution ...
[move_group-2] [INFO] [1789247188.183262747] [move_group.moveit.moveit.plugins.simple_controller_manager]: Returned 1 controllers in list
[move_group-2] [INFO] [1789247188.183282300] [move_group.moveit.moveit.plugins.simple_controller_manager]: Returned 1 controllers in list
[move_group-2] [INFO] [1789247188.183410876] [moveit.simple_controller_manager.follow_joint_trajectory_controller_handle]: sending trajectory to panda_arm_controller
[move_group-2] [INFO] [1789247188.185602116] [moveit.simple_controller_manager.follow_joint_trajectory_controller_handle]: panda_arm_controller started execution
[move_group-2] [INFO] [1789247188.185628292] [moveit.simple_controller_manager.follow_joint_trajectory_controller_handle]: Goal request accepted!
[move_group-2] [INFO] [1789247191.749091239] [moveit.simple_controller_manager.follow_joint_trajectory_controller_handle]: Controller 'panda_arm_controller' successfully finished
[move_group-2] [INFO] [1789247191.749195335] [move_group.moveit.moveit.ros.trajectory_execution_manager]: Completed trajectory execution with status SUCCEEDED ...
[move_group-2] [INFO] [1789247191.753416694] [move_group.moveit.moveit.ros.move_group.move_action]: Solution was found and executed.
[move_group-2] [INFO] [1789247230.494405588] [move_group.moveit.moveit.ros.move_group.move_action]: MoveGroupMoveAction: Received request
[move_group-2] [INFO] [1789247230.494747445] [move_group.moveit.moveit.ros.move_group.move_action]: executing..
[move_group-2] [INFO] [1789247230.494965494] [move_group.moveit.moveit.ros.move_group.move_action]: Combined planning and execution request received for MoveGroup action. Forwarding to planning and execution pipeline.
[move_group-2] [WARN] [1789247230.495000918] [move_group.moveit.moveit.ros.move_group.capability]: Execution of motions should always start at the robot's current state. Ignoring the state supplied as start state in the motion planning request
[move_group-2] [WARN] [1789247230.495015862] [move_group.moveit.moveit.ros.move_group.capability]: Execution of motions should always start at the robot's current state. Ignoring the state supplied as difference in the planning scene diff
[move_group-2] [INFO] [1789247230.495028630] [move_group.moveit.moveit.ros.plan_execution]: Planning attempt 1 of at most 1
[move_group-2] [INFO] [1789247230.495308343] [move_group]: Calling PlanningRequestAdapter 'ResolveConstraintFrames'
[move_group-2] [INFO] [1789247230.495351063] [move_group]: Calling PlanningRequestAdapter 'ValidateWorkspaceBounds'
[move_group-2] [WARN] [1789247230.495361655] [move_group.moveit.moveit.ros.validate_workspace_bounds]: It looks like the planning volume was not specified. Using default values.
[move_group-2] [INFO] [1789247230.495385048] [move_group]: Calling PlanningRequestAdapter 'CheckStartStateBounds'
[move_group-2] [INFO] [1789247230.495410616] [move_group]: Calling PlanningRequestAdapter 'CheckStartStateCollision'
[move_group-2] [INFO] [1789247230.495829337] [move_group.moveit.moveit.planners.ompl.model_based_planning_context]: Planner configuration 'panda_arm' will use planner 'geometric::RRTConnect'. Additional configuration parameters will be set when the planner is constructed.
[move_group-2] [INFO] [1789247230.495917561] [move_group]: Calling Planner 'OMPL'
[move_group-2] [INFO] [1789247230.508856648] [move_group]: Calling PlanningResponseAdapter 'AddTimeOptimalParameterization'
[move_group-2] [INFO] [1789247230.509688523] [move_group]: Calling PlanningResponseAdapter 'ValidateSolution'
[move_group-2] [INFO] [1789247230.509870443] [move_group]: Calling PlanningResponseAdapter 'DisplayMotionPath'
[move_group-2] [WARN] [1789247230.509928268] [move_group.moveit.moveit.ros.planning_pipeline]: The planner plugin did not fill out the 'planner_id' field of the MotionPlanResponse. Setting it to the planner ID name of the MotionPlanRequest assuming that the planner plugin does warn you if it does not use the requested planner.
[move_group-2] [INFO] [1789247230.510100748] [move_group.moveit.moveit.plugins.simple_controller_manager]: Returned 1 controllers in list
[move_group-2] [INFO] [1789247230.510135756] [move_group.moveit.moveit.plugins.simple_controller_manager]: Returned 1 controllers in list
[move_group-2] [INFO] [1789247230.510193644] [move_group.moveit.moveit.ros.trajectory_execution_manager]: Validating trajectory with allowed_start_tolerance 0.05
[move_group-2] [INFO] [1789247230.510288557] [move_group.moveit.moveit.ros.trajectory_execution_manager]: Starting trajectory execution ...
[move_group-2] [INFO] [1789247230.510342285] [move_group.moveit.moveit.plugins.simple_controller_manager]: Returned 1 controllers in list
[move_group-2] [INFO] [1789247230.510361133] [move_group.moveit.moveit.plugins.simple_controller_manager]: Returned 1 controllers in list
[move_group-2] [INFO] [1789247230.510477549] [moveit.simple_controller_manager.follow_joint_trajectory_controller_handle]: sending trajectory to panda_arm_controller
[move_group-2] [INFO] [1789247230.513305751] [moveit.simple_controller_manager.follow_joint_trajectory_controller_handle]: panda_arm_controller started execution
[move_group-2] [INFO] [1789247230.513332568] [moveit.simple_controller_manager.follow_joint_trajectory_controller_handle]: Goal request accepted!
[move_group-2] [WARN] [1789247236.886709080] [moveit.simple_controller_manager.follow_joint_trajectory_controller_handle]: Controller 'panda_arm_controller' failed with error GOAL_TOLERANCE_VIOLATED: final max joint error 0.4260 rad
[move_group-2] [WARN] [1789247236.886769880] [move_group.moveit.moveit.ros.trajectory_execution_manager]: Controller handle panda_arm_controller reports status ABORTED
[move_group-2] [INFO] [1789247236.886816984] [move_group.moveit.moveit.ros.trajectory_execution_manager]: Completed trajectory execution with status ABORTED ...
[move_group-2] [INFO] [1789247236.890465285] [move_group.moveit.moveit.ros.move_group.move_action]: CONTROL_FAILED
[move_group-2] [INFO] [1789247237.168387463] [move_group.moveit.moveit.ros.move_group.move_action]: MoveGroupMoveAction: Received request
[move_group-2] [INFO] [1789247237.168742088] [move_group.moveit.moveit.ros.move_group.move_action]: executing..
[move_group-2] [INFO] [1789247237.168967561] [move_group.moveit.moveit.ros.move_group.move_action]: Combined planning and execution request received for MoveGroup action. Forwarding to planning and execution pipeline.
[move_group-2] [WARN] [1789247237.168998249] [move_group.moveit.moveit.ros.move_group.capability]: Execution of motions should always start at the robot's current state. Ignoring the state supplied as start state in the motion planning request
[move_group-2] [WARN] [1789247237.169011177] [move_group.moveit.moveit.ros.move_group.capability]: Execution of motions should always start at the robot's current state. Ignoring the state supplied as difference in the planning scene diff
[move_group-2] [INFO] [1789247237.169022921] [move_group.moveit.moveit.ros.plan_execution]: Planning attempt 1 of at most 1
[move_group-2] [INFO] [1789247237.169384330] [move_group]: Calling PlanningRequestAdapter 'ResolveConstraintFrames'
[move_group-2] [INFO] [1789247237.169419338] [move_group]: Calling PlanningRequestAdapter 'ValidateWorkspaceBounds'
[move_group-2] [WARN] [1789247237.169427914] [move_group.moveit.moveit.ros.validate_workspace_bounds]: It looks like the planning volume was not specified. Using default values.
[move_group-2] [INFO] [1789247237.169449386] [move_group]: Calling PlanningRequestAdapter 'CheckStartStateBounds'
[move_group-2] [INFO] [1789247237.169473098] [move_group]: Calling PlanningRequestAdapter 'CheckStartStateCollision'
[move_group-2] [ERROR] [1789247237.169589483] [move_group]: PlanningRequestAdapter 'CheckStartStateCollision' failed, because '4 contact(s) detected : mw_right - panda_leftfinger, mw_right - panda_rightfinger, mw_top - panda_leftfinger, mw_top - panda_rightfinger, '. Aborting planning pipeline.
[move_group-2] [INFO] [1789247237.169693611] [move_group.moveit.moveit.ros.move_group.move_action]: START_STATE_IN_COLLISION
[move_group-2] [INFO] [1789247237.668210465] [move_group.moveit.moveit.ros.move_group.move_action]: MoveGroupMoveAction: Received request
[move_group-2] [INFO] [1789247237.668604291] [move_group.moveit.moveit.ros.move_group.move_action]: executing..
[move_group-2] [INFO] [1789247237.668865220] [move_group.moveit.moveit.ros.move_group.move_action]: Combined planning and execution request received for MoveGroup action. Forwarding to planning and execution pipeline.
[move_group-2] [WARN] [1789247237.668893860] [move_group.moveit.moveit.ros.move_group.capability]: Execution of motions should always start at the robot's current state. Ignoring the state supplied as start state in the motion planning request
[move_group-2] [WARN] [1789247237.668906660] [move_group.moveit.moveit.ros.move_group.capability]: Execution of motions should always start at the robot's current state. Ignoring the state supplied as difference in the planning scene diff
[move_group-2] [INFO] [1789247237.668917604] [move_group.moveit.moveit.ros.plan_execution]: Planning attempt 1 of at most 1
[move_group-2] [INFO] [1789247237.669277925] [move_group]: Calling PlanningRequestAdapter 'ResolveConstraintFrames'
[move_group-2] [INFO] [1789247237.669312805] [move_group]: Calling PlanningRequestAdapter 'ValidateWorkspaceBounds'
[move_group-2] [WARN] [1789247237.669321573] [move_group.moveit.moveit.ros.validate_workspace_bounds]: It looks like the planning volume was not specified. Using default values.
[move_group-2] [INFO] [1789247237.669344645] [move_group]: Calling PlanningRequestAdapter 'CheckStartStateBounds'
[move_group-2] [INFO] [1789247237.669368805] [move_group]: Calling PlanningRequestAdapter 'CheckStartStateCollision'
[move_group-2] [ERROR] [1789247237.669493030] [move_group]: PlanningRequestAdapter 'CheckStartStateCollision' failed, because '4 contact(s) detected : mw_right - panda_leftfinger, mw_right - panda_rightfinger, mw_top - panda_leftfinger, mw_top - panda_rightfinger, '. Aborting planning pipeline.
[move_group-2] [INFO] [1789247237.669590694] [move_group.moveit.moveit.ros.move_group.move_action]: START_STATE_IN_COLLISION
[move_group-2] [INFO] [1789247239.669169619] [move_group.moveit.moveit.ros.move_group.move_action]: MoveGroupMoveAction: Received request
[move_group-2] [INFO] [1789247239.669599124] [move_group.moveit.moveit.ros.move_group.move_action]: executing..
[move_group-2] [INFO] [1789247239.669928885] [move_group.moveit.moveit.ros.move_group.move_action]: Combined planning and execution request received for MoveGroup action. Forwarding to planning and execution pipeline.
[move_group-2] [WARN] [1789247239.669969013] [move_group.moveit.moveit.ros.move_group.capability]: Execution of motions should always start at the robot's current state. Ignoring the state supplied as start state in the motion planning request
[move_group-2] [WARN] [1789247239.669989141] [move_group.moveit.moveit.ros.move_group.capability]: Execution of motions should always start at the robot's current state. Ignoring the state supplied as difference in the planning scene diff
[move_group-2] [INFO] [1789247239.670006006] [move_group.moveit.moveit.ros.plan_execution]: Planning attempt 1 of at most 1
[move_group-2] [INFO] [1789247239.670340887] [move_group]: Calling PlanningRequestAdapter 'ResolveConstraintFrames'
[move_group-2] [INFO] [1789247239.670382039] [move_group]: Calling PlanningRequestAdapter 'ValidateWorkspaceBounds'
[move_group-2] [WARN] [1789247239.670391895] [move_group.moveit.moveit.ros.validate_workspace_bounds]: It looks like the planning volume was not specified. Using default values.
[move_group-2] [INFO] [1789247239.670414519] [move_group]: Calling PlanningRequestAdapter 'CheckStartStateBounds'
[move_group-2] [INFO] [1789247239.670443639] [move_group]: Calling PlanningRequestAdapter 'CheckStartStateCollision'
[move_group-2] [ERROR] [1789247239.670627608] [move_group]: PlanningRequestAdapter 'CheckStartStateCollision' failed, because '4 contact(s) detected : mw_right - panda_leftfinger, mw_right - panda_rightfinger, mw_top - panda_leftfinger, mw_top - panda_rightfinger, '. Aborting planning pipeline.
[move_group-2] [INFO] [1789247239.670717304] [move_group.moveit.moveit.ros.move_group.move_action]: START_STATE_IN_COLLISION
[move_group-2] [INFO] [1789247240.168296267] [move_group.moveit.moveit.ros.move_group.move_action]: MoveGroupMoveAction: Received request
[move_group-2] [INFO] [1789247240.168696236] [move_group.moveit.moveit.ros.move_group.move_action]: executing..
[move_group-2] [INFO] [1789247240.168990413] [move_group.moveit.moveit.ros.move_group.move_action]: Combined planning and execution request received for MoveGroup action. Forwarding to planning and execution pipeline.
[move_group-2] [WARN] [1789247240.169025133] [move_group.moveit.moveit.ros.move_group.capability]: Execution of motions should always start at the robot's current state. Ignoring the state supplied as start state in the motion planning request
[move_group-2] [WARN] [1789247240.169040429] [move_group.moveit.moveit.ros.move_group.capability]: Execution of motions should always start at the robot's current state. Ignoring the state supplied as difference in the planning scene diff
[move_group-2] [INFO] [1789247240.169067822] [move_group.moveit.moveit.ros.plan_execution]: Planning attempt 1 of at most 1
[move_group-2] [INFO] [1789247240.169379279] [move_group]: Calling PlanningRequestAdapter 'ResolveConstraintFrames'
[move_group-2] [INFO] [1789247240.169417519] [move_group]: Calling PlanningRequestAdapter 'ValidateWorkspaceBounds'
[move_group-2] [WARN] [1789247240.169428975] [move_group.moveit.moveit.ros.validate_workspace_bounds]: It looks like the planning volume was not specified. Using default values.
[move_group-2] [INFO] [1789247240.169452655] [move_group]: Calling PlanningRequestAdapter 'CheckStartStateBounds'
[move_group-2] [INFO] [1789247240.169479247] [move_group]: Calling PlanningRequestAdapter 'CheckStartStateCollision'
[move_group-2] [ERROR] [1789247240.169607280] [move_group]: PlanningRequestAdapter 'CheckStartStateCollision' failed, because '4 contact(s) detected : mw_right - panda_leftfinger, mw_right - panda_rightfinger, mw_top - panda_leftfinger, mw_top - panda_rightfinger, '. Aborting planning pipeline.
[move_group-2] [INFO] [1789247240.169703824] [move_group.moveit.moveit.ros.move_group.move_action]: START_STATE_IN_COLLISION
[move_group-2] [INFO] [1789247240.667958213] [move_group.moveit.moveit.ros.move_group.move_action]: MoveGroupMoveAction: Received request
[move_group-2] [INFO] [1789247240.668329350] [move_group.moveit.moveit.ros.move_group.move_action]: executing..
[move_group-2] [INFO] [1789247240.668605767] [move_group.moveit.moveit.ros.move_group.move_action]: Combined planning and execution request received for MoveGroup action. Forwarding to planning and execution pipeline.
[move_group-2] [WARN] [1789247240.668638535] [move_group.moveit.moveit.ros.move_group.capability]: Execution of motions should always start at the robot's current state. Ignoring the state supplied as start state in the motion planning request
[move_group-2] [WARN] [1789247240.668652264] [move_group.moveit.moveit.ros.move_group.capability]: Execution of motions should always start at the robot's current state. Ignoring the state supplied as difference in the planning scene diff
[move_group-2] [INFO] [1789247240.668664040] [move_group.moveit.moveit.ros.plan_execution]: Planning attempt 1 of at most 1
[move_group-2] [INFO] [1789247240.669000713] [move_group]: Calling PlanningRequestAdapter 'ResolveConstraintFrames'
[move_group-2] [INFO] [1789247240.669038185] [move_group]: Calling PlanningRequestAdapter 'ValidateWorkspaceBounds'
[move_group-2] [WARN] [1789247240.669048745] [move_group.moveit.moveit.ros.validate_workspace_bounds]: It looks like the planning volume was not specified. Using default values.
[move_group-2] [INFO] [1789247240.669087657] [move_group]: Calling PlanningRequestAdapter 'CheckStartStateBounds'
[move_group-2] [INFO] [1789247240.669113097] [move_group]: Calling PlanningRequestAdapter 'CheckStartStateCollision'
[move_group-2] [ERROR] [1789247240.669238410] [move_group]: PlanningRequestAdapter 'CheckStartStateCollision' failed, because '4 contact(s) detected : mw_right - panda_leftfinger, mw_right - panda_rightfinger, mw_top - panda_leftfinger, mw_top - panda_rightfinger, '. Aborting planning pipeline.
[move_group-2] [INFO] [1789247240.669336490] [move_group.moveit.moveit.ros.move_group.move_action]: START_STATE_IN_COLLISION
[move_group-2] [INFO] [1789247242.670212443] [move_group.moveit.moveit.ros.move_group.move_action]: MoveGroupMoveAction: Received request
[move_group-2] [INFO] [1789247242.670710173] [move_group.moveit.moveit.ros.move_group.move_action]: executing..
[move_group-2] [INFO] [1789247242.670982270] [move_group.moveit.moveit.ros.move_group.move_action]: Combined planning and execution request received for MoveGroup action. Forwarding to planning and execution pipeline.
[move_group-2] [WARN] [1789247242.671020158] [move_group.moveit.moveit.ros.move_group.capability]: Execution of motions should always start at the robot's current state. Ignoring the state supplied as start state in the motion planning request
[move_group-2] [WARN] [1789247242.671040382] [move_group.moveit.moveit.ros.move_group.capability]: Execution of motions should always start at the robot's current state. Ignoring the state supplied as difference in the planning scene diff
[move_group-2] [INFO] [1789247242.671074686] [move_group.moveit.moveit.ros.plan_execution]: Planning attempt 1 of at most 1
[move_group-2] [INFO] [1789247242.671358207] [move_group]: Calling PlanningRequestAdapter 'ResolveConstraintFrames'
[move_group-2] [INFO] [1789247242.671398911] [move_group]: Calling PlanningRequestAdapter 'ValidateWorkspaceBounds'
[move_group-2] [WARN] [1789247242.671407455] [move_group.moveit.moveit.ros.validate_workspace_bounds]: It looks like the planning volume was not specified. Using default values.
[move_group-2] [INFO] [1789247242.671429279] [move_group]: Calling PlanningRequestAdapter 'CheckStartStateBounds'
[move_group-2] [INFO] [1789247242.671456575] [move_group]: Calling PlanningRequestAdapter 'CheckStartStateCollision'
[move_group-2] [ERROR] [1789247242.671598336] [move_group]: PlanningRequestAdapter 'CheckStartStateCollision' failed, because '4 contact(s) detected : mw_right - panda_leftfinger, mw_right - panda_rightfinger, mw_top - panda_leftfinger, mw_top - panda_rightfinger, '. Aborting planning pipeline.
[move_group-2] [INFO] [1789247242.671681536] [move_group.moveit.moveit.ros.move_group.move_action]: START_STATE_IN_COLLISION
[move_group-2] [INFO] [1789247243.168730577] [move_group.moveit.moveit.ros.move_group.move_action]: MoveGroupMoveAction: Received request
[move_group-2] [INFO] [1789247243.169092722] [move_group.moveit.moveit.ros.move_group.move_action]: executing..
[move_group-2] [INFO] [1789247243.169334483] [move_group.moveit.moveit.ros.move_group.move_action]: Combined planning and execution request received for MoveGroup action. Forwarding to planning and execution pipeline.
[move_group-2] [WARN] [1789247243.169368275] [move_group.moveit.moveit.ros.move_group.capability]: Execution of motions should always start at the robot's current state. Ignoring the state supplied as start state in the motion planning request
[move_group-2] [WARN] [1789247243.169383379] [move_group.moveit.moveit.ros.move_group.capability]: Execution of motions should always start at the robot's current state. Ignoring the state supplied as difference in the planning scene diff
[move_group-2] [INFO] [1789247243.169395923] [move_group.moveit.moveit.ros.plan_execution]: Planning attempt 1 of at most 1
[move_group-2] [INFO] [1789247243.169711892] [move_group]: Calling PlanningRequestAdapter 'ResolveConstraintFrames'
[move_group-2] [INFO] [1789247243.169752213] [move_group]: Calling PlanningRequestAdapter 'ValidateWorkspaceBounds'
[move_group-2] [WARN] [1789247243.169760469] [move_group.moveit.moveit.ros.validate_workspace_bounds]: It looks like the planning volume was not specified. Using default values.
[move_group-2] [INFO] [1789247243.169786389] [move_group]: Calling PlanningRequestAdapter 'CheckStartStateBounds'
[move_group-2] [INFO] [1789247243.169810869] [move_group]: Calling PlanningRequestAdapter 'CheckStartStateCollision'
[move_group-2] [ERROR] [1789247243.169930389] [move_group]: PlanningRequestAdapter 'CheckStartStateCollision' failed, because '4 contact(s) detected : mw_right - panda_leftfinger, mw_right - panda_rightfinger, mw_top - panda_leftfinger, mw_top - panda_rightfinger, '. Aborting planning pipeline.
[move_group-2] [INFO] [1789247243.170023990] [move_group.moveit.moveit.ros.move_group.move_action]: START_STATE_IN_COLLISION
[move_group-2] [INFO] [1789247243.668858413] [move_group.moveit.moveit.ros.move_group.move_action]: MoveGroupMoveAction: Received request
[move_group-2] [INFO] [1789247243.669305454] [move_group.moveit.moveit.ros.move_group.move_action]: executing..
[move_group-2] [INFO] [1789247243.669573551] [move_group.moveit.moveit.ros.move_group.move_action]: Combined planning and execution request received for MoveGroup action. Forwarding to planning and execution pipeline.
[move_group-2] [WARN] [1789247243.669604048] [move_group.moveit.moveit.ros.move_group.capability]: Execution of motions should always start at the robot's current state. Ignoring the state supplied as start state in the motion planning request
[move_group-2] [WARN] [1789247243.669619440] [move_group.moveit.moveit.ros.move_group.capability]: Execution of motions should always start at the robot's current state. Ignoring the state supplied as difference in the planning scene diff
[move_group-2] [INFO] [1789247243.669631824] [move_group.moveit.moveit.ros.plan_execution]: Planning attempt 1 of at most 1
[move_group-2] [INFO] [1789247243.669927153] [move_group]: Calling PlanningRequestAdapter 'ResolveConstraintFrames'
[move_group-2] [INFO] [1789247243.669963153] [move_group]: Calling PlanningRequestAdapter 'ValidateWorkspaceBounds'
[move_group-2] [WARN] [1789247243.669973041] [move_group.moveit.moveit.ros.validate_workspace_bounds]: It looks like the planning volume was not specified. Using default values.
[move_group-2] [INFO] [1789247243.669994993] [move_group]: Calling PlanningRequestAdapter 'CheckStartStateBounds'
[move_group-2] [INFO] [1789247243.670019793] [move_group]: Calling PlanningRequestAdapter 'CheckStartStateCollision'
[move_group-2] [ERROR] [1789247243.670147697] [move_group]: PlanningRequestAdapter 'CheckStartStateCollision' failed, because '4 contact(s) detected : mw_right - panda_leftfinger, mw_right - panda_rightfinger, mw_top - panda_leftfinger, mw_top - panda_rightfinger, '. Aborting planning pipeline.
[move_group-2] [INFO] [1789247243.670242194] [move_group.moveit.moveit.ros.move_group.move_action]: START_STATE_IN_COLLISION
[move_group-2] [INFO] [1789247275.586473922] [move_group.moveit.moveit.ros.move_group.move_action]: MoveGroupMoveAction: Received request
[move_group-2] [INFO] [1789247275.586914020] [move_group.moveit.moveit.ros.move_group.move_action]: executing..
[move_group-2] [INFO] [1789247275.587257221] [move_group.moveit.moveit.ros.move_group.move_action]: Combined planning and execution request received for MoveGroup action. Forwarding to planning and execution pipeline.
[move_group-2] [WARN] [1789247275.587302309] [move_group.moveit.moveit.ros.move_group.capability]: Execution of motions should always start at the robot's current state. Ignoring the state supplied as start state in the motion planning request
[move_group-2] [WARN] [1789247275.587341733] [move_group.moveit.moveit.ros.move_group.capability]: Execution of motions should always start at the robot's current state. Ignoring the state supplied as difference in the planning scene diff
[move_group-2] [INFO] [1789247275.587358309] [move_group.moveit.moveit.ros.plan_execution]: Planning attempt 1 of at most 1
[move_group-2] [INFO] [1789247275.587684518] [move_group]: Calling PlanningRequestAdapter 'ResolveConstraintFrames'
[move_group-2] [INFO] [1789247275.587730086] [move_group]: Calling PlanningRequestAdapter 'ValidateWorkspaceBounds'
[move_group-2] [WARN] [1789247275.587739590] [move_group.moveit.moveit.ros.validate_workspace_bounds]: It looks like the planning volume was not specified. Using default values.
[move_group-2] [INFO] [1789247275.587760199] [move_group]: Calling PlanningRequestAdapter 'CheckStartStateBounds'
[move_group-2] [INFO] [1789247275.587788647] [move_group]: Calling PlanningRequestAdapter 'CheckStartStateCollision'
[move_group-2] [ERROR] [1789247275.587960327] [move_group]: PlanningRequestAdapter 'CheckStartStateCollision' failed, because '2 contact(s) detected : mw_panel - panda_leftfinger, mw_panel - panda_rightfinger, '. Aborting planning pipeline.
[move_group-2] [INFO] [1789247275.588065000] [move_group.moveit.moveit.ros.move_group.move_action]: START_STATE_IN_COLLISION
[move_group-2] [INFO] [1789247275.667868069] [move_group.moveit.moveit.ros.move_group.move_action]: MoveGroupMoveAction: Received request
[move_group-2] [INFO] [1789247275.668249766] [move_group.moveit.moveit.ros.move_group.move_action]: executing..
[move_group-2] [INFO] [1789247275.668534823] [move_group.moveit.moveit.ros.move_group.move_action]: Combined planning and execution request received for MoveGroup action. Forwarding to planning and execution pipeline.
[move_group-2] [WARN] [1789247275.668582727] [move_group.moveit.moveit.ros.move_group.capability]: Execution of motions should always start at the robot's current state. Ignoring the state supplied as start state in the motion planning request
[move_group-2] [WARN] [1789247275.668605352] [move_group.moveit.moveit.ros.move_group.capability]: Execution of motions should always start at the robot's current state. Ignoring the state supplied as difference in the planning scene diff
[move_group-2] [INFO] [1789247275.668621160] [move_group.moveit.moveit.ros.plan_execution]: Planning attempt 1 of at most 1
[move_group-2] [INFO] [1789247275.668875624] [move_group]: Calling PlanningRequestAdapter 'ResolveConstraintFrames'
[move_group-2] [INFO] [1789247275.668920777] [move_group]: Calling PlanningRequestAdapter 'ValidateWorkspaceBounds'
[move_group-2] [WARN] [1789247275.668931241] [move_group.moveit.moveit.ros.validate_workspace_bounds]: It looks like the planning volume was not specified. Using default values.
[move_group-2] [INFO] [1789247275.668955593] [move_group]: Calling PlanningRequestAdapter 'CheckStartStateBounds'
[move_group-2] [INFO] [1789247275.668984777] [move_group]: Calling PlanningRequestAdapter 'CheckStartStateCollision'
[move_group-2] [ERROR] [1789247275.669137065] [move_group]: PlanningRequestAdapter 'CheckStartStateCollision' failed, because '2 contact(s) detected : mw_panel - panda_leftfinger, mw_panel - panda_rightfinger, '. Aborting planning pipeline.
[move_group-2] [INFO] [1789247275.669242762] [move_group.moveit.moveit.ros.move_group.move_action]: START_STATE_IN_COLLISION
[move_group-2] [INFO] [1789247276.168386498] [move_group.moveit.moveit.ros.move_group.move_action]: MoveGroupMoveAction: Received request
[move_group-2] [INFO] [1789247276.168749475] [move_group.moveit.moveit.ros.move_group.move_action]: executing..
[move_group-2] [INFO] [1789247276.169027492] [move_group.moveit.moveit.ros.move_group.move_action]: Combined planning and execution request received for MoveGroup action. Forwarding to planning and execution pipeline.
[move_group-2] [WARN] [1789247276.169073861] [move_group.moveit.moveit.ros.move_group.capability]: Execution of motions should always start at the robot's current state. Ignoring the state supplied as start state in the motion planning request
[move_group-2] [WARN] [1789247276.169093861] [move_group.moveit.moveit.ros.move_group.capability]: Execution of motions should always start at the robot's current state. Ignoring the state supplied as difference in the planning scene diff
[move_group-2] [INFO] [1789247276.169110533] [move_group.moveit.moveit.ros.plan_execution]: Planning attempt 1 of at most 1
[move_group-2] [INFO] [1789247276.169381734] [move_group]: Calling PlanningRequestAdapter 'ResolveConstraintFrames'
[move_group-2] [INFO] [1789247276.169423110] [move_group]: Calling PlanningRequestAdapter 'ValidateWorkspaceBounds'
[move_group-2] [WARN] [1789247276.169432710] [move_group.moveit.moveit.ros.validate_workspace_bounds]: It looks like the planning volume was not specified. Using default values.
[move_group-2] [INFO] [1789247276.169454502] [move_group]: Calling PlanningRequestAdapter 'CheckStartStateBounds'
[move_group-2] [INFO] [1789247276.169478758] [move_group]: Calling PlanningRequestAdapter 'CheckStartStateCollision'
[move_group-2] [ERROR] [1789247276.169594630] [move_group]: PlanningRequestAdapter 'CheckStartStateCollision' failed, because '2 contact(s) detected : mw_panel - panda_leftfinger, mw_panel - panda_rightfinger, '. Aborting planning pipeline.
[move_group-2] [INFO] [1789247276.169689319] [move_group.moveit.moveit.ros.move_group.move_action]: START_STATE_IN_COLLISION
[move_group-2] [INFO] [1789247278.169650644] [move_group.moveit.moveit.ros.move_group.move_action]: MoveGroupMoveAction: Received request
[move_group-2] [INFO] [1789247278.169998038] [move_group.moveit.moveit.ros.move_group.move_action]: executing..
[move_group-2] [INFO] [1789247278.170246006] [move_group.moveit.moveit.ros.move_group.move_action]: Combined planning and execution request received for MoveGroup action. Forwarding to planning and execution pipeline.
[move_group-2] [WARN] [1789247278.170278871] [move_group.moveit.moveit.ros.move_group.capability]: Execution of motions should always start at the robot's current state. Ignoring the state supplied as start state in the motion planning request
[move_group-2] [WARN] [1789247278.170298327] [move_group.moveit.moveit.ros.move_group.capability]: Execution of motions should always start at the robot's current state. Ignoring the state supplied as difference in the planning scene diff
[move_group-2] [INFO] [1789247278.170309719] [move_group.moveit.moveit.ros.plan_execution]: Planning attempt 1 of at most 1
[move_group-2] [INFO] [1789247278.170494295] [move_group]: Calling PlanningRequestAdapter 'ResolveConstraintFrames'
[move_group-2] [INFO] [1789247278.170524727] [move_group]: Calling PlanningRequestAdapter 'ValidateWorkspaceBounds'
[move_group-2] [WARN] [1789247278.170532664] [move_group.moveit.moveit.ros.validate_workspace_bounds]: It looks like the planning volume was not specified. Using default values.
[move_group-2] [INFO] [1789247278.170552024] [move_group]: Calling PlanningRequestAdapter 'CheckStartStateBounds'
[move_group-2] [INFO] [1789247278.170574424] [move_group]: Calling PlanningRequestAdapter 'CheckStartStateCollision'
[move_group-2] [ERROR] [1789247278.170673368] [move_group]: PlanningRequestAdapter 'CheckStartStateCollision' failed, because '2 contact(s) detected : mw_panel - panda_leftfinger, mw_panel - panda_rightfinger, '. Aborting planning pipeline.
[move_group-2] [INFO] [1789247278.170764632] [move_group.moveit.moveit.ros.move_group.move_action]: START_STATE_IN_COLLISION
[move_group-2] [INFO] [1789247278.668532204] [move_group.moveit.moveit.ros.move_group.move_action]: MoveGroupMoveAction: Received request
[move_group-2] [INFO] [1789247278.668893741] [move_group.moveit.moveit.ros.move_group.move_action]: executing..
[move_group-2] [INFO] [1789247278.669183022] [move_group.moveit.moveit.ros.move_group.move_action]: Combined planning and execution request received for MoveGroup action. Forwarding to planning and execution pipeline.
[move_group-2] [WARN] [1789247278.669220622] [move_group.moveit.moveit.ros.move_group.capability]: Execution of motions should always start at the robot's current state. Ignoring the state supplied as start state in the motion planning request
[move_group-2] [WARN] [1789247278.669238126] [move_group.moveit.moveit.ros.move_group.capability]: Execution of motions should always start at the robot's current state. Ignoring the state supplied as difference in the planning scene diff
[move_group-2] [INFO] [1789247278.669251054] [move_group.moveit.moveit.ros.plan_execution]: Planning attempt 1 of at most 1
[move_group-2] [INFO] [1789247278.669563695] [move_group]: Calling PlanningRequestAdapter 'ResolveConstraintFrames'
[move_group-2] [INFO] [1789247278.669601584] [move_group]: Calling PlanningRequestAdapter 'ValidateWorkspaceBounds'
[move_group-2] [WARN] [1789247278.669610832] [move_group.moveit.moveit.ros.validate_workspace_bounds]: It looks like the planning volume was not specified. Using default values.
[move_group-2] [INFO] [1789247278.669633488] [move_group]: Calling PlanningRequestAdapter 'CheckStartStateBounds'
[move_group-2] [INFO] [1789247278.669659792] [move_group]: Calling PlanningRequestAdapter 'CheckStartStateCollision'
[move_group-2] [ERROR] [1789247278.669782064] [move_group]: PlanningRequestAdapter 'CheckStartStateCollision' failed, because '2 contact(s) detected : mw_panel - panda_leftfinger, mw_panel - panda_rightfinger, '. Aborting planning pipeline.
[move_group-2] [INFO] [1789247278.669874001] [move_group.moveit.moveit.ros.move_group.move_action]: START_STATE_IN_COLLISION
[move_group-2] [INFO] [1789247279.168534567] [move_group.moveit.moveit.ros.move_group.move_action]: MoveGroupMoveAction: Received request
[move_group-2] [INFO] [1789247279.169123209] [move_group.moveit.moveit.ros.move_group.move_action]: executing..
[move_group-2] [INFO] [1789247279.169478315] [move_group.moveit.moveit.ros.move_group.move_action]: Combined planning and execution request received for MoveGroup action. Forwarding to planning and execution pipeline.
[move_group-2] [WARN] [1789247279.169518955] [move_group.moveit.moveit.ros.move_group.capability]: Execution of motions should always start at the robot's current state. Ignoring the state supplied as start state in the motion planning request
[move_group-2] [WARN] [1789247279.169538187] [move_group.moveit.moveit.ros.move_group.capability]: Execution of motions should always start at the robot's current state. Ignoring the state supplied as difference in the planning scene diff
[move_group-2] [INFO] [1789247279.169557707] [move_group.moveit.moveit.ros.plan_execution]: Planning attempt 1 of at most 1
[move_group-2] [INFO] [1789247279.170043597] [move_group]: Calling PlanningRequestAdapter 'ResolveConstraintFrames'
[move_group-2] [INFO] [1789247279.170111949] [move_group]: Calling PlanningRequestAdapter 'ValidateWorkspaceBounds'
[move_group-2] [WARN] [1789247279.170121837] [move_group.moveit.moveit.ros.validate_workspace_bounds]: It looks like the planning volume was not specified. Using default values.
[move_group-2] [INFO] [1789247279.170144941] [move_group]: Calling PlanningRequestAdapter 'CheckStartStateBounds'
[move_group-2] [INFO] [1789247279.170176685] [move_group]: Calling PlanningRequestAdapter 'CheckStartStateCollision'
[move_group-2] [ERROR] [1789247279.170374510] [move_group]: PlanningRequestAdapter 'CheckStartStateCollision' failed, because '2 contact(s) detected : mw_panel - panda_leftfinger, mw_panel - panda_rightfinger, '. Aborting planning pipeline.
[move_group-2] [INFO] [1789247279.170486990] [move_group.moveit.moveit.ros.move_group.move_action]: START_STATE_IN_COLLISION
[move_group-2] [INFO] [1789247281.169613721] [move_group.moveit.moveit.ros.move_group.move_action]: MoveGroupMoveAction: Received request
[move_group-2] [INFO] [1789247281.169967194] [move_group.moveit.moveit.ros.move_group.move_action]: executing..
[move_group-2] [INFO] [1789247281.170227867] [move_group.moveit.moveit.ros.move_group.move_action]: Combined planning and execution request received for MoveGroup action. Forwarding to planning and execution pipeline.
[move_group-2] [WARN] [1789247281.170261371] [move_group.moveit.moveit.ros.move_group.capability]: Execution of motions should always start at the robot's current state. Ignoring the state supplied as start state in the motion planning request
[move_group-2] [WARN] [1789247281.170280187] [move_group.moveit.moveit.ros.move_group.capability]: Execution of motions should always start at the robot's current state. Ignoring the state supplied as difference in the planning scene diff
[move_group-2] [INFO] [1789247281.170291067] [move_group.moveit.moveit.ros.plan_execution]: Planning attempt 1 of at most 1
[move_group-2] [INFO] [1789247281.170479260] [move_group]: Calling PlanningRequestAdapter 'ResolveConstraintFrames'
[move_group-2] [INFO] [1789247281.170510268] [move_group]: Calling PlanningRequestAdapter 'ValidateWorkspaceBounds'
[move_group-2] [WARN] [1789247281.170518140] [move_group.moveit.moveit.ros.validate_workspace_bounds]: It looks like the planning volume was not specified. Using default values.
[move_group-2] [INFO] [1789247281.170538268] [move_group]: Calling PlanningRequestAdapter 'CheckStartStateBounds'
[move_group-2] [INFO] [1789247281.170559964] [move_group]: Calling PlanningRequestAdapter 'CheckStartStateCollision'
[move_group-2] [ERROR] [1789247281.170657533] [move_group]: PlanningRequestAdapter 'CheckStartStateCollision' failed, because '2 contact(s) detected : mw_panel - panda_leftfinger, mw_panel - panda_rightfinger, '. Aborting planning pipeline.
[move_group-2] [INFO] [1789247281.170751709] [move_group.moveit.moveit.ros.move_group.move_action]: START_STATE_IN_COLLISION
[move_group-2] [INFO] [1789247281.668389104] [move_group.moveit.moveit.ros.move_group.move_action]: MoveGroupMoveAction: Received request
[move_group-2] [INFO] [1789247281.668742577] [move_group.moveit.moveit.ros.move_group.move_action]: executing..
[move_group-2] [INFO] [1789247281.669007762] [move_group.moveit.moveit.ros.move_group.move_action]: Combined planning and execution request received for MoveGroup action. Forwarding to planning and execution pipeline.
[move_group-2] [WARN] [1789247281.669038578] [move_group.moveit.moveit.ros.move_group.capability]: Execution of motions should always start at the robot's current state. Ignoring the state supplied as start state in the motion planning request
[move_group-2] [WARN] [1789247281.669064178] [move_group.moveit.moveit.ros.move_group.capability]: Execution of motions should always start at the robot's current state. Ignoring the state supplied as difference in the planning scene diff
[move_group-2] [INFO] [1789247281.669079026] [move_group.moveit.moveit.ros.plan_execution]: Planning attempt 1 of at most 1
[move_group-2] [INFO] [1789247281.669371347] [move_group]: Calling PlanningRequestAdapter 'ResolveConstraintFrames'
[move_group-2] [INFO] [1789247281.669407860] [move_group]: Calling PlanningRequestAdapter 'ValidateWorkspaceBounds'
[move_group-2] [WARN] [1789247281.669417876] [move_group.moveit.moveit.ros.validate_workspace_bounds]: It looks like the planning volume was not specified. Using default values.
[move_group-2] [INFO] [1789247281.669440148] [move_group]: Calling PlanningRequestAdapter 'CheckStartStateBounds'
[move_group-2] [INFO] [1789247281.669463188] [move_group]: Calling PlanningRequestAdapter 'CheckStartStateCollision'
[move_group-2] [ERROR] [1789247281.669574708] [move_group]: PlanningRequestAdapter 'CheckStartStateCollision' failed, because '2 contact(s) detected : mw_panel - panda_leftfinger, mw_panel - panda_rightfinger, '. Aborting planning pipeline.
[move_group-2] [INFO] [1789247281.669661876] [move_group.moveit.moveit.ros.move_group.move_action]: START_STATE_IN_COLLISION
[move_group-2] [INFO] [1789247282.168333707] [move_group.moveit.moveit.ros.move_group.move_action]: MoveGroupMoveAction: Received request
[move_group-2] [INFO] [1789247282.168702732] [move_group.moveit.moveit.ros.move_group.move_action]: executing..
[move_group-2] [INFO] [1789247282.168957837] [move_group.moveit.moveit.ros.move_group.move_action]: Combined planning and execution request received for MoveGroup action. Forwarding to planning and execution pipeline.
[move_group-2] [WARN] [1789247282.168987245] [move_group.moveit.moveit.ros.move_group.capability]: Execution of motions should always start at the robot's current state. Ignoring the state supplied as start state in the motion planning request
[move_group-2] [WARN] [1789247282.169004334] [move_group.moveit.moveit.ros.move_group.capability]: Execution of motions should always start at the robot's current state. Ignoring the state supplied as difference in the planning scene diff
[move_group-2] [INFO] [1789247282.169017102] [move_group.moveit.moveit.ros.plan_execution]: Planning attempt 1 of at most 1
[move_group-2] [INFO] [1789247282.169316591] [move_group]: Calling PlanningRequestAdapter 'ResolveConstraintFrames'
[move_group-2] [INFO] [1789247282.169354799] [move_group]: Calling PlanningRequestAdapter 'ValidateWorkspaceBounds'
[move_group-2] [WARN] [1789247282.169365487] [move_group.moveit.moveit.ros.validate_workspace_bounds]: It looks like the planning volume was not specified. Using default values.
[move_group-2] [INFO] [1789247282.169389519] [move_group]: Calling PlanningRequestAdapter 'CheckStartStateBounds'
[move_group-2] [INFO] [1789247282.169412751] [move_group]: Calling PlanningRequestAdapter 'CheckStartStateCollision'
[move_group-2] [ERROR] [1789247282.169527759] [move_group]: PlanningRequestAdapter 'CheckStartStateCollision' failed, because '2 contact(s) detected : mw_panel - panda_leftfinger, mw_panel - panda_rightfinger, '. Aborting planning pipeline.
[move_group-2] [INFO] [1789247282.169641008] [move_group.moveit.moveit.ros.move_group.move_action]: START_STATE_IN_COLLISION
[move_group-2] [INFO] [1789247326.679769629] [move_group.moveit.moveit.ros.move_group.move_action]: MoveGroupMoveAction: Received request
[move_group-2] [INFO] [1789247326.680145535] [move_group.moveit.moveit.ros.move_group.move_action]: executing..
[move_group-2] [INFO] [1789247326.680406656] [move_group.moveit.moveit.ros.move_group.move_action]: Combined planning and execution request received for MoveGroup action. Forwarding to planning and execution pipeline.
[move_group-2] [WARN] [1789247326.680436256] [move_group.moveit.moveit.ros.move_group.capability]: Execution of motions should always start at the robot's current state. Ignoring the state supplied as start state in the motion planning request
[move_group-2] [WARN] [1789247326.680450208] [move_group.moveit.moveit.ros.move_group.capability]: Execution of motions should always start at the robot's current state. Ignoring the state supplied as difference in the planning scene diff
[move_group-2] [INFO] [1789247326.680462880] [move_group.moveit.moveit.ros.plan_execution]: Planning attempt 1 of at most 1
[move_group-2] [INFO] [1789247326.680671649] [move_group]: Calling PlanningRequestAdapter 'ResolveConstraintFrames'
[move_group-2] [INFO] [1789247326.680711297] [move_group]: Calling PlanningRequestAdapter 'ValidateWorkspaceBounds'
[move_group-2] [WARN] [1789247326.680723617] [move_group.moveit.moveit.ros.validate_workspace_bounds]: It looks like the planning volume was not specified. Using default values.
[move_group-2] [INFO] [1789247326.680748161] [move_group]: Calling PlanningRequestAdapter 'CheckStartStateBounds'
[move_group-2] [INFO] [1789247326.680771265] [move_group]: Calling PlanningRequestAdapter 'CheckStartStateCollision'
[move_group-2] [ERROR] [1789247326.680871841] [move_group]: PlanningRequestAdapter 'CheckStartStateCollision' failed, because '2 contact(s) detected : mw_panel - panda_leftfinger, mw_panel - panda_rightfinger, '. Aborting planning pipeline.
[move_group-2] [INFO] [1789247326.680958818] [move_group.moveit.moveit.ros.move_group.move_action]: START_STATE_IN_COLLISION
[move_group-2] [INFO] [1789247327.168149615] [move_group.moveit.moveit.ros.move_group.move_action]: MoveGroupMoveAction: Received request
[move_group-2] [INFO] [1789247327.168646897] [move_group.moveit.moveit.ros.move_group.move_action]: executing..
[move_group-2] [INFO] [1789247327.168983154] [move_group.moveit.moveit.ros.move_group.move_action]: Combined planning and execution request received for MoveGroup action. Forwarding to planning and execution pipeline.
[move_group-2] [WARN] [1789247327.169019826] [move_group.moveit.moveit.ros.move_group.capability]: Execution of motions should always start at the robot's current state. Ignoring the state supplied as start state in the motion planning request
[move_group-2] [WARN] [1789247327.169038514] [move_group.moveit.moveit.ros.move_group.capability]: Execution of motions should always start at the robot's current state. Ignoring the state supplied as difference in the planning scene diff
[move_group-2] [INFO] [1789247327.169071731] [move_group.moveit.moveit.ros.plan_execution]: Planning attempt 1 of at most 1
[move_group-2] [INFO] [1789247327.169520564] [move_group]: Calling PlanningRequestAdapter 'ResolveConstraintFrames'
[move_group-2] [INFO] [1789247327.169562388] [move_group]: Calling PlanningRequestAdapter 'ValidateWorkspaceBounds'
[move_group-2] [WARN] [1789247327.169571988] [move_group.moveit.moveit.ros.validate_workspace_bounds]: It looks like the planning volume was not specified. Using default values.
[move_group-2] [INFO] [1789247327.169593748] [move_group]: Calling PlanningRequestAdapter 'CheckStartStateBounds'
[move_group-2] [INFO] [1789247327.169625301] [move_group]: Calling PlanningRequestAdapter 'CheckStartStateCollision'
[move_group-2] [ERROR] [1789247327.169815125] [move_group]: PlanningRequestAdapter 'CheckStartStateCollision' failed, because '2 contact(s) detected : mw_panel - panda_leftfinger, mw_panel - panda_rightfinger, '. Aborting planning pipeline.
[move_group-2] [INFO] [1789247327.169919126] [move_group.moveit.moveit.ros.move_group.move_action]: START_STATE_IN_COLLISION
[move_group-2] [INFO] [1789247327.668324363] [move_group.moveit.moveit.ros.move_group.move_action]: MoveGroupMoveAction: Received request
[move_group-2] [INFO] [1789247327.668747949] [move_group.moveit.moveit.ros.move_group.move_action]: executing..
[move_group-2] [INFO] [1789247327.669032750] [move_group.moveit.moveit.ros.move_group.move_action]: Combined planning and execution request received for MoveGroup action. Forwarding to planning and execution pipeline.
[move_group-2] [WARN] [1789247327.669078926] [move_group.moveit.moveit.ros.move_group.capability]: Execution of motions should always start at the robot's current state. Ignoring the state supplied as start state in the motion planning request
[move_group-2] [WARN] [1789247327.669096142] [move_group.moveit.moveit.ros.move_group.capability]: Execution of motions should always start at the robot's current state. Ignoring the state supplied as difference in the planning scene diff
[move_group-2] [INFO] [1789247327.669109710] [move_group.moveit.moveit.ros.plan_execution]: Planning attempt 1 of at most 1
[move_group-2] [INFO] [1789247327.669433679] [move_group]: Calling PlanningRequestAdapter 'ResolveConstraintFrames'
[move_group-2] [INFO] [1789247327.669470927] [move_group]: Calling PlanningRequestAdapter 'ValidateWorkspaceBounds'
[move_group-2] [WARN] [1789247327.669481103] [move_group.moveit.moveit.ros.validate_workspace_bounds]: It looks like the planning volume was not specified. Using default values.
[move_group-2] [INFO] [1789247327.669502479] [move_group]: Calling PlanningRequestAdapter 'CheckStartStateBounds'
[move_group-2] [INFO] [1789247327.669525328] [move_group]: Calling PlanningRequestAdapter 'CheckStartStateCollision'
[move_group-2] [ERROR] [1789247327.669644208] [move_group]: PlanningRequestAdapter 'CheckStartStateCollision' failed, because '2 contact(s) detected : mw_panel - panda_leftfinger, mw_panel - panda_rightfinger, '. Aborting planning pipeline.
[move_group-2] [INFO] [1789247327.669730448] [move_group.moveit.moveit.ros.move_group.move_action]: START_STATE_IN_COLLISION
[move_group-2] [INFO] [1789247329.670459457] [move_group.moveit.moveit.ros.move_group.move_action]: MoveGroupMoveAction: Received request
[move_group-2] [INFO] [1789247329.670890914] [move_group.moveit.moveit.ros.move_group.move_action]: executing..
[move_group-2] [INFO] [1789247329.671203779] [move_group.moveit.moveit.ros.move_group.move_action]: Combined planning and execution request received for MoveGroup action. Forwarding to planning and execution pipeline.
[move_group-2] [WARN] [1789247329.671238787] [move_group.moveit.moveit.ros.move_group.capability]: Execution of motions should always start at the robot's current state. Ignoring the state supplied as start state in the motion planning request
[move_group-2] [WARN] [1789247329.671254564] [move_group.moveit.moveit.ros.move_group.capability]: Execution of motions should always start at the robot's current state. Ignoring the state supplied as difference in the planning scene diff
[move_group-2] [INFO] [1789247329.671268356] [move_group.moveit.moveit.ros.plan_execution]: Planning attempt 1 of at most 1
[move_group-2] [INFO] [1789247329.671485860] [move_group]: Calling PlanningRequestAdapter 'ResolveConstraintFrames'
[move_group-2] [INFO] [1789247329.671523781] [move_group]: Calling PlanningRequestAdapter 'ValidateWorkspaceBounds'
[move_group-2] [WARN] [1789247329.671532869] [move_group.moveit.moveit.ros.validate_workspace_bounds]: It looks like the planning volume was not specified. Using default values.
[move_group-2] [INFO] [1789247329.671555557] [move_group]: Calling PlanningRequestAdapter 'CheckStartStateBounds'
[move_group-2] [INFO] [1789247329.671580261] [move_group]: Calling PlanningRequestAdapter 'CheckStartStateCollision'
[move_group-2] [ERROR] [1789247329.671716229] [move_group]: PlanningRequestAdapter 'CheckStartStateCollision' failed, because '2 contact(s) detected : mw_panel - panda_leftfinger, mw_panel - panda_rightfinger, '. Aborting planning pipeline.
[move_group-2] [INFO] [1789247329.671809478] [move_group.moveit.moveit.ros.move_group.move_action]: START_STATE_IN_COLLISION
[move_group-2] [INFO] [1789247330.168554101] [move_group.moveit.moveit.ros.move_group.move_action]: MoveGroupMoveAction: Received request
[move_group-2] [INFO] [1789247330.168945175] [move_group.moveit.moveit.ros.move_group.move_action]: executing..
[move_group-2] [INFO] [1789247330.169215576] [move_group.moveit.moveit.ros.move_group.move_action]: Combined planning and execution request received for MoveGroup action. Forwarding to planning and execution pipeline.
[move_group-2] [WARN] [1789247330.169248824] [move_group.moveit.moveit.ros.move_group.capability]: Execution of motions should always start at the robot's current state. Ignoring the state supplied as start state in the motion planning request
[move_group-2] [WARN] [1789247330.169262904] [move_group.moveit.moveit.ros.move_group.capability]: Execution of motions should always start at the robot's current state. Ignoring the state supplied as difference in the planning scene diff
[move_group-2] [INFO] [1789247330.169274008] [move_group.moveit.moveit.ros.plan_execution]: Planning attempt 1 of at most 1
[move_group-2] [INFO] [1789247330.169598137] [move_group]: Calling PlanningRequestAdapter 'ResolveConstraintFrames'
[move_group-2] [INFO] [1789247330.169633241] [move_group]: Calling PlanningRequestAdapter 'ValidateWorkspaceBounds'
[move_group-2] [WARN] [1789247330.169642521] [move_group.moveit.moveit.ros.validate_workspace_bounds]: It looks like the planning volume was not specified. Using default values.
[move_group-2] [INFO] [1789247330.169663801] [move_group]: Calling PlanningRequestAdapter 'CheckStartStateBounds'
[move_group-2] [INFO] [1789247330.169688185] [move_group]: Calling PlanningRequestAdapter 'CheckStartStateCollision'
[move_group-2] [ERROR] [1789247330.169800122] [move_group]: PlanningRequestAdapter 'CheckStartStateCollision' failed, because '2 contact(s) detected : mw_panel - panda_leftfinger, mw_panel - panda_rightfinger, '. Aborting planning pipeline.
[move_group-2] [INFO] [1789247330.169884346] [move_group.moveit.moveit.ros.move_group.move_action]: START_STATE_IN_COLLISION
[move_group-2] [INFO] [1789247330.668491665] [move_group.moveit.moveit.ros.move_group.move_action]: MoveGroupMoveAction: Received request
[move_group-2] [INFO] [1789247330.668872594] [move_group.moveit.moveit.ros.move_group.move_action]: executing..
[move_group-2] [INFO] [1789247330.669171443] [move_group.moveit.moveit.ros.move_group.move_action]: Combined planning and execution request received for MoveGroup action. Forwarding to planning and execution pipeline.
[move_group-2] [WARN] [1789247330.669206163] [move_group.moveit.moveit.ros.move_group.capability]: Execution of motions should always start at the robot's current state. Ignoring the state supplied as start state in the motion planning request
[move_group-2] [WARN] [1789247330.669219283] [move_group.moveit.moveit.ros.move_group.capability]: Execution of motions should always start at the robot's current state. Ignoring the state supplied as difference in the planning scene diff
[move_group-2] [INFO] [1789247330.669232403] [move_group.moveit.moveit.ros.plan_execution]: Planning attempt 1 of at most 1
[move_group-2] [INFO] [1789247330.669566068] [move_group]: Calling PlanningRequestAdapter 'ResolveConstraintFrames'
[move_group-2] [INFO] [1789247330.669603508] [move_group]: Calling PlanningRequestAdapter 'ValidateWorkspaceBounds'
[move_group-2] [WARN] [1789247330.669612181] [move_group.moveit.moveit.ros.validate_workspace_bounds]: It looks like the planning volume was not specified. Using default values.
[move_group-2] [INFO] [1789247330.669633365] [move_group]: Calling PlanningRequestAdapter 'CheckStartStateBounds'
[move_group-2] [INFO] [1789247330.669657717] [move_group]: Calling PlanningRequestAdapter 'CheckStartStateCollision'
[move_group-2] [ERROR] [1789247330.669774677] [move_group]: PlanningRequestAdapter 'CheckStartStateCollision' failed, because '2 contact(s) detected : mw_panel - panda_leftfinger, mw_panel - panda_rightfinger, '. Aborting planning pipeline.
[move_group-2] [INFO] [1789247330.669874293] [move_group.moveit.moveit.ros.move_group.move_action]: START_STATE_IN_COLLISION
[move_group-2] [INFO] [1789247332.669463490] [move_group.moveit.moveit.ros.move_group.move_action]: MoveGroupMoveAction: Received request
[move_group-2] [INFO] [1789247332.669851043] [move_group.moveit.moveit.ros.move_group.move_action]: executing..
[move_group-2] [INFO] [1789247332.670127076] [move_group.moveit.moveit.ros.move_group.move_action]: Combined planning and execution request received for MoveGroup action. Forwarding to planning and execution pipeline.
[move_group-2] [WARN] [1789247332.670160164] [move_group.moveit.moveit.ros.move_group.capability]: Execution of motions should always start at the robot's current state. Ignoring the state supplied as start state in the motion planning request
[move_group-2] [WARN] [1789247332.670173444] [move_group.moveit.moveit.ros.move_group.capability]: Execution of motions should always start at the robot's current state. Ignoring the state supplied as difference in the planning scene diff
[move_group-2] [INFO] [1789247332.670186244] [move_group.moveit.moveit.ros.plan_execution]: Planning attempt 1 of at most 1
[move_group-2] [INFO] [1789247332.670385189] [move_group]: Calling PlanningRequestAdapter 'ResolveConstraintFrames'
[move_group-2] [INFO] [1789247332.670417541] [move_group]: Calling PlanningRequestAdapter 'ValidateWorkspaceBounds'
[move_group-2] [WARN] [1789247332.670426117] [move_group.moveit.moveit.ros.validate_workspace_bounds]: It looks like the planning volume was not specified. Using default values.
[move_group-2] [INFO] [1789247332.670446245] [move_group]: Calling PlanningRequestAdapter 'CheckStartStateBounds'
[move_group-2] [INFO] [1789247332.670467557] [move_group]: Calling PlanningRequestAdapter 'CheckStartStateCollision'
[move_group-2] [ERROR] [1789247332.670562438] [move_group]: PlanningRequestAdapter 'CheckStartStateCollision' failed, because '2 contact(s) detected : mw_panel - panda_leftfinger, mw_panel - panda_rightfinger, '. Aborting planning pipeline.
[move_group-2] [INFO] [1789247332.670645510] [move_group.moveit.moveit.ros.move_group.move_action]: START_STATE_IN_COLLISION
[move_group-2] [INFO] [1789247333.168473690] [move_group.moveit.moveit.ros.move_group.move_action]: MoveGroupMoveAction: Received request
[move_group-2] [INFO] [1789247333.168855227] [move_group.moveit.moveit.ros.move_group.move_action]: executing..
[move_group-2] [INFO] [1789247333.169168796] [move_group.moveit.moveit.ros.move_group.move_action]: Combined planning and execution request received for MoveGroup action. Forwarding to planning and execution pipeline.
[move_group-2] [WARN] [1789247333.169204124] [move_group.moveit.moveit.ros.move_group.capability]: Execution of motions should always start at the robot's current state. Ignoring the state supplied as start state in the motion planning request
[move_group-2] [WARN] [1789247333.169219420] [move_group.moveit.moveit.ros.move_group.capability]: Execution of motions should always start at the robot's current state. Ignoring the state supplied as difference in the planning scene diff
[move_group-2] [INFO] [1789247333.169232924] [move_group.moveit.moveit.ros.plan_execution]: Planning attempt 1 of at most 1
[move_group-2] [INFO] [1789247333.169504669] [move_group]: Calling PlanningRequestAdapter 'ResolveConstraintFrames'
[move_group-2] [INFO] [1789247333.169539517] [move_group]: Calling PlanningRequestAdapter 'ValidateWorkspaceBounds'
[move_group-2] [WARN] [1789247333.169549149] [move_group.moveit.moveit.ros.validate_workspace_bounds]: It looks like the planning volume was not specified. Using default values.
[move_group-2] [INFO] [1789247333.169569630] [move_group]: Calling PlanningRequestAdapter 'CheckStartStateBounds'
[move_group-2] [INFO] [1789247333.169593694] [move_group]: Calling PlanningRequestAdapter 'CheckStartStateCollision'
[move_group-2] [ERROR] [1789247333.169704350] [move_group]: PlanningRequestAdapter 'CheckStartStateCollision' failed, because '2 contact(s) detected : mw_panel - panda_leftfinger, mw_panel - panda_rightfinger, '. Aborting planning pipeline.
[move_group-2] [INFO] [1789247333.169784958] [move_group.moveit.moveit.ros.move_group.move_action]: START_STATE_IN_COLLISION
[move_group-2] [INFO] [1789247333.668515061] [move_group.moveit.moveit.ros.move_group.move_action]: MoveGroupMoveAction: Received request
[move_group-2] [INFO] [1789247333.668917079] [move_group.moveit.moveit.ros.move_group.move_action]: executing..
[move_group-2] [INFO] [1789247333.669198232] [move_group.moveit.moveit.ros.move_group.move_action]: Combined planning and execution request received for MoveGroup action. Forwarding to planning and execution pipeline.
[move_group-2] [WARN] [1789247333.669232952] [move_group.moveit.moveit.ros.move_group.capability]: Execution of motions should always start at the robot's current state. Ignoring the state supplied as start state in the motion planning request
[move_group-2] [WARN] [1789247333.669258808] [move_group.moveit.moveit.ros.move_group.capability]: Execution of motions should always start at the robot's current state. Ignoring the state supplied as difference in the planning scene diff
[move_group-2] [INFO] [1789247333.669270168] [move_group.moveit.moveit.ros.plan_execution]: Planning attempt 1 of at most 1
[move_group-2] [INFO] [1789247333.669510009] [move_group]: Calling PlanningRequestAdapter 'ResolveConstraintFrames'
[move_group-2] [INFO] [1789247333.669544057] [move_group]: Calling PlanningRequestAdapter 'ValidateWorkspaceBounds'
[move_group-2] [WARN] [1789247333.669554713] [move_group.moveit.moveit.ros.validate_workspace_bounds]: It looks like the planning volume was not specified. Using default values.
[move_group-2] [INFO] [1789247333.669575641] [move_group]: Calling PlanningRequestAdapter 'CheckStartStateBounds'
[move_group-2] [INFO] [1789247333.669598489] [move_group]: Calling PlanningRequestAdapter 'CheckStartStateCollision'
[move_group-2] [ERROR] [1789247333.669710169] [move_group]: PlanningRequestAdapter 'CheckStartStateCollision' failed, because '2 contact(s) detected : mw_panel - panda_leftfinger, mw_panel - panda_rightfinger, '. Aborting planning pipeline.
[move_group-2] [INFO] [1789247333.669792346] [move_group.moveit.moveit.ros.move_group.move_action]: START_STATE_IN_COLLISION
[move_group-2] [INFO] [1789247368.648522798] [move_group.moveit.moveit.ros.move_group.move_action]: MoveGroupMoveAction: Received request
[move_group-2] [INFO] [1789247368.648940975] [move_group.moveit.moveit.ros.move_group.move_action]: executing..
[move_group-2] [INFO] [1789247368.649220880] [move_group.moveit.moveit.ros.move_group.move_action]: Combined planning and execution request received for MoveGroup action. Forwarding to planning and execution pipeline.
[move_group-2] [WARN] [1789247368.649258513] [move_group.moveit.moveit.ros.move_group.capability]: Execution of motions should always start at the robot's current state. Ignoring the state supplied as start state in the motion planning request
[move_group-2] [WARN] [1789247368.649273393] [move_group.moveit.moveit.ros.move_group.capability]: Execution of motions should always start at the robot's current state. Ignoring the state supplied as difference in the planning scene diff
[move_group-2] [INFO] [1789247368.649286033] [move_group.moveit.moveit.ros.plan_execution]: Planning attempt 1 of at most 1
[move_group-2] [INFO] [1789247368.649494705] [move_group]: Calling PlanningRequestAdapter 'ResolveConstraintFrames'
[move_group-2] [INFO] [1789247368.649540818] [move_group]: Calling PlanningRequestAdapter 'ValidateWorkspaceBounds'
[move_group-2] [WARN] [1789247368.649550546] [move_group.moveit.moveit.ros.validate_workspace_bounds]: It looks like the planning volume was not specified. Using default values.
[move_group-2] [INFO] [1789247368.649572146] [move_group]: Calling PlanningRequestAdapter 'CheckStartStateBounds'
[move_group-2] [INFO] [1789247368.649594098] [move_group]: Calling PlanningRequestAdapter 'CheckStartStateCollision'
[move_group-2] [ERROR] [1789247368.649700274] [move_group]: PlanningRequestAdapter 'CheckStartStateCollision' failed, because '2 contact(s) detected : mw_panel - panda_leftfinger, mw_panel - panda_rightfinger, '. Aborting planning pipeline.
[move_group-2] [INFO] [1789247368.649778386] [move_group.moveit.moveit.ros.move_group.move_action]: START_STATE_IN_COLLISION
[move_group-2] [INFO] [1789247368.667210609] [move_group.moveit.moveit.ros.move_group.move_action]: MoveGroupMoveAction: Received request
[move_group-2] [INFO] [1789247368.667573682] [move_group.moveit.moveit.ros.move_group.move_action]: executing..
[move_group-2] [INFO] [1789247368.667897907] [move_group.moveit.moveit.ros.move_group.move_action]: Combined planning and execution request received for MoveGroup action. Forwarding to planning and execution pipeline.
[move_group-2] [WARN] [1789247368.667935571] [move_group.moveit.moveit.ros.move_group.capability]: Execution of motions should always start at the robot's current state. Ignoring the state supplied as start state in the motion planning request
[move_group-2] [WARN] [1789247368.667956979] [move_group.moveit.moveit.ros.move_group.capability]: Execution of motions should always start at the robot's current state. Ignoring the state supplied as difference in the planning scene diff
[move_group-2] [INFO] [1789247368.667974419] [move_group.moveit.moveit.ros.plan_execution]: Planning attempt 1 of at most 1
[move_group-2] [INFO] [1789247368.668290805] [move_group]: Calling PlanningRequestAdapter 'ResolveConstraintFrames'
[move_group-2] [INFO] [1789247368.668333525] [move_group]: Calling PlanningRequestAdapter 'ValidateWorkspaceBounds'
[move_group-2] [WARN] [1789247368.668342293] [move_group.moveit.moveit.ros.validate_workspace_bounds]: It looks like the planning volume was not specified. Using default values.
[move_group-2] [INFO] [1789247368.668365109] [move_group]: Calling PlanningRequestAdapter 'CheckStartStateBounds'
[move_group-2] [INFO] [1789247368.668395157] [move_group]: Calling PlanningRequestAdapter 'CheckStartStateCollision'
[move_group-2] [ERROR] [1789247368.668557846] [move_group]: PlanningRequestAdapter 'CheckStartStateCollision' failed, because '2 contact(s) detected : mw_panel - panda_leftfinger, mw_panel - panda_rightfinger, '. Aborting planning pipeline.
[move_group-2] [INFO] [1789247368.668646678] [move_group.moveit.moveit.ros.move_group.move_action]: START_STATE_IN_COLLISION
[move_group-2] [INFO] [1789247369.168945266] [move_group.moveit.moveit.ros.move_group.move_action]: MoveGroupMoveAction: Received request
[move_group-2] [INFO] [1789247369.169421364] [move_group.moveit.moveit.ros.move_group.move_action]: executing..
[move_group-2] [INFO] [1789247369.169703797] [move_group.moveit.moveit.ros.move_group.move_action]: Combined planning and execution request received for MoveGroup action. Forwarding to planning and execution pipeline.
[move_group-2] [WARN] [1789247369.169737365] [move_group.moveit.moveit.ros.move_group.capability]: Execution of motions should always start at the robot's current state. Ignoring the state supplied as start state in the motion planning request
[move_group-2] [WARN] [1789247369.169754197] [move_group.moveit.moveit.ros.move_group.capability]: Execution of motions should always start at the robot's current state. Ignoring the state supplied as difference in the planning scene diff
[move_group-2] [INFO] [1789247369.169766933] [move_group.moveit.moveit.ros.plan_execution]: Planning attempt 1 of at most 1
[move_group-2] [INFO] [1789247369.170059606] [move_group]: Calling PlanningRequestAdapter 'ResolveConstraintFrames'
[move_group-2] [INFO] [1789247369.170101014] [move_group]: Calling PlanningRequestAdapter 'ValidateWorkspaceBounds'
[move_group-2] [WARN] [1789247369.170109527] [move_group.moveit.moveit.ros.validate_workspace_bounds]: It looks like the planning volume was not specified. Using default values.
[move_group-2] [INFO] [1789247369.170132247] [move_group]: Calling PlanningRequestAdapter 'CheckStartStateBounds'
[move_group-2] [INFO] [1789247369.170155255] [move_group]: Calling PlanningRequestAdapter 'CheckStartStateCollision'
[move_group-2] [ERROR] [1789247369.170280887] [move_group]: PlanningRequestAdapter 'CheckStartStateCollision' failed, because '2 contact(s) detected : mw_panel - panda_leftfinger, mw_panel - panda_rightfinger, '. Aborting planning pipeline.
[move_group-2] [INFO] [1789247369.170368759] [move_group.moveit.moveit.ros.move_group.move_action]: START_STATE_IN_COLLISION
[move_group-2] [INFO] [1789247371.169524290] [move_group.moveit.moveit.ros.move_group.move_action]: MoveGroupMoveAction: Received request
[move_group-2] [INFO] [1789247371.169949924] [move_group.moveit.moveit.ros.move_group.move_action]: executing..
[move_group-2] [INFO] [1789247371.170235269] [move_group.moveit.moveit.ros.move_group.move_action]: Combined planning and execution request received for MoveGroup action. Forwarding to planning and execution pipeline.
[move_group-2] [WARN] [1789247371.170274789] [move_group.moveit.moveit.ros.move_group.capability]: Execution of motions should always start at the robot's current state. Ignoring the state supplied as start state in the motion planning request
[move_group-2] [WARN] [1789247371.170292037] [move_group.moveit.moveit.ros.move_group.capability]: Execution of motions should always start at the robot's current state. Ignoring the state supplied as difference in the planning scene diff
[move_group-2] [INFO] [1789247371.170308549] [move_group.moveit.moveit.ros.plan_execution]: Planning attempt 1 of at most 1
[move_group-2] [INFO] [1789247371.170593734] [move_group]: Calling PlanningRequestAdapter 'ResolveConstraintFrames'
[move_group-2] [INFO] [1789247371.170631078] [move_group]: Calling PlanningRequestAdapter 'ValidateWorkspaceBounds'
[move_group-2] [WARN] [1789247371.170640134] [move_group.moveit.moveit.ros.validate_workspace_bounds]: It looks like the planning volume was not specified. Using default values.
[move_group-2] [INFO] [1789247371.170662374] [move_group]: Calling PlanningRequestAdapter 'CheckStartStateBounds'
[move_group-2] [INFO] [1789247371.170685222] [move_group]: Calling PlanningRequestAdapter 'CheckStartStateCollision'
[move_group-2] [ERROR] [1789247371.170830599] [move_group]: PlanningRequestAdapter 'CheckStartStateCollision' failed, because '2 contact(s) detected : mw_panel - panda_leftfinger, mw_panel - panda_rightfinger, '. Aborting planning pipeline.
[move_group-2] [INFO] [1789247371.170909639] [move_group.moveit.moveit.ros.move_group.move_action]: START_STATE_IN_COLLISION
[move_group-2] [INFO] [1789247371.667707351] [move_group.moveit.moveit.ros.move_group.move_action]: MoveGroupMoveAction: Received request
[move_group-2] [INFO] [1789247371.668155577] [move_group.moveit.moveit.ros.move_group.move_action]: executing..
[move_group-2] [INFO] [1789247371.668479258] [move_group.moveit.moveit.ros.move_group.move_action]: Combined planning and execution request received for MoveGroup action. Forwarding to planning and execution pipeline.
[move_group-2] [WARN] [1789247371.668520698] [move_group.moveit.moveit.ros.move_group.capability]: Execution of motions should always start at the robot's current state. Ignoring the state supplied as start state in the motion planning request
[move_group-2] [WARN] [1789247371.668538682] [move_group.moveit.moveit.ros.move_group.capability]: Execution of motions should always start at the robot's current state. Ignoring the state supplied as difference in the planning scene diff
[move_group-2] [INFO] [1789247371.668556762] [move_group.moveit.moveit.ros.plan_execution]: Planning attempt 1 of at most 1
[move_group-2] [INFO] [1789247371.668995772] [move_group]: Calling PlanningRequestAdapter 'ResolveConstraintFrames'
[move_group-2] [INFO] [1789247371.669038044] [move_group]: Calling PlanningRequestAdapter 'ValidateWorkspaceBounds'
[move_group-2] [WARN] [1789247371.669048348] [move_group.moveit.moveit.ros.validate_workspace_bounds]: It looks like the planning volume was not specified. Using default values.
[move_group-2] [INFO] [1789247371.669079612] [move_group]: Calling PlanningRequestAdapter 'CheckStartStateBounds'
[move_group-2] [INFO] [1789247371.669108156] [move_group]: Calling PlanningRequestAdapter 'CheckStartStateCollision'
[move_group-2] [ERROR] [1789247371.669315229] [move_group]: PlanningRequestAdapter 'CheckStartStateCollision' failed, because '2 contact(s) detected : mw_panel - panda_leftfinger, mw_panel - panda_rightfinger, '. Aborting planning pipeline.
[move_group-2] [INFO] [1789247371.669397501] [move_group.moveit.moveit.ros.move_group.move_action]: START_STATE_IN_COLLISION
[move_group-2] [INFO] [1789247372.167838451] [move_group.moveit.moveit.ros.move_group.move_action]: MoveGroupMoveAction: Received request
[move_group-2] [INFO] [1789247372.168308117] [move_group.moveit.moveit.ros.move_group.move_action]: executing..
[move_group-2] [INFO] [1789247372.168634614] [move_group.moveit.moveit.ros.move_group.move_action]: Combined planning and execution request received for MoveGroup action. Forwarding to planning and execution pipeline.
[move_group-2] [WARN] [1789247372.168673558] [move_group.moveit.moveit.ros.move_group.capability]: Execution of motions should always start at the robot's current state. Ignoring the state supplied as start state in the motion planning request
[move_group-2] [WARN] [1789247372.168686678] [move_group.moveit.moveit.ros.move_group.capability]: Execution of motions should always start at the robot's current state. Ignoring the state supplied as difference in the planning scene diff
[move_group-2] [INFO] [1789247372.168697590] [move_group.moveit.moveit.ros.plan_execution]: Planning attempt 1 of at most 1
[move_group-2] [INFO] [1789247372.168972919] [move_group]: Calling PlanningRequestAdapter 'ResolveConstraintFrames'
[move_group-2] [INFO] [1789247372.169021751] [move_group]: Calling PlanningRequestAdapter 'ValidateWorkspaceBounds'
[move_group-2] [WARN] [1789247372.169030967] [move_group.moveit.moveit.ros.validate_workspace_bounds]: It looks like the planning volume was not specified. Using default values.
[move_group-2] [INFO] [1789247372.169065463] [move_group]: Calling PlanningRequestAdapter 'CheckStartStateBounds'
[move_group-2] [INFO] [1789247372.169090519] [move_group]: Calling PlanningRequestAdapter 'CheckStartStateCollision'
[move_group-2] [ERROR] [1789247372.169210936] [move_group]: PlanningRequestAdapter 'CheckStartStateCollision' failed, because '2 contact(s) detected : mw_panel - panda_leftfinger, mw_panel - panda_rightfinger, '. Aborting planning pipeline.
[move_group-2] [INFO] [1789247372.169310936] [move_group.moveit.moveit.ros.move_group.move_action]: START_STATE_IN_COLLISION
[move_group-2] [INFO] [1789247374.168387651] [move_group.moveit.moveit.ros.move_group.move_action]: MoveGroupMoveAction: Received request
[move_group-2] [INFO] [1789247374.168753796] [move_group.moveit.moveit.ros.move_group.move_action]: executing..
[move_group-2] [INFO] [1789247374.169012805] [move_group.moveit.moveit.ros.move_group.move_action]: Combined planning and execution request received for MoveGroup action. Forwarding to planning and execution pipeline.
[move_group-2] [WARN] [1789247374.169042981] [move_group.moveit.moveit.ros.move_group.capability]: Execution of motions should always start at the robot's current state. Ignoring the state supplied as start state in the motion planning request
[move_group-2] [WARN] [1789247374.169071109] [move_group.moveit.moveit.ros.move_group.capability]: Execution of motions should always start at the robot's current state. Ignoring the state supplied as difference in the planning scene diff
[move_group-2] [INFO] [1789247374.169086021] [move_group.moveit.moveit.ros.plan_execution]: Planning attempt 1 of at most 1
[move_group-2] [INFO] [1789247374.169298278] [move_group]: Calling PlanningRequestAdapter 'ResolveConstraintFrames'
[move_group-2] [INFO] [1789247374.169334374] [move_group]: Calling PlanningRequestAdapter 'ValidateWorkspaceBounds'
[move_group-2] [WARN] [1789247374.169341478] [move_group.moveit.moveit.ros.validate_workspace_bounds]: It looks like the planning volume was not specified. Using default values.
[move_group-2] [INFO] [1789247374.169363206] [move_group]: Calling PlanningRequestAdapter 'CheckStartStateBounds'
[move_group-2] [INFO] [1789247374.169384870] [move_group]: Calling PlanningRequestAdapter 'CheckStartStateCollision'
[move_group-2] [ERROR] [1789247374.169485959] [move_group]: PlanningRequestAdapter 'CheckStartStateCollision' failed, because '2 contact(s) detected : mw_panel - panda_leftfinger, mw_panel - panda_rightfinger, '. Aborting planning pipeline.
[move_group-2] [INFO] [1789247374.169581895] [move_group.moveit.moveit.ros.move_group.move_action]: START_STATE_IN_COLLISION
[move_group-2] [INFO] [1789247374.667757244] [move_group.moveit.moveit.ros.move_group.move_action]: MoveGroupMoveAction: Received request
[move_group-2] [INFO] [1789247374.668141085] [move_group.moveit.moveit.ros.move_group.move_action]: executing..
[move_group-2] [INFO] [1789247374.668431134] [move_group.moveit.moveit.ros.move_group.move_action]: Combined planning and execution request received for MoveGroup action. Forwarding to planning and execution pipeline.
[move_group-2] [WARN] [1789247374.668463486] [move_group.moveit.moveit.ros.move_group.capability]: Execution of motions should always start at the robot's current state. Ignoring the state supplied as start state in the motion planning request
[move_group-2] [WARN] [1789247374.668481374] [move_group.moveit.moveit.ros.move_group.capability]: Execution of motions should always start at the robot's current state. Ignoring the state supplied as difference in the planning scene diff
[move_group-2] [INFO] [1789247374.668496094] [move_group.moveit.moveit.ros.plan_execution]: Planning attempt 1 of at most 1
[move_group-2] [INFO] [1789247374.668795456] [move_group]: Calling PlanningRequestAdapter 'ResolveConstraintFrames'
[move_group-2] [INFO] [1789247374.668832896] [move_group]: Calling PlanningRequestAdapter 'ValidateWorkspaceBounds'
[move_group-2] [WARN] [1789247374.668841856] [move_group.moveit.moveit.ros.validate_workspace_bounds]: It looks like the planning volume was not specified. Using default values.
[move_group-2] [INFO] [1789247374.668865024] [move_group]: Calling PlanningRequestAdapter 'CheckStartStateBounds'
[move_group-2] [INFO] [1789247374.668888192] [move_group]: Calling PlanningRequestAdapter 'CheckStartStateCollision'
[move_group-2] [ERROR] [1789247374.669001088] [move_group]: PlanningRequestAdapter 'CheckStartStateCollision' failed, because '2 contact(s) detected : mw_panel - panda_leftfinger, mw_panel - panda_rightfinger, '. Aborting planning pipeline.
[move_group-2] [INFO] [1789247374.669102913] [move_group.moveit.moveit.ros.move_group.move_action]: START_STATE_IN_COLLISION
[move_group-2] [INFO] [1789247375.167827351] [move_group.moveit.moveit.ros.move_group.move_action]: MoveGroupMoveAction: Received request
[move_group-2] [INFO] [1789247375.168285241] [move_group.moveit.moveit.ros.move_group.move_action]: executing..
[move_group-2] [INFO] [1789247375.168567578] [move_group.moveit.moveit.ros.move_group.move_action]: Combined planning and execution request received for MoveGroup action. Forwarding to planning and execution pipeline.
[move_group-2] [WARN] [1789247375.168601594] [move_group.moveit.moveit.ros.move_group.capability]: Execution of motions should always start at the robot's current state. Ignoring the state supplied as start state in the motion planning request
[move_group-2] [WARN] [1789247375.168618426] [move_group.moveit.moveit.ros.move_group.capability]: Execution of motions should always start at the robot's current state. Ignoring the state supplied as difference in the planning scene diff
[move_group-2] [INFO] [1789247375.168628858] [move_group.moveit.moveit.ros.plan_execution]: Planning attempt 1 of at most 1
[move_group-2] [INFO] [1789247375.168944219] [move_group]: Calling PlanningRequestAdapter 'ResolveConstraintFrames'
[move_group-2] [INFO] [1789247375.168981276] [move_group]: Calling PlanningRequestAdapter 'ValidateWorkspaceBounds'
[move_group-2] [WARN] [1789247375.168990460] [move_group.moveit.moveit.ros.validate_workspace_bounds]: It looks like the planning volume was not specified. Using default values.
[move_group-2] [INFO] [1789247375.169009756] [move_group]: Calling PlanningRequestAdapter 'CheckStartStateBounds'
[move_group-2] [INFO] [1789247375.169033020] [move_group]: Calling PlanningRequestAdapter 'CheckStartStateCollision'
[move_group-2] [ERROR] [1789247375.169187900] [move_group]: PlanningRequestAdapter 'CheckStartStateCollision' failed, because '2 contact(s) detected : mw_panel - panda_leftfinger, mw_panel - panda_rightfinger, '. Aborting planning pipeline.
[move_group-2] [INFO] [1789247375.169279069] [move_group.moveit.moveit.ros.move_group.move_action]: START_STATE_IN_COLLISION
[move_group-2] [INFO] [1789247439.678273935] [move_group.moveit.moveit.ros.move_group.move_action]: MoveGroupMoveAction: Received request
[move_group-2] [INFO] [1789247439.678663953] [move_group.moveit.moveit.ros.move_group.move_action]: executing..
[move_group-2] [INFO] [1789247439.678992786] [move_group.moveit.moveit.ros.move_group.move_action]: Combined planning and execution request received for MoveGroup action. Forwarding to planning and execution pipeline.
[move_group-2] [WARN] [1789247439.679027410] [move_group.moveit.moveit.ros.move_group.capability]: Execution of motions should always start at the robot's current state. Ignoring the state supplied as start state in the motion planning request
[move_group-2] [WARN] [1789247439.679042866] [move_group.moveit.moveit.ros.move_group.capability]: Execution of motions should always start at the robot's current state. Ignoring the state supplied as difference in the planning scene diff
[move_group-2] [INFO] [1789247439.679065682] [move_group.moveit.moveit.ros.plan_execution]: Planning attempt 1 of at most 1
[move_group-2] [INFO] [1789247439.679283859] [move_group]: Calling PlanningRequestAdapter 'ResolveConstraintFrames'
[move_group-2] [INFO] [1789247439.679326707] [move_group]: Calling PlanningRequestAdapter 'ValidateWorkspaceBounds'
[move_group-2] [WARN] [1789247439.679336851] [move_group.moveit.moveit.ros.validate_workspace_bounds]: It looks like the planning volume was not specified. Using default values.
[move_group-2] [INFO] [1789247439.679359731] [move_group]: Calling PlanningRequestAdapter 'CheckStartStateBounds'
[move_group-2] [INFO] [1789247439.679383667] [move_group]: Calling PlanningRequestAdapter 'CheckStartStateCollision'
[move_group-2] [INFO] [1789247439.679783381] [move_group.moveit.moveit.planners.ompl.model_based_planning_context]: Planner configuration 'panda_arm' will use planner 'geometric::RRTConnect'. Additional configuration parameters will be set when the planner is constructed.
[move_group-2] [INFO] [1789247439.679874101] [move_group]: Calling Planner 'OMPL'
[move_group-2] [INFO] [1789247439.692091137] [move_group]: Calling PlanningResponseAdapter 'AddTimeOptimalParameterization'
[move_group-2] [INFO] [1789247439.692617539] [move_group]: Calling PlanningResponseAdapter 'ValidateSolution'
[move_group-2] [INFO] [1789247439.692746691] [move_group]: Calling PlanningResponseAdapter 'DisplayMotionPath'
[move_group-2] [WARN] [1789247439.692799491] [move_group.moveit.moveit.ros.planning_pipeline]: The planner plugin did not fill out the 'planner_id' field of the MotionPlanResponse. Setting it to the planner ID name of the MotionPlanRequest assuming that the planner plugin does warn you if it does not use the requested planner.
[move_group-2] [INFO] [1789247439.692954500] [move_group.moveit.moveit.plugins.simple_controller_manager]: Returned 1 controllers in list
[move_group-2] [INFO] [1789247439.692989284] [move_group.moveit.moveit.plugins.simple_controller_manager]: Returned 1 controllers in list
[move_group-2] [INFO] [1789247439.693039076] [move_group.moveit.moveit.ros.trajectory_execution_manager]: Validating trajectory with allowed_start_tolerance 0.05
[move_group-2] [INFO] [1789247439.693137797] [move_group.moveit.moveit.ros.trajectory_execution_manager]: Starting trajectory execution ...
[move_group-2] [INFO] [1789247439.693191397] [move_group.moveit.moveit.plugins.simple_controller_manager]: Returned 1 controllers in list
[move_group-2] [INFO] [1789247439.693211109] [move_group.moveit.moveit.plugins.simple_controller_manager]: Returned 1 controllers in list
[move_group-2] [INFO] [1789247439.693348613] [moveit.simple_controller_manager.follow_joint_trajectory_controller_handle]: sending trajectory to panda_arm_controller
[move_group-2] [INFO] [1789247439.695742798] [moveit.simple_controller_manager.follow_joint_trajectory_controller_handle]: panda_arm_controller started execution
[move_group-2] [INFO] [1789247439.695768846] [moveit.simple_controller_manager.follow_joint_trajectory_controller_handle]: Goal request accepted!
[move_group-2] [WARN] [1789247445.231085018] [moveit.simple_controller_manager.follow_joint_trajectory_controller_handle]: Controller 'panda_arm_controller' failed with error GOAL_TOLERANCE_VIOLATED: final max joint error 0.1288 rad
[move_group-2] [WARN] [1789247445.231149594] [move_group.moveit.moveit.ros.trajectory_execution_manager]: Controller handle panda_arm_controller reports status ABORTED
[move_group-2] [INFO] [1789247445.231199770] [move_group.moveit.moveit.ros.trajectory_execution_manager]: Completed trajectory execution with status ABORTED ...
[move_group-2] [INFO] [1789247445.233398786] [move_group.moveit.moveit.ros.move_group.move_action]: CONTROL_FAILED
[move_group-2] [INFO] [1789247445.667896116] [move_group.moveit.moveit.ros.move_group.move_action]: MoveGroupMoveAction: Received request
[move_group-2] [INFO] [1789247445.668318293] [move_group.moveit.moveit.ros.move_group.move_action]: executing..
[move_group-2] [INFO] [1789247445.668575158] [move_group.moveit.moveit.ros.move_group.move_action]: Combined planning and execution request received for MoveGroup action. Forwarding to planning and execution pipeline.
[move_group-2] [WARN] [1789247445.668607062] [move_group.moveit.moveit.ros.move_group.capability]: Execution of motions should always start at the robot's current state. Ignoring the state supplied as start state in the motion planning request
[move_group-2] [WARN] [1789247445.668622742] [move_group.moveit.moveit.ros.move_group.capability]: Execution of motions should always start at the robot's current state. Ignoring the state supplied as difference in the planning scene diff
[move_group-2] [INFO] [1789247445.668634966] [move_group.moveit.moveit.ros.plan_execution]: Planning attempt 1 of at most 1
[move_group-2] [INFO] [1789247445.668976439] [move_group]: Calling PlanningRequestAdapter 'ResolveConstraintFrames'
[move_group-2] [INFO] [1789247445.669011960] [move_group]: Calling PlanningRequestAdapter 'ValidateWorkspaceBounds'
[move_group-2] [WARN] [1789247445.669021912] [move_group.moveit.moveit.ros.validate_workspace_bounds]: It looks like the planning volume was not specified. Using default values.
[move_group-2] [INFO] [1789247445.669045176] [move_group]: Calling PlanningRequestAdapter 'CheckStartStateBounds'
[move_group-2] [INFO] [1789247445.669087448] [move_group]: Calling PlanningRequestAdapter 'CheckStartStateCollision'
[move_group-2] [INFO] [1789247445.669490329] [move_group.moveit.moveit.planners.ompl.model_based_planning_context]: Planner configuration 'panda_arm' will use planner 'geometric::RRTConnect'. Additional configuration parameters will be set when the planner is constructed.
[move_group-2] [INFO] [1789247445.669582266] [move_group]: Calling Planner 'OMPL'
[move_group-2] [INFO] [1789247445.681740869] [move_group]: Calling PlanningResponseAdapter 'AddTimeOptimalParameterization'
[move_group-2] [INFO] [1789247445.681988422] [move_group]: Calling PlanningResponseAdapter 'ValidateSolution'
[move_group-2] [INFO] [1789247445.682096486] [move_group]: Calling PlanningResponseAdapter 'DisplayMotionPath'
[move_group-2] [WARN] [1789247445.682144230] [move_group.moveit.moveit.ros.planning_pipeline]: The planner plugin did not fill out the 'planner_id' field of the MotionPlanResponse. Setting it to the planner ID name of the MotionPlanRequest assuming that the planner plugin does warn you if it does not use the requested planner.
[move_group-2] [INFO] [1789247445.682326119] [move_group.moveit.moveit.plugins.simple_controller_manager]: Returned 1 controllers in list
[move_group-2] [INFO] [1789247445.682363911] [move_group.moveit.moveit.plugins.simple_controller_manager]: Returned 1 controllers in list
[move_group-2] [INFO] [1789247445.682427592] [move_group.moveit.moveit.ros.trajectory_execution_manager]: Validating trajectory with allowed_start_tolerance 0.05
[move_group-2] [INFO] [1789247445.682529896] [move_group.moveit.moveit.ros.trajectory_execution_manager]: Starting trajectory execution ...
[move_group-2] [INFO] [1789247445.682584232] [move_group.moveit.moveit.plugins.simple_controller_manager]: Returned 1 controllers in list
[move_group-2] [INFO] [1789247445.682603208] [move_group.moveit.moveit.plugins.simple_controller_manager]: Returned 1 controllers in list
[move_group-2] [INFO] [1789247445.682729449] [moveit.simple_controller_manager.follow_joint_trajectory_controller_handle]: sending trajectory to panda_arm_controller
[move_group-2] [INFO] [1789247445.684607215] [moveit.simple_controller_manager.follow_joint_trajectory_controller_handle]: panda_arm_controller started execution
[move_group-2] [INFO] [1789247445.684630511] [moveit.simple_controller_manager.follow_joint_trajectory_controller_handle]: Goal request accepted!
[move_group-2] [INFO] [1789247449.718719973] [moveit.simple_controller_manager.follow_joint_trajectory_controller_handle]: Controller 'panda_arm_controller' successfully finished
[move_group-2] [INFO] [1789247449.718898341] [move_group.moveit.moveit.ros.trajectory_execution_manager]: Completed trajectory execution with status SUCCEEDED ...
[move_group-2] [INFO] [1789247449.722685107] [move_group.moveit.moveit.ros.move_group.move_action]: Solution was found and executed.
[move_group-2] [INFO] [1789247819.678277151] [move_group.moveit.moveit.ros.move_group.move_action]: MoveGroupMoveAction: Received request
[move_group-2] [INFO] [1789247819.678730017] [move_group.moveit.moveit.ros.move_group.move_action]: executing..
[move_group-2] [INFO] [1789247819.678976066] [move_group.moveit.moveit.ros.move_group.move_action]: Combined planning and execution request received for MoveGroup action. Forwarding to planning and execution pipeline.
[move_group-2] [WARN] [1789247819.679014978] [move_group.moveit.moveit.ros.move_group.capability]: Execution of motions should always start at the robot's current state. Ignoring the state supplied as start state in the motion planning request
[move_group-2] [WARN] [1789247819.679061794] [move_group.moveit.moveit.ros.move_group.capability]: Execution of motions should always start at the robot's current state. Ignoring the state supplied as difference in the planning scene diff
[move_group-2] [INFO] [1789247819.679082626] [move_group.moveit.moveit.ros.plan_execution]: Planning attempt 1 of at most 1
[move_group-2] [INFO] [1789247819.679399939] [move_group]: Calling PlanningRequestAdapter 'ResolveConstraintFrames'
[move_group-2] [INFO] [1789247819.679443524] [move_group]: Calling PlanningRequestAdapter 'ValidateWorkspaceBounds'
[move_group-2] [WARN] [1789247819.679452804] [move_group.moveit.moveit.ros.validate_workspace_bounds]: It looks like the planning volume was not specified. Using default values.
[move_group-2] [INFO] [1789247819.679475684] [move_group]: Calling PlanningRequestAdapter 'CheckStartStateBounds'
[move_group-2] [INFO] [1789247819.679506052] [move_group]: Calling PlanningRequestAdapter 'CheckStartStateCollision'
[move_group-2] [INFO] [1789247819.680028454] [move_group.moveit.moveit.planners.ompl.model_based_planning_context]: Planner configuration 'panda_arm' will use planner 'geometric::RRTConnect'. Additional configuration parameters will be set when the planner is constructed.
[move_group-2] [INFO] [1789247819.680123110] [move_group]: Calling Planner 'OMPL'
[move_group-2] [INFO] [1789247819.694208952] [move_group]: Calling PlanningResponseAdapter 'AddTimeOptimalParameterization'
[move_group-2] [INFO] [1789247819.696271296] [move_group]: Calling PlanningResponseAdapter 'ValidateSolution'
[move_group-2] [INFO] [1789247819.696566081] [move_group]: Calling PlanningResponseAdapter 'DisplayMotionPath'
[move_group-2] [WARN] [1789247819.696633153] [move_group.moveit.moveit.ros.planning_pipeline]: The planner plugin did not fill out the 'planner_id' field of the MotionPlanResponse. Setting it to the planner ID name of the MotionPlanRequest assuming that the planner plugin does warn you if it does not use the requested planner.
[move_group-2] [INFO] [1789247819.696799266] [move_group.moveit.moveit.plugins.simple_controller_manager]: Returned 1 controllers in list
[move_group-2] [INFO] [1789247819.696831746] [move_group.moveit.moveit.plugins.simple_controller_manager]: Returned 1 controllers in list
[move_group-2] [INFO] [1789247819.696905346] [move_group.moveit.moveit.ros.trajectory_execution_manager]: Validating trajectory with allowed_start_tolerance 0.05
[move_group-2] [INFO] [1789247819.697011938] [move_group.moveit.moveit.ros.trajectory_execution_manager]: Starting trajectory execution ...
[move_group-2] [INFO] [1789247819.697072483] [move_group.moveit.moveit.plugins.simple_controller_manager]: Returned 1 controllers in list
[move_group-2] [INFO] [1789247819.697092707] [move_group.moveit.moveit.plugins.simple_controller_manager]: Returned 1 controllers in list
[move_group-2] [INFO] [1789247819.697252067] [moveit.simple_controller_manager.follow_joint_trajectory_controller_handle]: sending trajectory to panda_arm_controller
[move_group-2] [INFO] [1789247819.699755692] [moveit.simple_controller_manager.follow_joint_trajectory_controller_handle]: panda_arm_controller started execution
[move_group-2] [INFO] [1789247819.699805356] [moveit.simple_controller_manager.follow_joint_trajectory_controller_handle]: Goal request accepted!
[move_group-2] [INFO] [1789247830.282128595] [moveit.simple_controller_manager.follow_joint_trajectory_controller_handle]: Controller 'panda_arm_controller' successfully finished
[move_group-2] [INFO] [1789247830.282379892] [move_group.moveit.moveit.ros.trajectory_execution_manager]: Completed trajectory execution with status SUCCEEDED ...
[move_group-2] [INFO] [1789247830.287324517] [move_group.moveit.moveit.ros.move_group.move_action]: Solution was found and executed.
[move_group-2] [INFO] [1789247830.667951862] [move_group.moveit.moveit.ros.move_group.move_action]: MoveGroupMoveAction: Received request
[move_group-2] [INFO] [1789247830.668397912] [move_group.moveit.moveit.ros.move_group.move_action]: executing..
[move_group-2] [INFO] [1789247830.668626072] [move_group.moveit.moveit.ros.move_group.move_action]: Combined planning and execution request received for MoveGroup action. Forwarding to planning and execution pipeline.
[move_group-2] [WARN] [1789247830.668656824] [move_group.moveit.moveit.ros.move_group.capability]: Execution of motions should always start at the robot's current state. Ignoring the state supplied as start state in the motion planning request
[move_group-2] [WARN] [1789247830.668671449] [move_group.moveit.moveit.ros.move_group.capability]: Execution of motions should always start at the robot's current state. Ignoring the state supplied as difference in the planning scene diff
[move_group-2] [INFO] [1789247830.668685049] [move_group.moveit.moveit.ros.plan_execution]: Planning attempt 1 of at most 1
[move_group-2] [INFO] [1789247830.669004090] [move_group]: Calling PlanningRequestAdapter 'ResolveConstraintFrames'
[move_group-2] [INFO] [1789247830.669068154] [move_group]: Calling PlanningRequestAdapter 'ValidateWorkspaceBounds'
[move_group-2] [WARN] [1789247830.669080378] [move_group.moveit.moveit.ros.validate_workspace_bounds]: It looks like the planning volume was not specified. Using default values.
[move_group-2] [INFO] [1789247830.669106074] [move_group]: Calling PlanningRequestAdapter 'CheckStartStateBounds'
[move_group-2] [INFO] [1789247830.669133402] [move_group]: Calling PlanningRequestAdapter 'CheckStartStateCollision'
[move_group-2] [INFO] [1789247830.669577756] [move_group.moveit.moveit.planners.ompl.model_based_planning_context]: Planner configuration 'panda_arm' will use planner 'geometric::RRTConnect'. Additional configuration parameters will be set when the planner is constructed.
[move_group-2] [INFO] [1789247830.669677980] [move_group]: Calling Planner 'OMPL'
[move_group-2] [INFO] [1789247830.682596266] [move_group]: Calling PlanningResponseAdapter 'AddTimeOptimalParameterization'
[move_group-2] [INFO] [1789247830.682770443] [move_group]: Calling PlanningResponseAdapter 'ValidateSolution'
[move_group-2] [INFO] [1789247830.682879051] [move_group]: Calling PlanningResponseAdapter 'DisplayMotionPath'
[move_group-2] [WARN] [1789247830.682924556] [move_group.moveit.moveit.ros.planning_pipeline]: The planner plugin did not fill out the 'planner_id' field of the MotionPlanResponse. Setting it to the planner ID name of the MotionPlanRequest assuming that the planner plugin does warn you if it does not use the requested planner.
[move_group-2] [INFO] [1789247830.683094988] [move_group.moveit.moveit.plugins.simple_controller_manager]: Returned 1 controllers in list
[move_group-2] [INFO] [1789247830.683130444] [move_group.moveit.moveit.plugins.simple_controller_manager]: Returned 1 controllers in list
[move_group-2] [INFO] [1789247830.683189100] [move_group.moveit.moveit.ros.trajectory_execution_manager]: Validating trajectory with allowed_start_tolerance 0.05
[move_group-2] [INFO] [1789247830.683298189] [move_group.moveit.moveit.ros.trajectory_execution_manager]: Starting trajectory execution ...
[move_group-2] [INFO] [1789247830.683354125] [move_group.moveit.moveit.plugins.simple_controller_manager]: Returned 1 controllers in list
[move_group-2] [INFO] [1789247830.683373517] [move_group.moveit.moveit.plugins.simple_controller_manager]: Returned 1 controllers in list
[move_group-2] [INFO] [1789247830.683503054] [moveit.simple_controller_manager.follow_joint_trajectory_controller_handle]: sending trajectory to panda_arm_controller
[move_group-2] [INFO] [1789247830.685460501] [moveit.simple_controller_manager.follow_joint_trajectory_controller_handle]: panda_arm_controller started execution
[move_group-2] [INFO] [1789247830.685485877] [moveit.simple_controller_manager.follow_joint_trajectory_controller_handle]: Goal request accepted!
[move_group-2] [INFO] [1789247833.987118672] [moveit.simple_controller_manager.follow_joint_trajectory_controller_handle]: Controller 'panda_arm_controller' successfully finished
[move_group-2] [INFO] [1789247833.987218960] [move_group.moveit.moveit.ros.trajectory_execution_manager]: Completed trajectory execution with status SUCCEEDED ...
[move_group-2] [INFO] [1789247833.993441190] [move_group.moveit.moveit.ros.move_group.move_action]: Solution was found and executed.
[move_group-2] [INFO] [1789247874.678809419] [move_group.moveit.moveit.ros.move_group.move_action]: MoveGroupMoveAction: Received request
[move_group-2] [INFO] [1789247874.679276492] [move_group.moveit.moveit.ros.move_group.move_action]: executing..
[move_group-2] [INFO] [1789247874.679512077] [move_group.moveit.moveit.ros.move_group.move_action]: Combined planning and execution request received for MoveGroup action. Forwarding to planning and execution pipeline.
[move_group-2] [WARN] [1789247874.679552109] [move_group.moveit.moveit.ros.move_group.capability]: Execution of motions should always start at the robot's current state. Ignoring the state supplied as start state in the motion planning request
[move_group-2] [WARN] [1789247874.679571117] [move_group.moveit.moveit.ros.move_group.capability]: Execution of motions should always start at the robot's current state. Ignoring the state supplied as difference in the planning scene diff
[move_group-2] [INFO] [1789247874.679585774] [move_group.moveit.moveit.ros.plan_execution]: Planning attempt 1 of at most 1
[move_group-2] [INFO] [1789247874.679879311] [move_group]: Calling PlanningRequestAdapter 'ResolveConstraintFrames'
[move_group-2] [INFO] [1789247874.679920879] [move_group]: Calling PlanningRequestAdapter 'ValidateWorkspaceBounds'
[move_group-2] [WARN] [1789247874.679930959] [move_group.moveit.moveit.ros.validate_workspace_bounds]: It looks like the planning volume was not specified. Using default values.
[move_group-2] [INFO] [1789247874.679953295] [move_group]: Calling PlanningRequestAdapter 'CheckStartStateBounds'
[move_group-2] [INFO] [1789247874.679977167] [move_group]: Calling PlanningRequestAdapter 'CheckStartStateCollision'
[move_group-2] [INFO] [1789247874.680525969] [move_group.moveit.moveit.planners.ompl.model_based_planning_context]: Planner configuration 'panda_arm' will use planner 'geometric::RRTConnect'. Additional configuration parameters will be set when the planner is constructed.
[move_group-2] [INFO] [1789247874.680606289] [move_group]: Calling Planner 'OMPL'
[move_group-2] [INFO] [1789247874.693688096] [move_group]: Calling PlanningResponseAdapter 'AddTimeOptimalParameterization'
[move_group-2] [INFO] [1789247874.694471651] [move_group]: Calling PlanningResponseAdapter 'ValidateSolution'
[move_group-2] [INFO] [1789247874.694653219] [move_group]: Calling PlanningResponseAdapter 'DisplayMotionPath'
[move_group-2] [WARN] [1789247874.694702980] [move_group.moveit.moveit.ros.planning_pipeline]: The planner plugin did not fill out the 'planner_id' field of the MotionPlanResponse. Setting it to the planner ID name of the MotionPlanRequest assuming that the planner plugin does warn you if it does not use the requested planner.
[move_group-2] [INFO] [1789247874.694858148] [move_group.moveit.moveit.plugins.simple_controller_manager]: Returned 1 controllers in list
[move_group-2] [INFO] [1789247874.694892292] [move_group.moveit.moveit.plugins.simple_controller_manager]: Returned 1 controllers in list
[move_group-2] [INFO] [1789247874.694960485] [move_group.moveit.moveit.ros.trajectory_execution_manager]: Validating trajectory with allowed_start_tolerance 0.05
[move_group-2] [INFO] [1789247874.695068421] [move_group.moveit.moveit.ros.trajectory_execution_manager]: Starting trajectory execution ...
[move_group-2] [INFO] [1789247874.695121829] [move_group.moveit.moveit.plugins.simple_controller_manager]: Returned 1 controllers in list
[move_group-2] [INFO] [1789247874.695144165] [move_group.moveit.moveit.plugins.simple_controller_manager]: Returned 1 controllers in list
[move_group-2] [INFO] [1789247874.695295174] [moveit.simple_controller_manager.follow_joint_trajectory_controller_handle]: sending trajectory to panda_arm_controller
[move_group-2] [INFO] [1789247874.697550190] [moveit.simple_controller_manager.follow_joint_trajectory_controller_handle]: panda_arm_controller started execution
[move_group-2] [INFO] [1789247874.697602254] [moveit.simple_controller_manager.follow_joint_trajectory_controller_handle]: Goal request accepted!
[move_group-2] [WARN] [1789247881.051048551] [moveit.simple_controller_manager.follow_joint_trajectory_controller_handle]: Controller 'panda_arm_controller' failed with error GOAL_TOLERANCE_VIOLATED: final max joint error 0.2780 rad
[move_group-2] [WARN] [1789247881.051120647] [move_group.moveit.moveit.ros.trajectory_execution_manager]: Controller handle panda_arm_controller reports status ABORTED
[move_group-2] [INFO] [1789247881.051171175] [move_group.moveit.moveit.ros.trajectory_execution_manager]: Completed trajectory execution with status ABORTED ...
[move_group-2] [INFO] [1789247881.055375030] [move_group.moveit.moveit.ros.move_group.move_action]: CONTROL_FAILED
[move_group-2] [INFO] [1789247881.167583399] [move_group.moveit.moveit.ros.move_group.move_action]: MoveGroupMoveAction: Received request
[move_group-2] [INFO] [1789247881.168031529] [move_group.moveit.moveit.ros.move_group.move_action]: executing..
[move_group-2] [INFO] [1789247881.168295946] [move_group.moveit.moveit.ros.move_group.move_action]: Combined planning and execution request received for MoveGroup action. Forwarding to planning and execution pipeline.
[move_group-2] [WARN] [1789247881.168343306] [move_group.moveit.moveit.ros.move_group.capability]: Execution of motions should always start at the robot's current state. Ignoring the state supplied as start state in the motion planning request
[move_group-2] [WARN] [1789247881.168359050] [move_group.moveit.moveit.ros.move_group.capability]: Execution of motions should always start at the robot's current state. Ignoring the state supplied as difference in the planning scene diff
[move_group-2] [INFO] [1789247881.168371530] [move_group.moveit.moveit.ros.plan_execution]: Planning attempt 1 of at most 1
[move_group-2] [INFO] [1789247881.168648939] [move_group]: Calling PlanningRequestAdapter 'ResolveConstraintFrames'
[move_group-2] [INFO] [1789247881.168696843] [move_group]: Calling PlanningRequestAdapter 'ValidateWorkspaceBounds'
[move_group-2] [WARN] [1789247881.168707755] [move_group.moveit.moveit.ros.validate_workspace_bounds]: It looks like the planning volume was not specified. Using default values.
[move_group-2] [INFO] [1789247881.168729227] [move_group]: Calling PlanningRequestAdapter 'CheckStartStateBounds'
[move_group-2] [INFO] [1789247881.168753035] [move_group]: Calling PlanningRequestAdapter 'CheckStartStateCollision'
[move_group-2] [INFO] [1789247881.169194765] [move_group.moveit.moveit.planners.ompl.model_based_planning_context]: Planner configuration 'panda_arm' will use planner 'geometric::RRTConnect'. Additional configuration parameters will be set when the planner is constructed.
[move_group-2] [INFO] [1789247881.169298605] [move_group]: Calling Planner 'OMPL'
[move_group-2] [INFO] [1789247881.182086875] [move_group]: Calling PlanningResponseAdapter 'AddTimeOptimalParameterization'
[move_group-2] [INFO] [1789247881.182487132] [move_group]: Calling PlanningResponseAdapter 'ValidateSolution'
[move_group-2] [INFO] [1789247881.182610749] [move_group]: Calling PlanningResponseAdapter 'DisplayMotionPath'
[move_group-2] [WARN] [1789247881.182672349] [move_group.moveit.moveit.ros.planning_pipeline]: The planner plugin did not fill out the 'planner_id' field of the MotionPlanResponse. Setting it to the planner ID name of the MotionPlanRequest assuming that the planner plugin does warn you if it does not use the requested planner.
[move_group-2] [INFO] [1789247881.182845534] [move_group.moveit.moveit.plugins.simple_controller_manager]: Returned 1 controllers in list
[move_group-2] [INFO] [1789247881.182888990] [move_group.moveit.moveit.plugins.simple_controller_manager]: Returned 1 controllers in list
[move_group-2] [INFO] [1789247881.182948510] [move_group.moveit.moveit.ros.trajectory_execution_manager]: Validating trajectory with allowed_start_tolerance 0.05
[move_group-2] [INFO] [1789247881.183058814] [move_group.moveit.moveit.ros.trajectory_execution_manager]: Starting trajectory execution ...
[move_group-2] [INFO] [1789247881.183115167] [move_group.moveit.moveit.plugins.simple_controller_manager]: Returned 1 controllers in list
[move_group-2] [INFO] [1789247881.183135167] [move_group.moveit.moveit.plugins.simple_controller_manager]: Returned 1 controllers in list
[move_group-2] [INFO] [1789247881.183260927] [moveit.simple_controller_manager.follow_joint_trajectory_controller_handle]: sending trajectory to panda_arm_controller
[move_group-2] [INFO] [1789247881.185398311] [moveit.simple_controller_manager.follow_joint_trajectory_controller_handle]: panda_arm_controller started execution
[move_group-2] [INFO] [1789247881.185422407] [moveit.simple_controller_manager.follow_joint_trajectory_controller_handle]: Goal request accepted!
[move_group-2] [INFO] [1789247886.088270782] [moveit.simple_controller_manager.follow_joint_trajectory_controller_handle]: Controller 'panda_arm_controller' successfully finished
[move_group-2] [INFO] [1789247886.088361598] [move_group.moveit.moveit.ros.trajectory_execution_manager]: Completed trajectory execution with status SUCCEEDED ...
[move_group-2] [INFO] [1789247886.093337616] [move_group.moveit.moveit.ros.move_group.move_action]: Solution was found and executed.
[move_group-2] [INFO] [1789247995.582384064] [move_group.moveit.moveit.ros.move_group.move_action]: MoveGroupMoveAction: Received request
[move_group-2] [INFO] [1789247995.582812066] [move_group.moveit.moveit.ros.move_group.move_action]: executing..
[move_group-2] [INFO] [1789247995.583097859] [move_group.moveit.moveit.ros.move_group.move_action]: Combined planning and execution request received for MoveGroup action. Forwarding to planning and execution pipeline.
[move_group-2] [WARN] [1789247995.583141155] [move_group.moveit.moveit.ros.move_group.capability]: Execution of motions should always start at the robot's current state. Ignoring the state supplied as start state in the motion planning request
[move_group-2] [WARN] [1789247995.583154531] [move_group.moveit.moveit.ros.move_group.capability]: Execution of motions should always start at the robot's current state. Ignoring the state supplied as difference in the planning scene diff
[move_group-2] [INFO] [1789247995.583165731] [move_group.moveit.moveit.ros.plan_execution]: Planning attempt 1 of at most 1
[move_group-2] [INFO] [1789247995.583391364] [move_group]: Calling PlanningRequestAdapter 'ResolveConstraintFrames'
[move_group-2] [INFO] [1789247995.583436900] [move_group]: Calling PlanningRequestAdapter 'ValidateWorkspaceBounds'
[move_group-2] [WARN] [1789247995.583447300] [move_group.moveit.moveit.ros.validate_workspace_bounds]: It looks like the planning volume was not specified. Using default values.
[move_group-2] [INFO] [1789247995.583469572] [move_group]: Calling PlanningRequestAdapter 'CheckStartStateBounds'
[move_group-2] [INFO] [1789247995.583496804] [move_group]: Calling PlanningRequestAdapter 'CheckStartStateCollision'
[move_group-2] [INFO] [1789247995.583947398] [move_group.moveit.moveit.planners.ompl.model_based_planning_context]: Planner configuration 'panda_arm' will use planner 'geometric::RRTConnect'. Additional configuration parameters will be set when the planner is constructed.
[move_group-2] [INFO] [1789247995.584046758] [move_group]: Calling Planner 'OMPL'
[move_group-2] [INFO] [1789247995.595738352] [move_group]: Calling PlanningResponseAdapter 'AddTimeOptimalParameterization'
[move_group-2] [INFO] [1789247995.595870001] [move_group]: Calling PlanningResponseAdapter 'ValidateSolution'
[move_group-2] [INFO] [1789247995.595943377] [move_group]: Calling PlanningResponseAdapter 'DisplayMotionPath'
[move_group-2] [WARN] [1789247995.595988017] [move_group.moveit.moveit.ros.planning_pipeline]: The planner plugin did not fill out the 'planner_id' field of the MotionPlanResponse. Setting it to the planner ID name of the MotionPlanRequest assuming that the planner plugin does warn you if it does not use the requested planner.
[move_group-2] [INFO] [1789247995.596146642] [move_group.moveit.moveit.plugins.simple_controller_manager]: Returned 1 controllers in list
[move_group-2] [INFO] [1789247995.596180626] [move_group.moveit.moveit.plugins.simple_controller_manager]: Returned 1 controllers in list
[move_group-2] [INFO] [1789247995.596235730] [move_group.moveit.moveit.ros.trajectory_execution_manager]: Validating trajectory with allowed_start_tolerance 0.05
[move_group-2] [INFO] [1789247995.596346002] [move_group.moveit.moveit.ros.trajectory_execution_manager]: Starting trajectory execution ...
[move_group-2] [INFO] [1789247995.596402354] [move_group.moveit.moveit.plugins.simple_controller_manager]: Returned 1 controllers in list
[move_group-2] [INFO] [1789247995.596420499] [move_group.moveit.moveit.plugins.simple_controller_manager]: Returned 1 controllers in list
[move_group-2] [INFO] [1789247995.596555923] [moveit.simple_controller_manager.follow_joint_trajectory_controller_handle]: sending trajectory to panda_arm_controller
[move_group-2] [INFO] [1789247995.598703419] [moveit.simple_controller_manager.follow_joint_trajectory_controller_handle]: panda_arm_controller started execution
[move_group-2] [INFO] [1789247995.598728891] [moveit.simple_controller_manager.follow_joint_trajectory_controller_handle]: Goal request accepted!
[move_group-2] [INFO] [1789247998.426539832] [moveit.simple_controller_manager.follow_joint_trajectory_controller_handle]: Controller 'panda_arm_controller' successfully finished
[move_group-2] [INFO] [1789247998.426679768] [move_group.moveit.moveit.ros.trajectory_execution_manager]: Completed trajectory execution with status SUCCEEDED ...
[move_group-2] [INFO] [1789247998.436497563] [move_group.moveit.moveit.ros.move_group.move_action]: Solution was found and executed.
[move_group-2] [INFO] [1789248447.264555282] [move_group.moveit.moveit.ros.move_group.move_action]: MoveGroupMoveAction: Received request
[move_group-2] [INFO] [1789248447.264999604] [move_group.moveit.moveit.ros.move_group.move_action]: executing..
[move_group-2] [INFO] [1789248447.265286421] [move_group.moveit.moveit.ros.move_group.move_action]: Combined planning and execution request received for MoveGroup action. Forwarding to planning and execution pipeline.
[move_group-2] [WARN] [1789248447.265327893] [move_group.moveit.moveit.ros.move_group.capability]: Execution of motions should always start at the robot's current state. Ignoring the state supplied as start state in the motion planning request
[move_group-2] [WARN] [1789248447.265346549] [move_group.moveit.moveit.ros.move_group.capability]: Execution of motions should always start at the robot's current state. Ignoring the state supplied as difference in the planning scene diff
[move_group-2] [INFO] [1789248447.265360405] [move_group.moveit.moveit.ros.plan_execution]: Planning attempt 1 of at most 1
[move_group-2] [INFO] [1789248447.265670678] [move_group]: Calling PlanningRequestAdapter 'ResolveConstraintFrames'
[move_group-2] [INFO] [1789248447.265714262] [move_group]: Calling PlanningRequestAdapter 'ValidateWorkspaceBounds'
[move_group-2] [WARN] [1789248447.265723478] [move_group.moveit.moveit.ros.validate_workspace_bounds]: It looks like the planning volume was not specified. Using default values.
[move_group-2] [INFO] [1789248447.265745174] [move_group]: Calling PlanningRequestAdapter 'CheckStartStateBounds'
[move_group-2] [INFO] [1789248447.265770742] [move_group]: Calling PlanningRequestAdapter 'CheckStartStateCollision'
[move_group-2] [INFO] [1789248447.266306392] [move_group.moveit.moveit.planners.ompl.model_based_planning_context]: Planner configuration 'panda_arm' will use planner 'geometric::RRTConnect'. Additional configuration parameters will be set when the planner is constructed.
[move_group-2] [INFO] [1789248447.266392569] [move_group]: Calling Planner 'OMPL'
[move_group-2] [INFO] [1789248447.279212806] [move_group]: Calling PlanningResponseAdapter 'AddTimeOptimalParameterization'
[move_group-2] [INFO] [1789248447.279765672] [move_group]: Calling PlanningResponseAdapter 'ValidateSolution'
[move_group-2] [INFO] [1789248447.279928425] [move_group]: Calling PlanningResponseAdapter 'DisplayMotionPath'
[move_group-2] [WARN] [1789248447.279976041] [move_group.moveit.moveit.ros.planning_pipeline]: The planner plugin did not fill out the 'planner_id' field of the MotionPlanResponse. Setting it to the planner ID name of the MotionPlanRequest assuming that the planner plugin does warn you if it does not use the requested planner.
[move_group-2] [INFO] [1789248447.280172362] [move_group.moveit.moveit.plugins.simple_controller_manager]: Returned 1 controllers in list
[move_group-2] [INFO] [1789248447.280213322] [move_group.moveit.moveit.plugins.simple_controller_manager]: Returned 1 controllers in list
[move_group-2] [INFO] [1789248447.280289130] [move_group.moveit.moveit.ros.trajectory_execution_manager]: Validating trajectory with allowed_start_tolerance 0.05
[move_group-2] [INFO] [1789248447.280388170] [move_group.moveit.moveit.ros.trajectory_execution_manager]: Starting trajectory execution ...
[move_group-2] [INFO] [1789248447.280447658] [move_group.moveit.moveit.plugins.simple_controller_manager]: Returned 1 controllers in list
[move_group-2] [INFO] [1789248447.280470411] [move_group.moveit.moveit.plugins.simple_controller_manager]: Returned 1 controllers in list
[move_group-2] [INFO] [1789248447.280622123] [moveit.simple_controller_manager.follow_joint_trajectory_controller_handle]: sending trajectory to panda_arm_controller
[move_group-2] [INFO] [1789248447.283293397] [moveit.simple_controller_manager.follow_joint_trajectory_controller_handle]: panda_arm_controller started execution
[move_group-2] [INFO] [1789248447.283346453] [moveit.simple_controller_manager.follow_joint_trajectory_controller_handle]: Goal request accepted!
[move_group-2] [WARN] [1789248453.242013515] [moveit.simple_controller_manager.follow_joint_trajectory_controller_handle]: Controller 'panda_arm_controller' failed with error GOAL_TOLERANCE_VIOLATED: final max joint error 0.2216 rad
[move_group-2] [WARN] [1789248453.242121099] [move_group.moveit.moveit.ros.trajectory_execution_manager]: Controller handle panda_arm_controller reports status ABORTED
[move_group-2] [INFO] [1789248453.242228076] [move_group.moveit.moveit.ros.trajectory_execution_manager]: Completed trajectory execution with status ABORTED ...
[move_group-2] [INFO] [1789248453.250578409] [move_group.moveit.moveit.ros.move_group.move_action]: CONTROL_FAILED
[move_group-2] [INFO] [1789248453.668579607] [move_group.moveit.moveit.ros.move_group.move_action]: MoveGroupMoveAction: Received request
[move_group-2] [INFO] [1789248453.668975512] [move_group.moveit.moveit.ros.move_group.move_action]: executing..
[move_group-2] [INFO] [1789248453.669215161] [move_group.moveit.moveit.ros.move_group.move_action]: Combined planning and execution request received for MoveGroup action. Forwarding to planning and execution pipeline.
[move_group-2] [WARN] [1789248453.669250617] [move_group.moveit.moveit.ros.move_group.capability]: Execution of motions should always start at the robot's current state. Ignoring the state supplied as start state in the motion planning request
[move_group-2] [WARN] [1789248453.669265593] [move_group.moveit.moveit.ros.move_group.capability]: Execution of motions should always start at the robot's current state. Ignoring the state supplied as difference in the planning scene diff
[move_group-2] [INFO] [1789248453.669277305] [move_group.moveit.moveit.ros.plan_execution]: Planning attempt 1 of at most 1
[move_group-2] [INFO] [1789248453.669592378] [move_group]: Calling PlanningRequestAdapter 'ResolveConstraintFrames'
[move_group-2] [INFO] [1789248453.669629370] [move_group]: Calling PlanningRequestAdapter 'ValidateWorkspaceBounds'
[move_group-2] [WARN] [1789248453.669638107] [move_group.moveit.moveit.ros.validate_workspace_bounds]: It looks like the planning volume was not specified. Using default values.
[move_group-2] [INFO] [1789248453.669662427] [move_group]: Calling PlanningRequestAdapter 'CheckStartStateBounds'
[move_group-2] [INFO] [1789248453.669689787] [move_group]: Calling PlanningRequestAdapter 'CheckStartStateCollision'
[move_group-2] [INFO] [1789248453.670138652] [move_group.moveit.moveit.planners.ompl.model_based_planning_context]: Planner configuration 'panda_arm' will use planner 'geometric::RRTConnect'. Additional configuration parameters will be set when the planner is constructed.
[move_group-2] [INFO] [1789248453.670232413] [move_group]: Calling Planner 'OMPL'
[move_group-2] [INFO] [1789248453.682769481] [move_group]: Calling PlanningResponseAdapter 'AddTimeOptimalParameterization'
[move_group-2] [INFO] [1789248453.683039338] [move_group]: Calling PlanningResponseAdapter 'ValidateSolution'
[move_group-2] [INFO] [1789248453.683149515] [move_group]: Calling PlanningResponseAdapter 'DisplayMotionPath'
[move_group-2] [WARN] [1789248453.683197227] [move_group.moveit.moveit.ros.planning_pipeline]: The planner plugin did not fill out the 'planner_id' field of the MotionPlanResponse. Setting it to the planner ID name of the MotionPlanRequest assuming that the planner plugin does warn you if it does not use the requested planner.
[move_group-2] [INFO] [1789248453.683352843] [move_group.moveit.moveit.plugins.simple_controller_manager]: Returned 1 controllers in list
[move_group-2] [INFO] [1789248453.683382955] [move_group.moveit.moveit.plugins.simple_controller_manager]: Returned 1 controllers in list
[move_group-2] [INFO] [1789248453.683437132] [move_group.moveit.moveit.ros.trajectory_execution_manager]: Validating trajectory with allowed_start_tolerance 0.05
[move_group-2] [INFO] [1789248453.683529132] [move_group.moveit.moveit.ros.trajectory_execution_manager]: Starting trajectory execution ...
[move_group-2] [INFO] [1789248453.683583116] [move_group.moveit.moveit.plugins.simple_controller_manager]: Returned 1 controllers in list
[move_group-2] [INFO] [1789248453.683601932] [move_group.moveit.moveit.plugins.simple_controller_manager]: Returned 1 controllers in list
[move_group-2] [INFO] [1789248453.683731629] [moveit.simple_controller_manager.follow_joint_trajectory_controller_handle]: sending trajectory to panda_arm_controller
[move_group-2] [INFO] [1789248453.685797684] [moveit.simple_controller_manager.follow_joint_trajectory_controller_handle]: panda_arm_controller started execution
[move_group-2] [INFO] [1789248453.685817044] [moveit.simple_controller_manager.follow_joint_trajectory_controller_handle]: Goal request accepted!
[move_group-2] [INFO] [1789248457.988633358] [moveit.simple_controller_manager.follow_joint_trajectory_controller_handle]: Controller 'panda_arm_controller' successfully finished
[move_group-2] [INFO] [1789248457.988810383] [move_group.moveit.moveit.ros.trajectory_execution_manager]: Completed trajectory execution with status SUCCEEDED ...
[move_group-2] [INFO] [1789248457.993693216] [move_group.moveit.moveit.ros.move_group.move_action]: Solution was found and executed.
[move_group-2] [INFO] [1789248467.679921172] [move_group.moveit.moveit.ros.move_group.move_action]: MoveGroupMoveAction: Received request
[move_group-2] [INFO] [1789248467.680442550] [move_group.moveit.moveit.ros.move_group.move_action]: executing..
[move_group-2] [INFO] [1789248467.680669175] [move_group.moveit.moveit.ros.move_group.move_action]: Combined planning and execution request received for MoveGroup action. Forwarding to planning and execution pipeline.
[move_group-2] [WARN] [1789248467.680708919] [move_group.moveit.moveit.ros.move_group.capability]: Execution of motions should always start at the robot's current state. Ignoring the state supplied as start state in the motion planning request
[move_group-2] [WARN] [1789248467.680728407] [move_group.moveit.moveit.ros.move_group.capability]: Execution of motions should always start at the robot's current state. Ignoring the state supplied as difference in the planning scene diff
[move_group-2] [INFO] [1789248467.680745079] [move_group.moveit.moveit.ros.plan_execution]: Planning attempt 1 of at most 1
[move_group-2] [INFO] [1789248467.681040792] [move_group]: Calling PlanningRequestAdapter 'ResolveConstraintFrames'
[move_group-2] [INFO] [1789248467.681106040] [move_group]: Calling PlanningRequestAdapter 'ValidateWorkspaceBounds'
[move_group-2] [WARN] [1789248467.681117720] [move_group.moveit.moveit.ros.validate_workspace_bounds]: It looks like the planning volume was not specified. Using default values.
[move_group-2] [INFO] [1789248467.681144792] [move_group]: Calling PlanningRequestAdapter 'CheckStartStateBounds'
[move_group-2] [INFO] [1789248467.681170808] [move_group]: Calling PlanningRequestAdapter 'CheckStartStateCollision'
[move_group-2] [INFO] [1789248467.681685114] [move_group.moveit.moveit.planners.ompl.model_based_planning_context]: Planner configuration 'panda_arm' will use planner 'geometric::RRTConnect'. Additional configuration parameters will be set when the planner is constructed.
[move_group-2] [INFO] [1789248467.681771419] [move_group]: Calling Planner 'OMPL'
[move_group-2] [INFO] [1789248467.696356303] [move_group]: Calling PlanningResponseAdapter 'AddTimeOptimalParameterization'
[move_group-2] [INFO] [1789248467.696905904] [move_group]: Calling PlanningResponseAdapter 'ValidateSolution'
[move_group-2] [INFO] [1789248467.697088049] [move_group]: Calling PlanningResponseAdapter 'DisplayMotionPath'
[move_group-2] [WARN] [1789248467.697137137] [move_group.moveit.moveit.ros.planning_pipeline]: The planner plugin did not fill out the 'planner_id' field of the MotionPlanResponse. Setting it to the planner ID name of the MotionPlanRequest assuming that the planner plugin does warn you if it does not use the requested planner.
[move_group-2] [INFO] [1789248467.697292722] [move_group.moveit.moveit.plugins.simple_controller_manager]: Returned 1 controllers in list
[move_group-2] [INFO] [1789248467.697323442] [move_group.moveit.moveit.plugins.simple_controller_manager]: Returned 1 controllers in list
[move_group-2] [INFO] [1789248467.697387698] [move_group.moveit.moveit.ros.trajectory_execution_manager]: Validating trajectory with allowed_start_tolerance 0.05
[move_group-2] [INFO] [1789248467.697493010] [move_group.moveit.moveit.ros.trajectory_execution_manager]: Starting trajectory execution ...
[move_group-2] [INFO] [1789248467.697547251] [move_group.moveit.moveit.plugins.simple_controller_manager]: Returned 1 controllers in list
[move_group-2] [INFO] [1789248467.697571219] [move_group.moveit.moveit.plugins.simple_controller_manager]: Returned 1 controllers in list
[move_group-2] [INFO] [1789248467.697742739] [moveit.simple_controller_manager.follow_joint_trajectory_controller_handle]: sending trajectory to panda_arm_controller
[move_group-2] [INFO] [1789248467.700019356] [moveit.simple_controller_manager.follow_joint_trajectory_controller_handle]: panda_arm_controller started execution
[move_group-2] [INFO] [1789248467.700086652] [moveit.simple_controller_manager.follow_joint_trajectory_controller_handle]: Goal request accepted!
[move_group-2] [WARN] [1789248473.201060727] [moveit.simple_controller_manager.follow_joint_trajectory_controller_handle]: Controller 'panda_arm_controller' failed with error GOAL_TOLERANCE_VIOLATED: final max joint error 0.1194 rad
[move_group-2] [WARN] [1789248473.201152536] [move_group.moveit.moveit.ros.trajectory_execution_manager]: Controller handle panda_arm_controller reports status ABORTED
[move_group-2] [INFO] [1789248473.201257048] [move_group.moveit.moveit.ros.trajectory_execution_manager]: Completed trajectory execution with status ABORTED ...
[move_group-2] [INFO] [1789248473.207752879] [move_group.moveit.moveit.ros.move_group.move_action]: CONTROL_FAILED
[move_group-2] [INFO] [1789248473.668036755] [move_group.moveit.moveit.ros.move_group.move_action]: MoveGroupMoveAction: Received request
[move_group-2] [INFO] [1789248473.668617557] [move_group.moveit.moveit.ros.move_group.move_action]: executing..
[move_group-2] [INFO] [1789248473.668886646] [move_group.moveit.moveit.ros.move_group.move_action]: Combined planning and execution request received for MoveGroup action. Forwarding to planning and execution pipeline.
[move_group-2] [WARN] [1789248473.668926230] [move_group.moveit.moveit.ros.move_group.capability]: Execution of motions should always start at the robot's current state. Ignoring the state supplied as start state in the motion planning request
[move_group-2] [WARN] [1789248473.668946326] [move_group.moveit.moveit.ros.move_group.capability]: Execution of motions should always start at the robot's current state. Ignoring the state supplied as difference in the planning scene diff
[move_group-2] [INFO] [1789248473.668963798] [move_group.moveit.moveit.ros.plan_execution]: Planning attempt 1 of at most 1
[move_group-2] [INFO] [1789248473.669431608] [move_group]: Calling PlanningRequestAdapter 'ResolveConstraintFrames'
[move_group-2] [INFO] [1789248473.669473688] [move_group]: Calling PlanningRequestAdapter 'ValidateWorkspaceBounds'
[move_group-2] [WARN] [1789248473.669483352] [move_group.moveit.moveit.ros.validate_workspace_bounds]: It looks like the planning volume was not specified. Using default values.
[move_group-2] [INFO] [1789248473.669505048] [move_group]: Calling PlanningRequestAdapter 'CheckStartStateBounds'
[move_group-2] [INFO] [1789248473.669537368] [move_group]: Calling PlanningRequestAdapter 'CheckStartStateCollision'
[move_group-2] [ERROR] [1789248473.669713145] [move_group]: PlanningRequestAdapter 'CheckStartStateCollision' failed, because '1 contact(s) detected : mw_top - panda_rightfinger, '. Aborting planning pipeline.
[move_group-2] [INFO] [1789248473.669819033] [move_group.moveit.moveit.ros.move_group.move_action]: START_STATE_IN_COLLISION
[move_group-2] [INFO] [1789248474.168458405] [move_group.moveit.moveit.ros.move_group.move_action]: MoveGroupMoveAction: Received request
[move_group-2] [INFO] [1789248474.168953095] [move_group.moveit.moveit.ros.move_group.move_action]: executing..
[move_group-2] [INFO] [1789248474.169297928] [move_group.moveit.moveit.ros.move_group.move_action]: Combined planning and execution request received for MoveGroup action. Forwarding to planning and execution pipeline.
[move_group-2] [WARN] [1789248474.169337736] [move_group.moveit.moveit.ros.move_group.capability]: Execution of motions should always start at the robot's current state. Ignoring the state supplied as start state in the motion planning request
[move_group-2] [WARN] [1789248474.169354984] [move_group.moveit.moveit.ros.move_group.capability]: Execution of motions should always start at the robot's current state. Ignoring the state supplied as difference in the planning scene diff
[move_group-2] [INFO] [1789248474.169371592] [move_group.moveit.moveit.ros.plan_execution]: Planning attempt 1 of at most 1
[move_group-2] [INFO] [1789248474.169798314] [move_group]: Calling PlanningRequestAdapter 'ResolveConstraintFrames'
[move_group-2] [INFO] [1789248474.169844362] [move_group]: Calling PlanningRequestAdapter 'ValidateWorkspaceBounds'
[move_group-2] [WARN] [1789248474.169853578] [move_group.moveit.moveit.ros.validate_workspace_bounds]: It looks like the planning volume was not specified. Using default values.
[move_group-2] [INFO] [1789248474.169876266] [move_group]: Calling PlanningRequestAdapter 'CheckStartStateBounds'
[move_group-2] [INFO] [1789248474.169908330] [move_group]: Calling PlanningRequestAdapter 'CheckStartStateCollision'
[move_group-2] [ERROR] [1789248474.170095595] [move_group]: PlanningRequestAdapter 'CheckStartStateCollision' failed, because '1 contact(s) detected : mw_top - panda_rightfinger, '. Aborting planning pipeline.
[move_group-2] [INFO] [1789248474.170189387] [move_group.moveit.moveit.ros.move_group.move_action]: START_STATE_IN_COLLISION
[move_group-2] [INFO] [1789248476.169466892] [move_group.moveit.moveit.ros.move_group.move_action]: MoveGroupMoveAction: Received request
[move_group-2] [INFO] [1789248476.169972141] [move_group.moveit.moveit.ros.move_group.move_action]: executing..
[move_group-2] [INFO] [1789248476.170270479] [move_group.moveit.moveit.ros.move_group.move_action]: Combined planning and execution request received for MoveGroup action. Forwarding to planning and execution pipeline.
[move_group-2] [WARN] [1789248476.170313775] [move_group.moveit.moveit.ros.move_group.capability]: Execution of motions should always start at the robot's current state. Ignoring the state supplied as start state in the motion planning request
[move_group-2] [WARN] [1789248476.170332591] [move_group.moveit.moveit.ros.move_group.capability]: Execution of motions should always start at the robot's current state. Ignoring the state supplied as difference in the planning scene diff
[move_group-2] [INFO] [1789248476.170350543] [move_group.moveit.moveit.ros.plan_execution]: Planning attempt 1 of at most 1
[move_group-2] [INFO] [1789248476.170634544] [move_group]: Calling PlanningRequestAdapter 'ResolveConstraintFrames'
[move_group-2] [INFO] [1789248476.170674576] [move_group]: Calling PlanningRequestAdapter 'ValidateWorkspaceBounds'
[move_group-2] [WARN] [1789248476.170684336] [move_group.moveit.moveit.ros.validate_workspace_bounds]: It looks like the planning volume was not specified. Using default values.
[move_group-2] [INFO] [1789248476.170705296] [move_group]: Calling PlanningRequestAdapter 'CheckStartStateBounds'
[move_group-2] [INFO] [1789248476.170729552] [move_group]: Calling PlanningRequestAdapter 'CheckStartStateCollision'
[move_group-2] [ERROR] [1789248476.170854033] [move_group]: PlanningRequestAdapter 'CheckStartStateCollision' failed, because '1 contact(s) detected : mw_top - panda_rightfinger, '. Aborting planning pipeline.
[move_group-2] [INFO] [1789248476.170940945] [move_group.moveit.moveit.ros.move_group.move_action]: START_STATE_IN_COLLISION
[move_group-2] [INFO] [1789248476.668549209] [move_group.moveit.moveit.ros.move_group.move_action]: MoveGroupMoveAction: Received request
[move_group-2] [INFO] [1789248476.669084027] [move_group.moveit.moveit.ros.move_group.move_action]: executing..
[move_group-2] [INFO] [1789248476.669414684] [move_group.moveit.moveit.ros.move_group.move_action]: Combined planning and execution request received for MoveGroup action. Forwarding to planning and execution pipeline.
[move_group-2] [WARN] [1789248476.669455900] [move_group.moveit.moveit.ros.move_group.capability]: Execution of motions should always start at the robot's current state. Ignoring the state supplied as start state in the motion planning request
[move_group-2] [WARN] [1789248476.669474844] [move_group.moveit.moveit.ros.move_group.capability]: Execution of motions should always start at the robot's current state. Ignoring the state supplied as difference in the planning scene diff
[move_group-2] [INFO] [1789248476.669493309] [move_group.moveit.moveit.ros.plan_execution]: Planning attempt 1 of at most 1
[move_group-2] [INFO] [1789248476.669933726] [move_group]: Calling PlanningRequestAdapter 'ResolveConstraintFrames'
[move_group-2] [INFO] [1789248476.669978782] [move_group]: Calling PlanningRequestAdapter 'ValidateWorkspaceBounds'
[move_group-2] [WARN] [1789248476.669989214] [move_group.moveit.moveit.ros.validate_workspace_bounds]: It looks like the planning volume was not specified. Using default values.
[move_group-2] [INFO] [1789248476.670013406] [move_group]: Calling PlanningRequestAdapter 'CheckStartStateBounds'
[move_group-2] [INFO] [1789248476.670044095] [move_group]: Calling PlanningRequestAdapter 'CheckStartStateCollision'
[move_group-2] [ERROR] [1789248476.670234975] [move_group]: PlanningRequestAdapter 'CheckStartStateCollision' failed, because '1 contact(s) detected : mw_top - panda_rightfinger, '. Aborting planning pipeline.
[move_group-2] [INFO] [1789248476.670332000] [move_group.moveit.moveit.ros.move_group.move_action]: START_STATE_IN_COLLISION
[move_group-2] [INFO] [1789248477.167769991] [move_group.moveit.moveit.ros.move_group.move_action]: MoveGroupMoveAction: Received request
[move_group-2] [INFO] [1789248477.168252457] [move_group.moveit.moveit.ros.move_group.move_action]: executing..
[move_group-2] [INFO] [1789248477.168604810] [move_group.moveit.moveit.ros.move_group.move_action]: Combined planning and execution request received for MoveGroup action. Forwarding to planning and execution pipeline.
[move_group-2] [WARN] [1789248477.168647498] [move_group.moveit.moveit.ros.move_group.capability]: Execution of motions should always start at the robot's current state. Ignoring the state supplied as start state in the motion planning request
[move_group-2] [WARN] [1789248477.168667338] [move_group.moveit.moveit.ros.move_group.capability]: Execution of motions should always start at the robot's current state. Ignoring the state supplied as difference in the planning scene diff
[move_group-2] [INFO] [1789248477.168685546] [move_group.moveit.moveit.ros.plan_execution]: Planning attempt 1 of at most 1
[move_group-2] [INFO] [1789248477.169130668] [move_group]: Calling PlanningRequestAdapter 'ResolveConstraintFrames'
[move_group-2] [INFO] [1789248477.169177676] [move_group]: Calling PlanningRequestAdapter 'ValidateWorkspaceBounds'
[move_group-2] [WARN] [1789248477.169188236] [move_group.moveit.moveit.ros.validate_workspace_bounds]: It looks like the planning volume was not specified. Using default values.
[move_group-2] [INFO] [1789248477.169211212] [move_group]: Calling PlanningRequestAdapter 'CheckStartStateBounds'
[move_group-2] [INFO] [1789248477.169243020] [move_group]: Calling PlanningRequestAdapter 'CheckStartStateCollision'
[move_group-2] [ERROR] [1789248477.169416141] [move_group]: PlanningRequestAdapter 'CheckStartStateCollision' failed, because '1 contact(s) detected : mw_top - panda_rightfinger, '. Aborting planning pipeline.
[move_group-2] [INFO] [1789248477.169509933] [move_group.moveit.moveit.ros.move_group.move_action]: START_STATE_IN_COLLISION
[move_group-2] [INFO] [1789248479.169369712] [move_group.moveit.moveit.ros.move_group.move_action]: MoveGroupMoveAction: Received request
[move_group-2] [INFO] [1789248479.169735921] [move_group.moveit.moveit.ros.move_group.move_action]: executing..
[move_group-2] [INFO] [1789248479.170020178] [move_group.moveit.moveit.ros.move_group.move_action]: Combined planning and execution request received for MoveGroup action. Forwarding to planning and execution pipeline.
[move_group-2] [WARN] [1789248479.170067122] [move_group.moveit.moveit.ros.move_group.capability]: Execution of motions should always start at the robot's current state. Ignoring the state supplied as start state in the motion planning request
[move_group-2] [WARN] [1789248479.170087698] [move_group.moveit.moveit.ros.move_group.capability]: Execution of motions should always start at the robot's current state. Ignoring the state supplied as difference in the planning scene diff
[move_group-2] [INFO] [1789248479.170101074] [move_group.moveit.moveit.ros.plan_execution]: Planning attempt 1 of at most 1
[move_group-2] [INFO] [1789248479.170299955] [move_group]: Calling PlanningRequestAdapter 'ResolveConstraintFrames'
[move_group-2] [INFO] [1789248479.170334419] [move_group]: Calling PlanningRequestAdapter 'ValidateWorkspaceBounds'
[move_group-2] [WARN] [1789248479.170344019] [move_group.moveit.moveit.ros.validate_workspace_bounds]: It looks like the planning volume was not specified. Using default values.
[move_group-2] [INFO] [1789248479.170364307] [move_group]: Calling PlanningRequestAdapter 'CheckStartStateBounds'
[move_group-2] [INFO] [1789248479.170388691] [move_group]: Calling PlanningRequestAdapter 'CheckStartStateCollision'
[move_group-2] [ERROR] [1789248479.170497236] [move_group]: PlanningRequestAdapter 'CheckStartStateCollision' failed, because '1 contact(s) detected : mw_top - panda_rightfinger, '. Aborting planning pipeline.
[move_group-2] [INFO] [1789248479.170579380] [move_group.moveit.moveit.ros.move_group.move_action]: START_STATE_IN_COLLISION
[move_group-2] [INFO] [1789248479.668142908] [move_group.moveit.moveit.ros.move_group.move_action]: MoveGroupMoveAction: Received request
[move_group-2] [INFO] [1789248479.668639134] [move_group.moveit.moveit.ros.move_group.move_action]: executing..
[move_group-2] [INFO] [1789248479.668934719] [move_group.moveit.moveit.ros.move_group.move_action]: Combined planning and execution request received for MoveGroup action. Forwarding to planning and execution pipeline.
[move_group-2] [WARN] [1789248479.668976991] [move_group.moveit.moveit.ros.move_group.capability]: Execution of motions should always start at the robot's current state. Ignoring the state supplied as start state in the motion planning request
[move_group-2] [WARN] [1789248479.668994271] [move_group.moveit.moveit.ros.move_group.capability]: Execution of motions should always start at the robot's current state. Ignoring the state supplied as difference in the planning scene diff
[move_group-2] [INFO] [1789248479.669013599] [move_group.moveit.moveit.ros.plan_execution]: Planning attempt 1 of at most 1
[move_group-2] [INFO] [1789248479.669467169] [move_group]: Calling PlanningRequestAdapter 'ResolveConstraintFrames'
[move_group-2] [INFO] [1789248479.669512129] [move_group]: Calling PlanningRequestAdapter 'ValidateWorkspaceBounds'
[move_group-2] [WARN] [1789248479.669522049] [move_group.moveit.moveit.ros.validate_workspace_bounds]: It looks like the planning volume was not specified. Using default values.
[move_group-2] [INFO] [1789248479.669545441] [move_group]: Calling PlanningRequestAdapter 'CheckStartStateBounds'
[move_group-2] [INFO] [1789248479.669578529] [move_group]: Calling PlanningRequestAdapter 'CheckStartStateCollision'
[move_group-2] [ERROR] [1789248479.669771906] [move_group]: PlanningRequestAdapter 'CheckStartStateCollision' failed, because '1 contact(s) detected : mw_top - panda_rightfinger, '. Aborting planning pipeline.
[move_group-2] [INFO] [1789248479.669863138] [move_group.moveit.moveit.ros.move_group.move_action]: START_STATE_IN_COLLISION
[move_group-2] [INFO] [1789248480.167595915] [move_group.moveit.moveit.ros.move_group.move_action]: MoveGroupMoveAction: Received request
[move_group-2] [INFO] [1789248480.168045901] [move_group.moveit.moveit.ros.move_group.move_action]: executing..
[move_group-2] [INFO] [1789248480.168382126] [move_group.moveit.moveit.ros.move_group.move_action]: Combined planning and execution request received for MoveGroup action. Forwarding to planning and execution pipeline.
[move_group-2] [WARN] [1789248480.168425230] [move_group.moveit.moveit.ros.move_group.capability]: Execution of motions should always start at the robot's current state. Ignoring the state supplied as start state in the motion planning request
[move_group-2] [WARN] [1789248480.168444654] [move_group.moveit.moveit.ros.move_group.capability]: Execution of motions should always start at the robot's current state. Ignoring the state supplied as difference in the planning scene diff
[move_group-2] [INFO] [1789248480.168464238] [move_group.moveit.moveit.ros.plan_execution]: Planning attempt 1 of at most 1
[move_group-2] [INFO] [1789248480.168884560] [move_group]: Calling PlanningRequestAdapter 'ResolveConstraintFrames'
[move_group-2] [INFO] [1789248480.168926800] [move_group]: Calling PlanningRequestAdapter 'ValidateWorkspaceBounds'
[move_group-2] [WARN] [1789248480.168937360] [move_group.moveit.moveit.ros.validate_workspace_bounds]: It looks like the planning volume was not specified. Using default values.
[move_group-2] [INFO] [1789248480.168960240] [move_group]: Calling PlanningRequestAdapter 'CheckStartStateBounds'
[move_group-2] [INFO] [1789248480.168990224] [move_group]: Calling PlanningRequestAdapter 'CheckStartStateCollision'
[move_group-2] [ERROR] [1789248480.169176657] [move_group]: PlanningRequestAdapter 'CheckStartStateCollision' failed, because '1 contact(s) detected : mw_top - panda_rightfinger, '. Aborting planning pipeline.
[move_group-2] [INFO] [1789248480.169283089] [move_group.moveit.moveit.ros.move_group.move_action]: START_STATE_IN_COLLISION
[move_group-2] [INFO] [1789248482.168591730] [move_group.moveit.moveit.ros.move_group.move_action]: MoveGroupMoveAction: Received request
[move_group-2] [INFO] [1789248482.168933811] [move_group.moveit.moveit.ros.move_group.move_action]: executing..
[move_group-2] [INFO] [1789248482.169167060] [move_group.moveit.moveit.ros.move_group.move_action]: Combined planning and execution request received for MoveGroup action. Forwarding to planning and execution pipeline.
[move_group-2] [WARN] [1789248482.169207156] [move_group.moveit.moveit.ros.move_group.capability]: Execution of motions should always start at the robot's current state. Ignoring the state supplied as start state in the motion planning request
[move_group-2] [WARN] [1789248482.169223668] [move_group.moveit.moveit.ros.move_group.capability]: Execution of motions should always start at the robot's current state. Ignoring the state supplied as difference in the planning scene diff
[move_group-2] [INFO] [1789248482.169237172] [move_group.moveit.moveit.ros.plan_execution]: Planning attempt 1 of at most 1
[move_group-2] [INFO] [1789248482.169415157] [move_group]: Calling PlanningRequestAdapter 'ResolveConstraintFrames'
[move_group-2] [INFO] [1789248482.169447733] [move_group]: Calling PlanningRequestAdapter 'ValidateWorkspaceBounds'
[move_group-2] [WARN] [1789248482.169456853] [move_group.moveit.moveit.ros.validate_workspace_bounds]: It looks like the planning volume was not specified. Using default values.
[move_group-2] [INFO] [1789248482.169476245] [move_group]: Calling PlanningRequestAdapter 'CheckStartStateBounds'
[move_group-2] [INFO] [1789248482.169498325] [move_group]: Calling PlanningRequestAdapter 'CheckStartStateCollision'
[move_group-2] [ERROR] [1789248482.169586741] [move_group]: PlanningRequestAdapter 'CheckStartStateCollision' failed, because '1 contact(s) detected : mw_top - panda_rightfinger, '. Aborting planning pipeline.
[move_group-2] [INFO] [1789248482.169656661] [move_group.moveit.moveit.ros.move_group.move_action]: START_STATE_IN_COLLISION
[move_group-2] [INFO] [1789248482.667712319] [move_group.moveit.moveit.ros.move_group.move_action]: MoveGroupMoveAction: Received request
[move_group-2] [INFO] [1789248482.668163521] [move_group.moveit.moveit.ros.move_group.move_action]: executing..
[move_group-2] [INFO] [1789248482.668446850] [move_group.moveit.moveit.ros.move_group.move_action]: Combined planning and execution request received for MoveGroup action. Forwarding to planning and execution pipeline.
[move_group-2] [WARN] [1789248482.668478594] [move_group.moveit.moveit.ros.move_group.capability]: Execution of motions should always start at the robot's current state. Ignoring the state supplied as start state in the motion planning request
[move_group-2] [WARN] [1789248482.668492034] [move_group.moveit.moveit.ros.move_group.capability]: Execution of motions should always start at the robot's current state. Ignoring the state supplied as difference in the planning scene diff
[move_group-2] [INFO] [1789248482.668507714] [move_group.moveit.moveit.ros.plan_execution]: Planning attempt 1 of at most 1
[move_group-2] [INFO] [1789248482.668804867] [move_group]: Calling PlanningRequestAdapter 'ResolveConstraintFrames'
[move_group-2] [INFO] [1789248482.668843203] [move_group]: Calling PlanningRequestAdapter 'ValidateWorkspaceBounds'
[move_group-2] [WARN] [1789248482.668852387] [move_group.moveit.moveit.ros.validate_workspace_bounds]: It looks like the planning volume was not specified. Using default values.
[move_group-2] [INFO] [1789248482.668874435] [move_group]: Calling PlanningRequestAdapter 'CheckStartStateBounds'
[move_group-2] [INFO] [1789248482.668898371] [move_group]: Calling PlanningRequestAdapter 'CheckStartStateCollision'
[move_group-2] [ERROR] [1789248482.669004228] [move_group]: PlanningRequestAdapter 'CheckStartStateCollision' failed, because '1 contact(s) detected : mw_top - panda_rightfinger, '. Aborting planning pipeline.
[move_group-2] [INFO] [1789248482.669092324] [move_group.moveit.moveit.ros.move_group.move_action]: START_STATE_IN_COLLISION
[move_group-2] [INFO] [1789248483.167473935] [move_group.moveit.moveit.ros.move_group.move_action]: MoveGroupMoveAction: Received request
[move_group-2] [INFO] [1789248483.167859985] [move_group.moveit.moveit.ros.move_group.move_action]: executing..
[move_group-2] [INFO] [1789248483.168147634] [move_group.moveit.moveit.ros.move_group.move_action]: Combined planning and execution request received for MoveGroup action. Forwarding to planning and execution pipeline.
[move_group-2] [WARN] [1789248483.168187570] [move_group.moveit.moveit.ros.move_group.capability]: Execution of motions should always start at the robot's current state. Ignoring the state supplied as start state in the motion planning request
[move_group-2] [WARN] [1789248483.168203218] [move_group.moveit.moveit.ros.move_group.capability]: Execution of motions should always start at the robot's current state. Ignoring the state supplied as difference in the planning scene diff
[move_group-2] [INFO] [1789248483.168216754] [move_group.moveit.moveit.ros.plan_execution]: Planning attempt 1 of at most 1
[move_group-2] [INFO] [1789248483.168571219] [move_group]: Calling PlanningRequestAdapter 'ResolveConstraintFrames'
[move_group-2] [INFO] [1789248483.168612339] [move_group]: Calling PlanningRequestAdapter 'ValidateWorkspaceBounds'
[move_group-2] [WARN] [1789248483.168625139] [move_group.moveit.moveit.ros.validate_workspace_bounds]: It looks like the planning volume was not specified. Using default values.
[move_group-2] [INFO] [1789248483.168649011] [move_group]: Calling PlanningRequestAdapter 'CheckStartStateBounds'
[move_group-2] [INFO] [1789248483.168675283] [move_group]: Calling PlanningRequestAdapter 'CheckStartStateCollision'
[move_group-2] [ERROR] [1789248483.168781396] [move_group]: PlanningRequestAdapter 'CheckStartStateCollision' failed, because '1 contact(s) detected : mw_top - panda_rightfinger, '. Aborting planning pipeline.
[move_group-2] [INFO] [1789248483.168872020] [move_group.moveit.moveit.ros.move_group.move_action]: START_STATE_IN_COLLISION
[move_group-2] [INFO] [1789248485.168975191] [move_group.moveit.moveit.ros.move_group.move_action]: MoveGroupMoveAction: Received request
[move_group-2] [INFO] [1789248485.169314137] [move_group.moveit.moveit.ros.move_group.move_action]: executing..
[move_group-2] [INFO] [1789248485.169543609] [move_group.moveit.moveit.ros.move_group.move_action]: Combined planning and execution request received for MoveGroup action. Forwarding to planning and execution pipeline.
[move_group-2] [WARN] [1789248485.169574074] [move_group.moveit.moveit.ros.move_group.capability]: Execution of motions should always start at the robot's current state. Ignoring the state supplied as start state in the motion planning request
[move_group-2] [WARN] [1789248485.169588858] [move_group.moveit.moveit.ros.move_group.capability]: Execution of motions should always start at the robot's current state. Ignoring the state supplied as difference in the planning scene diff
[move_group-2] [INFO] [1789248485.169602074] [move_group.moveit.moveit.ros.plan_execution]: Planning attempt 1 of at most 1
[move_group-2] [INFO] [1789248485.169781722] [move_group]: Calling PlanningRequestAdapter 'ResolveConstraintFrames'
[move_group-2] [INFO] [1789248485.169810906] [move_group]: Calling PlanningRequestAdapter 'ValidateWorkspaceBounds'
[move_group-2] [WARN] [1789248485.169818426] [move_group.moveit.moveit.ros.validate_workspace_bounds]: It looks like the planning volume was not specified. Using default values.
[move_group-2] [INFO] [1789248485.169836890] [move_group]: Calling PlanningRequestAdapter 'CheckStartStateBounds'
[move_group-2] [INFO] [1789248485.169857403] [move_group]: Calling PlanningRequestAdapter 'CheckStartStateCollision'
[move_group-2] [ERROR] [1789248485.169941883] [move_group]: PlanningRequestAdapter 'CheckStartStateCollision' failed, because '1 contact(s) detected : mw_top - panda_rightfinger, '. Aborting planning pipeline.
[move_group-2] [INFO] [1789248485.170025499] [move_group.moveit.moveit.ros.move_group.move_action]: START_STATE_IN_COLLISION
[move_group-2] [INFO] [1789248485.667624899] [move_group.moveit.moveit.ros.move_group.move_action]: MoveGroupMoveAction: Received request
[move_group-2] [INFO] [1789248485.668026565] [move_group.moveit.moveit.ros.move_group.move_action]: executing..
[move_group-2] [INFO] [1789248485.668304198] [move_group.moveit.moveit.ros.move_group.move_action]: Combined planning and execution request received for MoveGroup action. Forwarding to planning and execution pipeline.
[move_group-2] [WARN] [1789248485.668337286] [move_group.moveit.moveit.ros.move_group.capability]: Execution of motions should always start at the robot's current state. Ignoring the state supplied as start state in the motion planning request
[move_group-2] [WARN] [1789248485.668354662] [move_group.moveit.moveit.ros.move_group.capability]: Execution of motions should always start at the robot's current state. Ignoring the state supplied as difference in the planning scene diff
[move_group-2] [INFO] [1789248485.668370278] [move_group.moveit.moveit.ros.plan_execution]: Planning attempt 1 of at most 1
[move_group-2] [INFO] [1789248485.668654791] [move_group]: Calling PlanningRequestAdapter 'ResolveConstraintFrames'
[move_group-2] [INFO] [1789248485.668691207] [move_group]: Calling PlanningRequestAdapter 'ValidateWorkspaceBounds'
[move_group-2] [WARN] [1789248485.668700839] [move_group.moveit.moveit.ros.validate_workspace_bounds]: It looks like the planning volume was not specified. Using default values.
[move_group-2] [INFO] [1789248485.668720743] [move_group]: Calling PlanningRequestAdapter 'CheckStartStateBounds'
[move_group-2] [INFO] [1789248485.668746119] [move_group]: Calling PlanningRequestAdapter 'CheckStartStateCollision'
[move_group-2] [ERROR] [1789248485.668848616] [move_group]: PlanningRequestAdapter 'CheckStartStateCollision' failed, because '1 contact(s) detected : mw_top - panda_rightfinger, '. Aborting planning pipeline.
[move_group-2] [INFO] [1789248485.668931528] [move_group.moveit.moveit.ros.move_group.move_action]: START_STATE_IN_COLLISION
[move_group-2] [INFO] [1789248486.167645684] [move_group.moveit.moveit.ros.move_group.move_action]: MoveGroupMoveAction: Received request
[move_group-2] [INFO] [1789248486.168048150] [move_group.moveit.moveit.ros.move_group.move_action]: executing..
[move_group-2] [INFO] [1789248486.168304919] [move_group.moveit.moveit.ros.move_group.move_action]: Combined planning and execution request received for MoveGroup action. Forwarding to planning and execution pipeline.
[move_group-2] [WARN] [1789248486.168335863] [move_group.moveit.moveit.ros.move_group.capability]: Execution of motions should always start at the robot's current state. Ignoring the state supplied as start state in the motion planning request
[move_group-2] [WARN] [1789248486.168353239] [move_group.moveit.moveit.ros.move_group.capability]: Execution of motions should always start at the robot's current state. Ignoring the state supplied as difference in the planning scene diff
[move_group-2] [INFO] [1789248486.168367351] [move_group.moveit.moveit.ros.plan_execution]: Planning attempt 1 of at most 1
[move_group-2] [INFO] [1789248486.168622072] [move_group]: Calling PlanningRequestAdapter 'ResolveConstraintFrames'
[move_group-2] [INFO] [1789248486.168658040] [move_group]: Calling PlanningRequestAdapter 'ValidateWorkspaceBounds'
[move_group-2] [WARN] [1789248486.168667768] [move_group.moveit.moveit.ros.validate_workspace_bounds]: It looks like the planning volume was not specified. Using default values.
[move_group-2] [INFO] [1789248486.168688760] [move_group]: Calling PlanningRequestAdapter 'CheckStartStateBounds'
[move_group-2] [INFO] [1789248486.168710584] [move_group]: Calling PlanningRequestAdapter 'CheckStartStateCollision'
[move_group-2] [ERROR] [1789248486.168811672] [move_group]: PlanningRequestAdapter 'CheckStartStateCollision' failed, because '1 contact(s) detected : mw_top - panda_rightfinger, '. Aborting planning pipeline.
[move_group-2] [INFO] [1789248486.168902489] [move_group.moveit.moveit.ros.move_group.move_action]: START_STATE_IN_COLLISION
[move_group-2] [INFO] [1789248488.169203933] [move_group.moveit.moveit.ros.move_group.move_action]: MoveGroupMoveAction: Received request
[move_group-2] [INFO] [1789248488.169667166] [move_group.moveit.moveit.ros.move_group.move_action]: executing..
[move_group-2] [INFO] [1789248488.169973247] [move_group.moveit.moveit.ros.move_group.move_action]: Combined planning and execution request received for MoveGroup action. Forwarding to planning and execution pipeline.
[move_group-2] [WARN] [1789248488.170011680] [move_group.moveit.moveit.ros.move_group.capability]: Execution of motions should always start at the robot's current state. Ignoring the state supplied as start state in the motion planning request
[move_group-2] [WARN] [1789248488.170030336] [move_group.moveit.moveit.ros.move_group.capability]: Execution of motions should always start at the robot's current state. Ignoring the state supplied as difference in the planning scene diff
[move_group-2] [INFO] [1789248488.170045888] [move_group.moveit.moveit.ros.plan_execution]: Planning attempt 1 of at most 1
[move_group-2] [INFO] [1789248488.170340545] [move_group]: Calling PlanningRequestAdapter 'ResolveConstraintFrames'
[move_group-2] [INFO] [1789248488.170377697] [move_group]: Calling PlanningRequestAdapter 'ValidateWorkspaceBounds'
[move_group-2] [WARN] [1789248488.170386401] [move_group.moveit.moveit.ros.validate_workspace_bounds]: It looks like the planning volume was not specified. Using default values.
[move_group-2] [INFO] [1789248488.170406689] [move_group]: Calling PlanningRequestAdapter 'CheckStartStateBounds'
[move_group-2] [INFO] [1789248488.170431137] [move_group]: Calling PlanningRequestAdapter 'CheckStartStateCollision'
[move_group-2] [ERROR] [1789248488.170541153] [move_group]: PlanningRequestAdapter 'CheckStartStateCollision' failed, because '1 contact(s) detected : mw_top - panda_rightfinger, '. Aborting planning pipeline.
[move_group-2] [INFO] [1789248488.170623586] [move_group.moveit.moveit.ros.move_group.move_action]: START_STATE_IN_COLLISION
[move_group-2] [INFO] [1789248488.668337482] [move_group.moveit.moveit.ros.move_group.move_action]: MoveGroupMoveAction: Received request
[move_group-2] [INFO] [1789248488.668790572] [move_group.moveit.moveit.ros.move_group.move_action]: executing..
[move_group-2] [INFO] [1789248488.669103117] [move_group.moveit.moveit.ros.move_group.move_action]: Combined planning and execution request received for MoveGroup action. Forwarding to planning and execution pipeline.
[move_group-2] [WARN] [1789248488.669142925] [move_group.moveit.moveit.ros.move_group.capability]: Execution of motions should always start at the robot's current state. Ignoring the state supplied as start state in the motion planning request
[move_group-2] [WARN] [1789248488.669159629] [move_group.moveit.moveit.ros.move_group.capability]: Execution of motions should always start at the robot's current state. Ignoring the state supplied as difference in the planning scene diff
[move_group-2] [INFO] [1789248488.669172653] [move_group.moveit.moveit.ros.plan_execution]: Planning attempt 1 of at most 1
[move_group-2] [INFO] [1789248488.669443374] [move_group]: Calling PlanningRequestAdapter 'ResolveConstraintFrames'
[move_group-2] [INFO] [1789248488.669480430] [move_group]: Calling PlanningRequestAdapter 'ValidateWorkspaceBounds'
[move_group-2] [WARN] [1789248488.669490223] [move_group.moveit.moveit.ros.validate_workspace_bounds]: It looks like the planning volume was not specified. Using default values.
[move_group-2] [INFO] [1789248488.669510575] [move_group]: Calling PlanningRequestAdapter 'CheckStartStateBounds'
[move_group-2] [INFO] [1789248488.669533775] [move_group]: Calling PlanningRequestAdapter 'CheckStartStateCollision'
[move_group-2] [ERROR] [1789248488.669638287] [move_group]: PlanningRequestAdapter 'CheckStartStateCollision' failed, because '1 contact(s) detected : mw_top - panda_rightfinger, '. Aborting planning pipeline.
[move_group-2] [INFO] [1789248488.669738063] [move_group.moveit.moveit.ros.move_group.move_action]: START_STATE_IN_COLLISION
[move_group-2] [INFO] [1789248489.168002810] [move_group.moveit.moveit.ros.move_group.move_action]: MoveGroupMoveAction: Received request
[move_group-2] [INFO] [1789248489.168462684] [move_group.moveit.moveit.ros.move_group.move_action]: executing..
[move_group-2] [INFO] [1789248489.168809565] [move_group.moveit.moveit.ros.move_group.move_action]: Combined planning and execution request received for MoveGroup action. Forwarding to planning and execution pipeline.
[move_group-2] [WARN] [1789248489.168850461] [move_group.moveit.moveit.ros.move_group.capability]: Execution of motions should always start at the robot's current state. Ignoring the state supplied as start state in the motion planning request
[move_group-2] [WARN] [1789248489.168869213] [move_group.moveit.moveit.ros.move_group.capability]: Execution of motions should always start at the robot's current state. Ignoring the state supplied as difference in the planning scene diff
[move_group-2] [INFO] [1789248489.168888893] [move_group.moveit.moveit.ros.plan_execution]: Planning attempt 1 of at most 1
[move_group-2] [INFO] [1789248489.169355359] [move_group]: Calling PlanningRequestAdapter 'ResolveConstraintFrames'
[move_group-2] [INFO] [1789248489.169400383] [move_group]: Calling PlanningRequestAdapter 'ValidateWorkspaceBounds'
[move_group-2] [WARN] [1789248489.169410815] [move_group.moveit.moveit.ros.validate_workspace_bounds]: It looks like the planning volume was not specified. Using default values.
[move_group-2] [INFO] [1789248489.169433663] [move_group]: Calling PlanningRequestAdapter 'CheckStartStateBounds'
[move_group-2] [INFO] [1789248489.169467327] [move_group]: Calling PlanningRequestAdapter 'CheckStartStateCollision'
[move_group-2] [ERROR] [1789248489.169640512] [move_group]: PlanningRequestAdapter 'CheckStartStateCollision' failed, because '1 contact(s) detected : mw_top - panda_rightfinger, '. Aborting planning pipeline.
[move_group-2] [INFO] [1789248489.169736128] [move_group.moveit.moveit.ros.move_group.move_action]: START_STATE_IN_COLLISION
[move_group-2] [INFO] [1789248628.799910863] [move_group.moveit.moveit.ros.move_group.move_action]: MoveGroupMoveAction: Received request
[move_group-2] [INFO] [1789248628.800361041] [move_group.moveit.moveit.ros.move_group.move_action]: executing..
[move_group-2] [INFO] [1789248628.800659346] [move_group.moveit.moveit.ros.move_group.move_action]: Combined planning and execution request received for MoveGroup action. Forwarding to planning and execution pipeline.
[move_group-2] [WARN] [1789248628.800694322] [move_group.moveit.moveit.ros.move_group.capability]: Execution of motions should always start at the robot's current state. Ignoring the state supplied as start state in the motion planning request
[move_group-2] [WARN] [1789248628.800712818] [move_group.moveit.moveit.ros.move_group.capability]: Execution of motions should always start at the robot's current state. Ignoring the state supplied as difference in the planning scene diff
[move_group-2] [INFO] [1789248628.800729202] [move_group.moveit.moveit.ros.plan_execution]: Planning attempt 1 of at most 1
[move_group-2] [INFO] [1789248628.801011667] [move_group]: Calling PlanningRequestAdapter 'ResolveConstraintFrames'
[move_group-2] [INFO] [1789248628.801068148] [move_group]: Calling PlanningRequestAdapter 'ValidateWorkspaceBounds'
[move_group-2] [WARN] [1789248628.801079860] [move_group.moveit.moveit.ros.validate_workspace_bounds]: It looks like the planning volume was not specified. Using default values.
[move_group-2] [INFO] [1789248628.801102900] [move_group]: Calling PlanningRequestAdapter 'CheckStartStateBounds'
[move_group-2] [INFO] [1789248628.801128628] [move_group]: Calling PlanningRequestAdapter 'CheckStartStateCollision'
[move_group-2] [INFO] [1789248628.801613653] [move_group.moveit.moveit.planners.ompl.model_based_planning_context]: Planner configuration 'panda_arm' will use planner 'geometric::RRTConnect'. Additional configuration parameters will be set when the planner is constructed.
[move_group-2] [INFO] [1789248628.801699062] [move_group]: Calling Planner 'OMPL'
[move_group-2] [INFO] [1789248628.814800868] [move_group]: Calling PlanningResponseAdapter 'AddTimeOptimalParameterization'
[move_group-2] [INFO] [1789248628.815410919] [move_group]: Calling PlanningResponseAdapter 'ValidateSolution'
[move_group-2] [INFO] [1789248628.815564327] [move_group]: Calling PlanningResponseAdapter 'DisplayMotionPath'
[move_group-2] [WARN] [1789248628.815612871] [move_group.moveit.moveit.ros.planning_pipeline]: The planner plugin did not fill out the 'planner_id' field of the MotionPlanResponse. Setting it to the planner ID name of the MotionPlanRequest assuming that the planner plugin does warn you if it does not use the requested planner.
[move_group-2] [INFO] [1789248628.815840552] [move_group.moveit.moveit.plugins.simple_controller_manager]: Returned 1 controllers in list
[move_group-2] [INFO] [1789248628.815873992] [move_group.moveit.moveit.plugins.simple_controller_manager]: Returned 1 controllers in list
[move_group-2] [INFO] [1789248628.815945384] [move_group.moveit.moveit.ros.trajectory_execution_manager]: Validating trajectory with allowed_start_tolerance 0.05
[move_group-2] [INFO] [1789248628.816068105] [move_group.moveit.moveit.ros.trajectory_execution_manager]: Starting trajectory execution ...
[move_group-2] [INFO] [1789248628.816125545] [move_group.moveit.moveit.plugins.simple_controller_manager]: Returned 1 controllers in list
[move_group-2] [INFO] [1789248628.816145801] [move_group.moveit.moveit.plugins.simple_controller_manager]: Returned 1 controllers in list
[move_group-2] [INFO] [1789248628.816311722] [moveit.simple_controller_manager.follow_joint_trajectory_controller_handle]: sending trajectory to panda_arm_controller
[move_group-2] [INFO] [1789248628.819329236] [moveit.simple_controller_manager.follow_joint_trajectory_controller_handle]: panda_arm_controller started execution
[move_group-2] [INFO] [1789248628.819381749] [moveit.simple_controller_manager.follow_joint_trajectory_controller_handle]: Goal request accepted!
[move_group-2] [WARN] [1789248634.359323579] [moveit.simple_controller_manager.follow_joint_trajectory_controller_handle]: Controller 'panda_arm_controller' failed with error GOAL_TOLERANCE_VIOLATED: final max joint error 0.1186 rad
[move_group-2] [WARN] [1789248634.359416507] [move_group.moveit.moveit.ros.trajectory_execution_manager]: Controller handle panda_arm_controller reports status ABORTED
[move_group-2] [INFO] [1789248634.359517371] [move_group.moveit.moveit.ros.trajectory_execution_manager]: Completed trajectory execution with status ABORTED ...
[move_group-2] [INFO] [1789248634.366346708] [move_group.moveit.moveit.ros.move_group.move_action]: CONTROL_FAILED
[move_group-2] [INFO] [1789248634.667985924] [move_group.moveit.moveit.ros.move_group.move_action]: MoveGroupMoveAction: Received request
[move_group-2] [INFO] [1789248634.668476549] [move_group.moveit.moveit.ros.move_group.move_action]: executing..
[move_group-2] [INFO] [1789248634.668719590] [move_group.moveit.moveit.ros.move_group.move_action]: Combined planning and execution request received for MoveGroup action. Forwarding to planning and execution pipeline.
[move_group-2] [WARN] [1789248634.668758182] [move_group.moveit.moveit.ros.move_group.capability]: Execution of motions should always start at the robot's current state. Ignoring the state supplied as start state in the motion planning request
[move_group-2] [WARN] [1789248634.668775654] [move_group.moveit.moveit.ros.move_group.capability]: Execution of motions should always start at the robot's current state. Ignoring the state supplied as difference in the planning scene diff
[move_group-2] [INFO] [1789248634.668791654] [move_group.moveit.moveit.ros.plan_execution]: Planning attempt 1 of at most 1
[move_group-2] [INFO] [1789248634.669231592] [move_group]: Calling PlanningRequestAdapter 'ResolveConstraintFrames'
[move_group-2] [INFO] [1789248634.669274920] [move_group]: Calling PlanningRequestAdapter 'ValidateWorkspaceBounds'
[move_group-2] [WARN] [1789248634.669284264] [move_group.moveit.moveit.ros.validate_workspace_bounds]: It looks like the planning volume was not specified. Using default values.
[move_group-2] [INFO] [1789248634.669307112] [move_group]: Calling PlanningRequestAdapter 'CheckStartStateBounds'
[move_group-2] [INFO] [1789248634.669337352] [move_group]: Calling PlanningRequestAdapter 'CheckStartStateCollision'
[move_group-2] [INFO] [1789248634.669843338] [move_group.moveit.moveit.planners.ompl.model_based_planning_context]: Planner configuration 'panda_arm' will use planner 'geometric::RRTConnect'. Additional configuration parameters will be set when the planner is constructed.
[move_group-2] [INFO] [1789248634.669923499] [move_group]: Calling Planner 'OMPL'
[move_group-2] [INFO] [1789248634.682774264] [move_group]: Calling PlanningResponseAdapter 'AddTimeOptimalParameterization'
[move_group-2] [INFO] [1789248634.683047449] [move_group]: Calling PlanningResponseAdapter 'ValidateSolution'
[move_group-2] [INFO] [1789248634.683157721] [move_group]: Calling PlanningResponseAdapter 'DisplayMotionPath'
[move_group-2] [WARN] [1789248634.683201978] [move_group.moveit.moveit.ros.planning_pipeline]: The planner plugin did not fill out the 'planner_id' field of the MotionPlanResponse. Setting it to the planner ID name of the MotionPlanRequest assuming that the planner plugin does warn you if it does not use the requested planner.
[move_group-2] [INFO] [1789248634.683373434] [move_group.moveit.moveit.plugins.simple_controller_manager]: Returned 1 controllers in list
[move_group-2] [INFO] [1789248634.683407290] [move_group.moveit.moveit.plugins.simple_controller_manager]: Returned 1 controllers in list
[move_group-2] [INFO] [1789248634.683474491] [move_group.moveit.moveit.ros.trajectory_execution_manager]: Validating trajectory with allowed_start_tolerance 0.05
[move_group-2] [INFO] [1789248634.683571707] [move_group.moveit.moveit.ros.trajectory_execution_manager]: Starting trajectory execution ...
[move_group-2] [INFO] [1789248634.683618075] [move_group.moveit.moveit.plugins.simple_controller_manager]: Returned 1 controllers in list
[move_group-2] [INFO] [1789248634.683635483] [move_group.moveit.moveit.plugins.simple_controller_manager]: Returned 1 controllers in list
[move_group-2] [INFO] [1789248634.683821788] [moveit.simple_controller_manager.follow_joint_trajectory_controller_handle]: sending trajectory to panda_arm_controller
[move_group-2] [INFO] [1789248634.685974468] [moveit.simple_controller_manager.follow_joint_trajectory_controller_handle]: panda_arm_controller started execution
[move_group-2] [INFO] [1789248634.686019108] [moveit.simple_controller_manager.follow_joint_trajectory_controller_handle]: Goal request accepted!
[move_group-2] [INFO] [1789248638.712266407] [moveit.simple_controller_manager.follow_joint_trajectory_controller_handle]: Controller 'panda_arm_controller' successfully finished
[move_group-2] [INFO] [1789248638.712425672] [move_group.moveit.moveit.ros.trajectory_execution_manager]: Completed trajectory execution with status SUCCEEDED ...
[move_group-2] [INFO] [1789248638.713785196] [move_group.moveit.moveit.ros.move_group.move_action]: Solution was found and executed.
[move_group-2] [WARN] [1789248791.820964783] [move_group.rclcpp]: failed to send response to /compute_ik (timeout): client will not receive response, at ./src/rmw_response.cpp:153, at ./src/rcl/service.c:400
[move_group-2] [WARN] [1789248792.921799062] [move_group.rclcpp]: failed to send response to /compute_ik (timeout): client will not receive response, at ./src/rmw_response.cpp:153, at ./src/rcl/service.c:400
[move_group-2] [WARN] [1789248794.023428001] [move_group.rclcpp]: failed to send response to /compute_ik (timeout): client will not receive response, at ./src/rmw_response.cpp:153, at ./src/rcl/service.c:400
[move_group-2] [WARN] [1789248795.124607370] [move_group.rclcpp]: failed to send response to /compute_ik (timeout): client will not receive response, at ./src/rmw_response.cpp:153, at ./src/rcl/service.c:400
[move_group-2] [WARN] [1789248796.225266513] [move_group.rclcpp]: failed to send response to /compute_ik (timeout): client will not receive response, at ./src/rmw_response.cpp:153, at ./src/rcl/service.c:400
[move_group-2] [WARN] [1789248797.326282330] [move_group.rclcpp]: failed to send response to /compute_ik (timeout): client will not receive response, at ./src/rmw_response.cpp:153, at ./src/rcl/service.c:400
[move_group-2] [WARN] [1789248798.427512003] [move_group.rclcpp]: failed to send response to /compute_ik (timeout): client will not receive response, at ./src/rmw_response.cpp:153, at ./src/rcl/service.c:400
[move_group-2] [WARN] [1789248799.528496107] [move_group.rclcpp]: failed to send response to /compute_ik (timeout): client will not receive response, at ./src/rmw_response.cpp:153, at ./src/rcl/service.c:400
[move_group-2] [WARN] [1789248800.629084882] [move_group.rclcpp]: failed to send response to /compute_ik (timeout): client will not receive response, at ./src/rmw_response.cpp:153, at ./src/rcl/service.c:400
[move_group-2] [WARN] [1789248908.863597236] [move_group.rclcpp]: failed to send response to /compute_ik (timeout): client will not receive response, at ./src/rmw_response.cpp:153, at ./src/rcl/service.c:400
[move_group-2] [WARN] [1789248909.965024606] [move_group.rclcpp]: failed to send response to /compute_ik (timeout): client will not receive response, at ./src/rmw_response.cpp:153, at ./src/rcl/service.c:400
[move_group-2] [WARN] [1789248911.065778758] [move_group.rclcpp]: failed to send response to /compute_ik (timeout): client will not receive response, at ./src/rmw_response.cpp:153, at ./src/rcl/service.c:400
[move_group-2] [WARN] [1789248912.167391760] [move_group.rclcpp]: failed to send response to /compute_ik (timeout): client will not receive response, at ./src/rmw_response.cpp:153, at ./src/rcl/service.c:400
[move_group-2] [WARN] [1789248913.268107319] [move_group.rclcpp]: failed to send response to /compute_ik (timeout): client will not receive response, at ./src/rmw_response.cpp:153, at ./src/rcl/service.c:400
[move_group-2] [WARN] [1789248914.368870975] [move_group.rclcpp]: failed to send response to /compute_ik (timeout): client will not receive response, at ./src/rmw_response.cpp:153, at ./src/rcl/service.c:400
[move_group-2] [WARN] [1789248915.469529734] [move_group.rclcpp]: failed to send response to /compute_ik (timeout): client will not receive response, at ./src/rmw_response.cpp:153, at ./src/rcl/service.c:400
[move_group-2] [WARN] [1789248916.571112273] [move_group.rclcpp]: failed to send response to /compute_ik (timeout): client will not receive response, at ./src/rmw_response.cpp:153, at ./src/rcl/service.c:400
[move_group-2] [WARN] [1789248917.671937720] [move_group.rclcpp]: failed to send response to /compute_ik (timeout): client will not receive response, at ./src/rmw_response.cpp:153, at ./src/rcl/service.c:400
[move_group-2] [INFO] [1789249250.679519096] [move_group.moveit.moveit.ros.move_group.move_action]: MoveGroupMoveAction: Received request
[move_group-2] [INFO] [1789249250.679996794] [move_group.moveit.moveit.ros.move_group.move_action]: executing..
[move_group-2] [INFO] [1789249250.680262875] [move_group.moveit.moveit.ros.move_group.move_action]: Combined planning and execution request received for MoveGroup action. Forwarding to planning and execution pipeline.
[move_group-2] [WARN] [1789249250.680302459] [move_group.moveit.moveit.ros.move_group.capability]: Execution of motions should always start at the robot's current state. Ignoring the state supplied as start state in the motion planning request
[move_group-2] [WARN] [1789249250.680356187] [move_group.moveit.moveit.ros.move_group.capability]: Execution of motions should always start at the robot's current state. Ignoring the state supplied as difference in the planning scene diff
[move_group-2] [INFO] [1789249250.680374236] [move_group.moveit.moveit.ros.plan_execution]: Planning attempt 1 of at most 1
[move_group-2] [INFO] [1789249250.680684285] [move_group]: Calling PlanningRequestAdapter 'ResolveConstraintFrames'
[move_group-2] [INFO] [1789249250.680724573] [move_group]: Calling PlanningRequestAdapter 'ValidateWorkspaceBounds'
[move_group-2] [WARN] [1789249250.680732861] [move_group.moveit.moveit.ros.validate_workspace_bounds]: It looks like the planning volume was not specified. Using default values.
[move_group-2] [INFO] [1789249250.680755261] [move_group]: Calling PlanningRequestAdapter 'CheckStartStateBounds'
[move_group-2] [INFO] [1789249250.680784381] [move_group]: Calling PlanningRequestAdapter 'CheckStartStateCollision'
[move_group-2] [INFO] [1789249250.681321631] [move_group.moveit.moveit.planners.ompl.model_based_planning_context]: Planner configuration 'panda_arm' will use planner 'geometric::RRTConnect'. Additional configuration parameters will be set when the planner is constructed.
[move_group-2] [INFO] [1789249250.681409343] [move_group]: Calling Planner 'OMPL'
[move_group-2] [INFO] [1789249250.694746830] [move_group]: Calling PlanningResponseAdapter 'AddTimeOptimalParameterization'
[move_group-2] [INFO] [1789249250.695336528] [move_group]: Calling PlanningResponseAdapter 'ValidateSolution'
[move_group-2] [INFO] [1789249250.695509265] [move_group]: Calling PlanningResponseAdapter 'DisplayMotionPath'
[move_group-2] [WARN] [1789249250.695557969] [move_group.moveit.moveit.ros.planning_pipeline]: The planner plugin did not fill out the 'planner_id' field of the MotionPlanResponse. Setting it to the planner ID name of the MotionPlanRequest assuming that the planner plugin does warn you if it does not use the requested planner.
[move_group-2] [INFO] [1789249250.695740146] [move_group.moveit.moveit.plugins.simple_controller_manager]: Returned 1 controllers in list
[move_group-2] [INFO] [1789249250.695772658] [move_group.moveit.moveit.plugins.simple_controller_manager]: Returned 1 controllers in list
[move_group-2] [INFO] [1789249250.695838930] [move_group.moveit.moveit.ros.trajectory_execution_manager]: Validating trajectory with allowed_start_tolerance 0.05
[move_group-2] [INFO] [1789249250.695947379] [move_group.moveit.moveit.ros.trajectory_execution_manager]: Starting trajectory execution ...
[move_group-2] [INFO] [1789249250.696012339] [move_group.moveit.moveit.plugins.simple_controller_manager]: Returned 1 controllers in list
[move_group-2] [INFO] [1789249250.696035315] [move_group.moveit.moveit.plugins.simple_controller_manager]: Returned 1 controllers in list
[move_group-2] [INFO] [1789249250.696211635] [moveit.simple_controller_manager.follow_joint_trajectory_controller_handle]: sending trajectory to panda_arm_controller
[move_group-2] [INFO] [1789249250.698186298] [moveit.simple_controller_manager.follow_joint_trajectory_controller_handle]: panda_arm_controller started execution
[move_group-2] [INFO] [1789249250.698236251] [moveit.simple_controller_manager.follow_joint_trajectory_controller_handle]: Goal request accepted!
[move_group-2] [WARN] [1789249256.388499726] [moveit.simple_controller_manager.follow_joint_trajectory_controller_handle]: Controller 'panda_arm_controller' failed with error GOAL_TOLERANCE_VIOLATED: final max joint error 0.2087 rad
[move_group-2] [WARN] [1789249256.388593583] [move_group.moveit.moveit.ros.trajectory_execution_manager]: Controller handle panda_arm_controller reports status ABORTED
[move_group-2] [INFO] [1789249256.388701103] [move_group.moveit.moveit.ros.trajectory_execution_manager]: Completed trajectory execution with status ABORTED ...
[move_group-2] [INFO] [1789249256.396226570] [move_group.moveit.moveit.ros.move_group.move_action]: CONTROL_FAILED
[move_group-2] [INFO] [1789249256.667944330] [move_group.moveit.moveit.ros.move_group.move_action]: MoveGroupMoveAction: Received request
[move_group-2] [INFO] [1789249256.668450124] [move_group.moveit.moveit.ros.move_group.move_action]: executing..
[move_group-2] [INFO] [1789249256.668704301] [move_group.moveit.moveit.ros.move_group.move_action]: Combined planning and execution request received for MoveGroup action. Forwarding to planning and execution pipeline.
[move_group-2] [WARN] [1789249256.668741389] [move_group.moveit.moveit.ros.move_group.capability]: Execution of motions should always start at the robot's current state. Ignoring the state supplied as start state in the motion planning request
[move_group-2] [WARN] [1789249256.668758733] [move_group.moveit.moveit.ros.move_group.capability]: Execution of motions should always start at the robot's current state. Ignoring the state supplied as difference in the planning scene diff
[move_group-2] [INFO] [1789249256.668775533] [move_group.moveit.moveit.ros.plan_execution]: Planning attempt 1 of at most 1
[move_group-2] [INFO] [1789249256.669213071] [move_group]: Calling PlanningRequestAdapter 'ResolveConstraintFrames'
[move_group-2] [INFO] [1789249256.669257423] [move_group]: Calling PlanningRequestAdapter 'ValidateWorkspaceBounds'
[move_group-2] [WARN] [1789249256.669267887] [move_group.moveit.moveit.ros.validate_workspace_bounds]: It looks like the planning volume was not specified. Using default values.
[move_group-2] [INFO] [1789249256.669290831] [move_group]: Calling PlanningRequestAdapter 'CheckStartStateBounds'
[move_group-2] [INFO] [1789249256.669320751] [move_group]: Calling PlanningRequestAdapter 'CheckStartStateCollision'
[move_group-2] [ERROR] [1789249256.669502576] [move_group]: PlanningRequestAdapter 'CheckStartStateCollision' failed, because '5 contact(s) detected : mw_panel - panda_leftfinger, mw_right - panda_leftfinger, mw_right - panda_rightfinger, mw_top - panda_leftfinger, mw_top - panda_rightfinger, '. Aborting planning pipeline.
[move_group-2] [INFO] [1789249256.669604592] [move_group.moveit.moveit.ros.move_group.move_action]: START_STATE_IN_COLLISION
[move_group-2] [INFO] [1789249257.168179891] [move_group.moveit.moveit.ros.move_group.move_action]: MoveGroupMoveAction: Received request
[move_group-2] [INFO] [1789249257.168556948] [move_group.moveit.moveit.ros.move_group.move_action]: executing..
[move_group-2] [INFO] [1789249257.168844117] [move_group.moveit.moveit.ros.move_group.move_action]: Combined planning and execution request received for MoveGroup action. Forwarding to planning and execution pipeline.
[move_group-2] [WARN] [1789249257.168877109] [move_group.moveit.moveit.ros.move_group.capability]: Execution of motions should always start at the robot's current state. Ignoring the state supplied as start state in the motion planning request
[move_group-2] [WARN] [1789249257.168893429] [move_group.moveit.moveit.ros.move_group.capability]: Execution of motions should always start at the robot's current state. Ignoring the state supplied as difference in the planning scene diff
[move_group-2] [INFO] [1789249257.168906581] [move_group.moveit.moveit.ros.plan_execution]: Planning attempt 1 of at most 1
[move_group-2] [INFO] [1789249257.169244247] [move_group]: Calling PlanningRequestAdapter 'ResolveConstraintFrames'
[move_group-2] [INFO] [1789249257.169283735] [move_group]: Calling PlanningRequestAdapter 'ValidateWorkspaceBounds'
[move_group-2] [WARN] [1789249257.169292567] [move_group.moveit.moveit.ros.validate_workspace_bounds]: It looks like the planning volume was not specified. Using default values.
[move_group-2] [INFO] [1789249257.169313431] [move_group]: Calling PlanningRequestAdapter 'CheckStartStateBounds'
[move_group-2] [INFO] [1789249257.169337751] [move_group]: Calling PlanningRequestAdapter 'CheckStartStateCollision'
[move_group-2] [ERROR] [1789249257.169452087] [move_group]: PlanningRequestAdapter 'CheckStartStateCollision' failed, because '5 contact(s) detected : mw_panel - panda_leftfinger, mw_right - panda_leftfinger, mw_right - panda_rightfinger, mw_top - panda_leftfinger, mw_top - panda_rightfinger, '. Aborting planning pipeline.
[move_group-2] [INFO] [1789249257.169551096] [move_group.moveit.moveit.ros.move_group.move_action]: START_STATE_IN_COLLISION
[move_group-2] [INFO] [1789249259.169723767] [move_group.moveit.moveit.ros.move_group.move_action]: MoveGroupMoveAction: Received request
[move_group-2] [INFO] [1789249259.170254712] [move_group.moveit.moveit.ros.move_group.move_action]: executing..
[move_group-2] [INFO] [1789249259.170563225] [move_group.moveit.moveit.ros.move_group.move_action]: Combined planning and execution request received for MoveGroup action. Forwarding to planning and execution pipeline.
[move_group-2] [WARN] [1789249259.170604410] [move_group.moveit.moveit.ros.move_group.capability]: Execution of motions should always start at the robot's current state. Ignoring the state supplied as start state in the motion planning request
[move_group-2] [WARN] [1789249259.170638138] [move_group.moveit.moveit.ros.move_group.capability]: Execution of motions should always start at the robot's current state. Ignoring the state supplied as difference in the planning scene diff
[move_group-2] [INFO] [1789249259.170654586] [move_group.moveit.moveit.ros.plan_execution]: Planning attempt 1 of at most 1
[move_group-2] [INFO] [1789249259.170960923] [move_group]: Calling PlanningRequestAdapter 'ResolveConstraintFrames'
[move_group-2] [INFO] [1789249259.171004219] [move_group]: Calling PlanningRequestAdapter 'ValidateWorkspaceBounds'
[move_group-2] [WARN] [1789249259.171014043] [move_group.moveit.moveit.ros.validate_workspace_bounds]: It looks like the planning volume was not specified. Using default values.
[move_group-2] [INFO] [1789249259.171036891] [move_group]: Calling PlanningRequestAdapter 'CheckStartStateBounds'
[move_group-2] [INFO] [1789249259.171081627] [move_group]: Calling PlanningRequestAdapter 'CheckStartStateCollision'
[move_group-2] [ERROR] [1789249259.171267644] [move_group]: PlanningRequestAdapter 'CheckStartStateCollision' failed, because '5 contact(s) detected : mw_panel - panda_leftfinger, mw_right - panda_leftfinger, mw_right - panda_rightfinger, mw_top - panda_leftfinger, mw_top - panda_rightfinger, '. Aborting planning pipeline.
[move_group-2] [INFO] [1789249259.171358588] [move_group.moveit.moveit.ros.move_group.move_action]: START_STATE_IN_COLLISION
[move_group-2] [INFO] [1789249259.668170425] [move_group.moveit.moveit.ros.move_group.move_action]: MoveGroupMoveAction: Received request
[move_group-2] [INFO] [1789249259.668605562] [move_group.moveit.moveit.ros.move_group.move_action]: executing..
[move_group-2] [INFO] [1789249259.668912283] [move_group.moveit.moveit.ros.move_group.move_action]: Combined planning and execution request received for MoveGroup action. Forwarding to planning and execution pipeline.
[move_group-2] [WARN] [1789249259.668952475] [move_group.moveit.moveit.ros.move_group.capability]: Execution of motions should always start at the robot's current state. Ignoring the state supplied as start state in the motion planning request
[move_group-2] [WARN] [1789249259.668970043] [move_group.moveit.moveit.ros.move_group.capability]: Execution of motions should always start at the robot's current state. Ignoring the state supplied as difference in the planning scene diff
[move_group-2] [INFO] [1789249259.668986364] [move_group.moveit.moveit.ros.plan_execution]: Planning attempt 1 of at most 1
[move_group-2] [INFO] [1789249259.669411005] [move_group]: Calling PlanningRequestAdapter 'ResolveConstraintFrames'
[move_group-2] [INFO] [1789249259.669456669] [move_group]: Calling PlanningRequestAdapter 'ValidateWorkspaceBounds'
[move_group-2] [WARN] [1789249259.669466909] [move_group.moveit.moveit.ros.validate_workspace_bounds]: It looks like the planning volume was not specified. Using default values.
[move_group-2] [INFO] [1789249259.669490141] [move_group]: Calling PlanningRequestAdapter 'CheckStartStateBounds'
[move_group-2] [INFO] [1789249259.669519197] [move_group]: Calling PlanningRequestAdapter 'CheckStartStateCollision'
[move_group-2] [ERROR] [1789249259.669692286] [move_group]: PlanningRequestAdapter 'CheckStartStateCollision' failed, because '5 contact(s) detected : mw_panel - panda_leftfinger, mw_right - panda_leftfinger, mw_right - panda_rightfinger, mw_top - panda_leftfinger, mw_top - panda_rightfinger, '. Aborting planning pipeline.
[move_group-2] [INFO] [1789249259.669810014] [move_group.moveit.moveit.ros.move_group.move_action]: START_STATE_IN_COLLISION
[move_group-2] [INFO] [1789249260.168585890] [move_group.moveit.moveit.ros.move_group.move_action]: MoveGroupMoveAction: Received request
[move_group-2] [INFO] [1789249260.169039651] [move_group.moveit.moveit.ros.move_group.move_action]: executing..
[move_group-2] [INFO] [1789249260.169358116] [move_group.moveit.moveit.ros.move_group.move_action]: Combined planning and execution request received for MoveGroup action. Forwarding to planning and execution pipeline.
[move_group-2] [WARN] [1789249260.169396389] [move_group.moveit.moveit.ros.move_group.capability]: Execution of motions should always start at the robot's current state. Ignoring the state supplied as start state in the motion planning request
[move_group-2] [WARN] [1789249260.169415557] [move_group.moveit.moveit.ros.move_group.capability]: Execution of motions should always start at the robot's current state. Ignoring the state supplied as difference in the planning scene diff
[move_group-2] [INFO] [1789249260.169430405] [move_group.moveit.moveit.ros.plan_execution]: Planning attempt 1 of at most 1
[move_group-2] [INFO] [1789249260.169849702] [move_group]: Calling PlanningRequestAdapter 'ResolveConstraintFrames'
[move_group-2] [INFO] [1789249260.169890982] [move_group]: Calling PlanningRequestAdapter 'ValidateWorkspaceBounds'
[move_group-2] [WARN] [1789249260.169901798] [move_group.moveit.moveit.ros.validate_workspace_bounds]: It looks like the planning volume was not specified. Using default values.
[move_group-2] [INFO] [1789249260.169924390] [move_group]: Calling PlanningRequestAdapter 'CheckStartStateBounds'
[move_group-2] [INFO] [1789249260.169952839] [move_group]: Calling PlanningRequestAdapter 'CheckStartStateCollision'
[move_group-2] [ERROR] [1789249260.170150567] [move_group]: PlanningRequestAdapter 'CheckStartStateCollision' failed, because '5 contact(s) detected : mw_panel - panda_leftfinger, mw_right - panda_leftfinger, mw_right - panda_rightfinger, mw_top - panda_leftfinger, mw_top - panda_rightfinger, '. Aborting planning pipeline.
[move_group-2] [INFO] [1789249260.170252904] [move_group.moveit.moveit.ros.move_group.move_action]: START_STATE_IN_COLLISION
[move_group-2] [INFO] [1789249262.169493827] [move_group.moveit.moveit.ros.move_group.move_action]: MoveGroupMoveAction: Received request
[move_group-2] [INFO] [1789249262.169807428] [move_group.moveit.moveit.ros.move_group.move_action]: executing..
[move_group-2] [INFO] [1789249262.170044101] [move_group.moveit.moveit.ros.move_group.move_action]: Combined planning and execution request received for MoveGroup action. Forwarding to planning and execution pipeline.
[move_group-2] [WARN] [1789249262.170093925] [move_group.moveit.moveit.ros.move_group.capability]: Execution of motions should always start at the robot's current state. Ignoring the state supplied as start state in the motion planning request
[move_group-2] [WARN] [1789249262.170108453] [move_group.moveit.moveit.ros.move_group.capability]: Execution of motions should always start at the robot's current state. Ignoring the state supplied as difference in the planning scene diff
[move_group-2] [INFO] [1789249262.170120069] [move_group.moveit.moveit.ros.plan_execution]: Planning attempt 1 of at most 1
[move_group-2] [INFO] [1789249262.170314054] [move_group]: Calling PlanningRequestAdapter 'ResolveConstraintFrames'
[move_group-2] [INFO] [1789249262.170347686] [move_group]: Calling PlanningRequestAdapter 'ValidateWorkspaceBounds'
[move_group-2] [WARN] [1789249262.170355686] [move_group.moveit.moveit.ros.validate_workspace_bounds]: It looks like the planning volume was not specified. Using default values.
[move_group-2] [INFO] [1789249262.170377830] [move_group]: Calling PlanningRequestAdapter 'CheckStartStateBounds'
[move_group-2] [INFO] [1789249262.170400550] [move_group]: Calling PlanningRequestAdapter 'CheckStartStateCollision'
[move_group-2] [ERROR] [1789249262.170494823] [move_group]: PlanningRequestAdapter 'CheckStartStateCollision' failed, because '5 contact(s) detected : mw_panel - panda_leftfinger, mw_right - panda_leftfinger, mw_right - panda_rightfinger, mw_top - panda_leftfinger, mw_top - panda_rightfinger, '. Aborting planning pipeline.
[move_group-2] [INFO] [1789249262.170577287] [move_group.moveit.moveit.ros.move_group.move_action]: START_STATE_IN_COLLISION
[move_group-2] [INFO] [1789249262.668011173] [move_group.moveit.moveit.ros.move_group.move_action]: MoveGroupMoveAction: Received request
[move_group-2] [INFO] [1789249262.668420071] [move_group.moveit.moveit.ros.move_group.move_action]: executing..
[move_group-2] [INFO] [1789249262.668796680] [move_group.moveit.moveit.ros.move_group.move_action]: Combined planning and execution request received for MoveGroup action. Forwarding to planning and execution pipeline.
[move_group-2] [WARN] [1789249262.668838312] [move_group.moveit.moveit.ros.move_group.capability]: Execution of motions should always start at the robot's current state. Ignoring the state supplied as start state in the motion planning request
[move_group-2] [WARN] [1789249262.668853224] [move_group.moveit.moveit.ros.move_group.capability]: Execution of motions should always start at the robot's current state. Ignoring the state supplied as difference in the planning scene diff
[move_group-2] [INFO] [1789249262.668865289] [move_group.moveit.moveit.ros.plan_execution]: Planning attempt 1 of at most 1
[move_group-2] [INFO] [1789249262.669187338] [move_group]: Calling PlanningRequestAdapter 'ResolveConstraintFrames'
[move_group-2] [INFO] [1789249262.669226186] [move_group]: Calling PlanningRequestAdapter 'ValidateWorkspaceBounds'
[move_group-2] [WARN] [1789249262.669237194] [move_group.moveit.moveit.ros.validate_workspace_bounds]: It looks like the planning volume was not specified. Using default values.
[move_group-2] [INFO] [1789249262.669258442] [move_group]: Calling PlanningRequestAdapter 'CheckStartStateBounds'
[move_group-2] [INFO] [1789249262.669281226] [move_group]: Calling PlanningRequestAdapter 'CheckStartStateCollision'
[move_group-2] [ERROR] [1789249262.669392650] [move_group]: PlanningRequestAdapter 'CheckStartStateCollision' failed, because '5 contact(s) detected : mw_panel - panda_leftfinger, mw_right - panda_leftfinger, mw_right - panda_rightfinger, mw_top - panda_leftfinger, mw_top - panda_rightfinger, '. Aborting planning pipeline.
[move_group-2] [INFO] [1789249262.669484427] [move_group.moveit.moveit.ros.move_group.move_action]: START_STATE_IN_COLLISION
[move_group-2] [INFO] [1789249263.168674959] [move_group.moveit.moveit.ros.move_group.move_action]: MoveGroupMoveAction: Received request
[move_group-2] [INFO] [1789249263.169221905] [move_group.moveit.moveit.ros.move_group.move_action]: executing..
[move_group-2] [INFO] [1789249263.169554099] [move_group.moveit.moveit.ros.move_group.move_action]: Combined planning and execution request received for MoveGroup action. Forwarding to planning and execution pipeline.
[move_group-2] [WARN] [1789249263.169593779] [move_group.moveit.moveit.ros.move_group.capability]: Execution of motions should always start at the robot's current state. Ignoring the state supplied as start state in the motion planning request
[move_group-2] [WARN] [1789249263.169612019] [move_group.moveit.moveit.ros.move_group.capability]: Execution of motions should always start at the robot's current state. Ignoring the state supplied as difference in the planning scene diff
[move_group-2] [INFO] [1789249263.169627827] [move_group.moveit.moveit.ros.plan_execution]: Planning attempt 1 of at most 1
[move_group-2] [INFO] [1789249263.170100212] [move_group]: Calling PlanningRequestAdapter 'ResolveConstraintFrames'
[move_group-2] [INFO] [1789249263.170141717] [move_group]: Calling PlanningRequestAdapter 'ValidateWorkspaceBounds'
[move_group-2] [WARN] [1789249263.170152213] [move_group.moveit.moveit.ros.validate_workspace_bounds]: It looks like the planning volume was not specified. Using default values.
[move_group-2] [INFO] [1789249263.170173973] [move_group]: Calling PlanningRequestAdapter 'CheckStartStateBounds'
[move_group-2] [INFO] [1789249263.170202645] [move_group]: Calling PlanningRequestAdapter 'CheckStartStateCollision'
[move_group-2] [ERROR] [1789249263.170385269] [move_group]: PlanningRequestAdapter 'CheckStartStateCollision' failed, because '5 contact(s) detected : mw_panel - panda_leftfinger, mw_right - panda_leftfinger, mw_right - panda_rightfinger, mw_top - panda_leftfinger, mw_top - panda_rightfinger, '. Aborting planning pipeline.
[move_group-2] [INFO] [1789249263.170493718] [move_group.moveit.moveit.ros.move_group.move_action]: START_STATE_IN_COLLISION
[move_group-2] [INFO] [1789249265.169699697] [move_group.moveit.moveit.ros.move_group.move_action]: MoveGroupMoveAction: Received request
[move_group-2] [INFO] [1789249265.170183187] [move_group.moveit.moveit.ros.move_group.move_action]: executing..
[move_group-2] [INFO] [1789249265.170477844] [move_group.moveit.moveit.ros.move_group.move_action]: Combined planning and execution request received for MoveGroup action. Forwarding to planning and execution pipeline.
[move_group-2] [WARN] [1789249265.170516724] [move_group.moveit.moveit.ros.move_group.capability]: Execution of motions should always start at the robot's current state. Ignoring the state supplied as start state in the motion planning request
[move_group-2] [WARN] [1789249265.170533780] [move_group.moveit.moveit.ros.move_group.capability]: Execution of motions should always start at the robot's current state. Ignoring the state supplied as difference in the planning scene diff
[move_group-2] [INFO] [1789249265.170552916] [move_group.moveit.moveit.ros.plan_execution]: Planning attempt 1 of at most 1
[move_group-2] [INFO] [1789249265.170860917] [move_group]: Calling PlanningRequestAdapter 'ResolveConstraintFrames'
[move_group-2] [INFO] [1789249265.170899670] [move_group]: Calling PlanningRequestAdapter 'ValidateWorkspaceBounds'
[move_group-2] [WARN] [1789249265.170909334] [move_group.moveit.moveit.ros.validate_workspace_bounds]: It looks like the planning volume was not specified. Using default values.
[move_group-2] [INFO] [1789249265.170931542] [move_group]: Calling PlanningRequestAdapter 'CheckStartStateBounds'
[move_group-2] [INFO] [1789249265.170959478] [move_group]: Calling PlanningRequestAdapter 'CheckStartStateCollision'
[move_group-2] [ERROR] [1789249265.171136150] [move_group]: PlanningRequestAdapter 'CheckStartStateCollision' failed, because '5 contact(s) detected : mw_panel - panda_leftfinger, mw_right - panda_leftfinger, mw_right - panda_rightfinger, mw_top - panda_leftfinger, mw_top - panda_rightfinger, '. Aborting planning pipeline.
[move_group-2] [INFO] [1789249265.171227639] [move_group.moveit.moveit.ros.move_group.move_action]: START_STATE_IN_COLLISION
[move_group-2] [INFO] [1789249265.669314456] [move_group.moveit.moveit.ros.move_group.move_action]: MoveGroupMoveAction: Received request
[move_group-2] [INFO] [1789249265.669748313] [move_group.moveit.moveit.ros.move_group.move_action]: executing..
[move_group-2] [INFO] [1789249265.670047706] [move_group.moveit.moveit.ros.move_group.move_action]: Combined planning and execution request received for MoveGroup action. Forwarding to planning and execution pipeline.
[move_group-2] [WARN] [1789249265.670104378] [move_group.moveit.moveit.ros.move_group.capability]: Execution of motions should always start at the robot's current state. Ignoring the state supplied as start state in the motion planning request
[move_group-2] [WARN] [1789249265.670120154] [move_group.moveit.moveit.ros.move_group.capability]: Execution of motions should always start at the robot's current state. Ignoring the state supplied as difference in the planning scene diff
[move_group-2] [INFO] [1789249265.670133146] [move_group.moveit.moveit.ros.plan_execution]: Planning attempt 1 of at most 1
[move_group-2] [INFO] [1789249265.670403227] [move_group]: Calling PlanningRequestAdapter 'ResolveConstraintFrames'
[move_group-2] [INFO] [1789249265.670447612] [move_group]: Calling PlanningRequestAdapter 'ValidateWorkspaceBounds'
[move_group-2] [WARN] [1789249265.670457948] [move_group.moveit.moveit.ros.validate_workspace_bounds]: It looks like the planning volume was not specified. Using default values.
[move_group-2] [INFO] [1789249265.670484284] [move_group]: Calling PlanningRequestAdapter 'CheckStartStateBounds'
[move_group-2] [INFO] [1789249265.670509948] [move_group]: Calling PlanningRequestAdapter 'CheckStartStateCollision'
[move_group-2] [ERROR] [1789249265.670628316] [move_group]: PlanningRequestAdapter 'CheckStartStateCollision' failed, because '5 contact(s) detected : mw_panel - panda_leftfinger, mw_right - panda_leftfinger, mw_right - panda_rightfinger, mw_top - panda_leftfinger, mw_top - panda_rightfinger, '. Aborting planning pipeline.
[move_group-2] [INFO] [1789249265.670726493] [move_group.moveit.moveit.ros.move_group.move_action]: START_STATE_IN_COLLISION
[move_group-2] [INFO] [1789249266.168086619] [move_group.moveit.moveit.ros.move_group.move_action]: MoveGroupMoveAction: Received request
[move_group-2] [INFO] [1789249266.168463004] [move_group.moveit.moveit.ros.move_group.move_action]: executing..
[move_group-2] [INFO] [1789249266.168723229] [move_group.moveit.moveit.ros.move_group.move_action]: Combined planning and execution request received for MoveGroup action. Forwarding to planning and execution pipeline.
[move_group-2] [WARN] [1789249266.168752413] [move_group.moveit.moveit.ros.move_group.capability]: Execution of motions should always start at the robot's current state. Ignoring the state supplied as start state in the motion planning request
[move_group-2] [WARN] [1789249266.168767197] [move_group.moveit.moveit.ros.move_group.capability]: Execution of motions should always start at the robot's current state. Ignoring the state supplied as difference in the planning scene diff
[move_group-2] [INFO] [1789249266.168780861] [move_group.moveit.moveit.ros.plan_execution]: Planning attempt 1 of at most 1
[move_group-2] [INFO] [1789249266.169106590] [move_group]: Calling PlanningRequestAdapter 'ResolveConstraintFrames'
[move_group-2] [INFO] [1789249266.169148446] [move_group]: Calling PlanningRequestAdapter 'ValidateWorkspaceBounds'
[move_group-2] [WARN] [1789249266.169158367] [move_group.moveit.moveit.ros.validate_workspace_bounds]: It looks like the planning volume was not specified. Using default values.
[move_group-2] [INFO] [1789249266.169183455] [move_group]: Calling PlanningRequestAdapter 'CheckStartStateBounds'
[move_group-2] [INFO] [1789249266.169209151] [move_group]: Calling PlanningRequestAdapter 'CheckStartStateCollision'
[move_group-2] [ERROR] [1789249266.169319615] [move_group]: PlanningRequestAdapter 'CheckStartStateCollision' failed, because '5 contact(s) detected : mw_panel - panda_leftfinger, mw_right - panda_leftfinger, mw_right - panda_rightfinger, mw_top - panda_leftfinger, mw_top - panda_rightfinger, '. Aborting planning pipeline.
[move_group-2] [INFO] [1789249266.169419807] [move_group.moveit.moveit.ros.move_group.move_action]: START_STATE_IN_COLLISION
[move_group-2] [INFO] [1789249268.170090368] [move_group.moveit.moveit.ros.move_group.move_action]: MoveGroupMoveAction: Received request
[move_group-2] [INFO] [1789249268.170469985] [move_group.moveit.moveit.ros.move_group.move_action]: executing..
[move_group-2] [INFO] [1789249268.170750498] [move_group.moveit.moveit.ros.move_group.move_action]: Combined planning and execution request received for MoveGroup action. Forwarding to planning and execution pipeline.
[move_group-2] [WARN] [1789249268.170781315] [move_group.moveit.moveit.ros.move_group.capability]: Execution of motions should always start at the robot's current state. Ignoring the state supplied as start state in the motion planning request
[move_group-2] [WARN] [1789249268.170798051] [move_group.moveit.moveit.ros.move_group.capability]: Execution of motions should always start at the robot's current state. Ignoring the state supplied as difference in the planning scene diff
[move_group-2] [INFO] [1789249268.170809859] [move_group.moveit.moveit.ros.plan_execution]: Planning attempt 1 of at most 1
[move_group-2] [INFO] [1789249268.171012355] [move_group]: Calling PlanningRequestAdapter 'ResolveConstraintFrames'
[move_group-2] [INFO] [1789249268.171045732] [move_group]: Calling PlanningRequestAdapter 'ValidateWorkspaceBounds'
[move_group-2] [WARN] [1789249268.171067876] [move_group.moveit.moveit.ros.validate_workspace_bounds]: It looks like the planning volume was not specified. Using default values.
[move_group-2] [INFO] [1789249268.171089892] [move_group]: Calling PlanningRequestAdapter 'CheckStartStateBounds'
[move_group-2] [INFO] [1789249268.171112548] [move_group]: Calling PlanningRequestAdapter 'CheckStartStateCollision'
[move_group-2] [ERROR] [1789249268.171232292] [move_group]: PlanningRequestAdapter 'CheckStartStateCollision' failed, because '5 contact(s) detected : mw_panel - panda_leftfinger, mw_right - panda_leftfinger, mw_right - panda_rightfinger, mw_top - panda_leftfinger, mw_top - panda_rightfinger, '. Aborting planning pipeline.
[move_group-2] [INFO] [1789249268.171335397] [move_group.moveit.moveit.ros.move_group.move_action]: START_STATE_IN_COLLISION
[move_group-2] [INFO] [1789249268.668033632] [move_group.moveit.moveit.ros.move_group.move_action]: MoveGroupMoveAction: Received request
[move_group-2] [INFO] [1789249268.668422818] [move_group.moveit.moveit.ros.move_group.move_action]: executing..
[move_group-2] [INFO] [1789249268.668703363] [move_group.moveit.moveit.ros.move_group.move_action]: Combined planning and execution request received for MoveGroup action. Forwarding to planning and execution pipeline.
[move_group-2] [WARN] [1789249268.668733635] [move_group.moveit.moveit.ros.move_group.capability]: Execution of motions should always start at the robot's current state. Ignoring the state supplied as start state in the motion planning request
[move_group-2] [WARN] [1789249268.668748067] [move_group.moveit.moveit.ros.move_group.capability]: Execution of motions should always start at the robot's current state. Ignoring the state supplied as difference in the planning scene diff
[move_group-2] [INFO] [1789249268.668760643] [move_group.moveit.moveit.ros.plan_execution]: Planning attempt 1 of at most 1
[move_group-2] [INFO] [1789249268.669071012] [move_group]: Calling PlanningRequestAdapter 'ResolveConstraintFrames'
[move_group-2] [INFO] [1789249268.669110020] [move_group]: Calling PlanningRequestAdapter 'ValidateWorkspaceBounds'
[move_group-2] [WARN] [1789249268.669120132] [move_group.moveit.moveit.ros.validate_workspace_bounds]: It looks like the planning volume was not specified. Using default values.
[move_group-2] [INFO] [1789249268.669143108] [move_group]: Calling PlanningRequestAdapter 'CheckStartStateBounds'
[move_group-2] [INFO] [1789249268.669167172] [move_group]: Calling PlanningRequestAdapter 'CheckStartStateCollision'
[move_group-2] [ERROR] [1789249268.669282021] [move_group]: PlanningRequestAdapter 'CheckStartStateCollision' failed, because '5 contact(s) detected : mw_panel - panda_leftfinger, mw_right - panda_leftfinger, mw_right - panda_rightfinger, mw_top - panda_leftfinger, mw_top - panda_rightfinger, '. Aborting planning pipeline.
[move_group-2] [INFO] [1789249268.669376197] [move_group.moveit.moveit.ros.move_group.move_action]: START_STATE_IN_COLLISION
[move_group-2] [INFO] [1789249269.168285513] [move_group.moveit.moveit.ros.move_group.move_action]: MoveGroupMoveAction: Received request
[move_group-2] [INFO] [1789249269.168746091] [move_group.moveit.moveit.ros.move_group.move_action]: executing..
[move_group-2] [INFO] [1789249269.169076652] [move_group.moveit.moveit.ros.move_group.move_action]: Combined planning and execution request received for MoveGroup action. Forwarding to planning and execution pipeline.
[move_group-2] [WARN] [1789249269.169116172] [move_group.moveit.moveit.ros.move_group.capability]: Execution of motions should always start at the robot's current state. Ignoring the state supplied as start state in the motion planning request
[move_group-2] [WARN] [1789249269.169135788] [move_group.moveit.moveit.ros.move_group.capability]: Execution of motions should always start at the robot's current state. Ignoring the state supplied as difference in the planning scene diff
[move_group-2] [INFO] [1789249269.169155468] [move_group.moveit.moveit.ros.plan_execution]: Planning attempt 1 of at most 1
[move_group-2] [INFO] [1789249269.169564397] [move_group]: Calling PlanningRequestAdapter 'ResolveConstraintFrames'
[move_group-2] [INFO] [1789249269.169609358] [move_group]: Calling PlanningRequestAdapter 'ValidateWorkspaceBounds'
[move_group-2] [WARN] [1789249269.169620366] [move_group.moveit.moveit.ros.validate_workspace_bounds]: It looks like the planning volume was not specified. Using default values.
[move_group-2] [INFO] [1789249269.169645742] [move_group]: Calling PlanningRequestAdapter 'CheckStartStateBounds'
[move_group-2] [INFO] [1789249269.169673582] [move_group]: Calling PlanningRequestAdapter 'CheckStartStateCollision'
[move_group-2] [ERROR] [1789249269.169884975] [move_group]: PlanningRequestAdapter 'CheckStartStateCollision' failed, because '5 contact(s) detected : mw_panel - panda_leftfinger, mw_right - panda_leftfinger, mw_right - panda_rightfinger, mw_top - panda_leftfinger, mw_top - panda_rightfinger, '. Aborting planning pipeline.
[move_group-2] [INFO] [1789249269.169981839] [move_group.moveit.moveit.ros.move_group.move_action]: START_STATE_IN_COLLISION
[move_group-2] [INFO] [1789249271.169826061] [move_group.moveit.moveit.ros.move_group.move_action]: MoveGroupMoveAction: Received request
[move_group-2] [INFO] [1789249271.170302446] [move_group.moveit.moveit.ros.move_group.move_action]: executing..
[move_group-2] [INFO] [1789249271.170583247] [move_group.moveit.moveit.ros.move_group.move_action]: Combined planning and execution request received for MoveGroup action. Forwarding to planning and execution pipeline.
[move_group-2] [WARN] [1789249271.170621071] [move_group.moveit.moveit.ros.move_group.capability]: Execution of motions should always start at the robot's current state. Ignoring the state supplied as start state in the motion planning request
[move_group-2] [WARN] [1789249271.170639151] [move_group.moveit.moveit.ros.move_group.capability]: Execution of motions should always start at the robot's current state. Ignoring the state supplied as difference in the planning scene diff
[move_group-2] [INFO] [1789249271.170655760] [move_group.moveit.moveit.ros.plan_execution]: Planning attempt 1 of at most 1
[move_group-2] [INFO] [1789249271.170941137] [move_group]: Calling PlanningRequestAdapter 'ResolveConstraintFrames'
[move_group-2] [INFO] [1789249271.170979537] [move_group]: Calling PlanningRequestAdapter 'ValidateWorkspaceBounds'
[move_group-2] [WARN] [1789249271.170989745] [move_group.moveit.moveit.ros.validate_workspace_bounds]: It looks like the planning volume was not specified. Using default values.
[move_group-2] [INFO] [1789249271.171011025] [move_group]: Calling PlanningRequestAdapter 'CheckStartStateBounds'
[move_group-2] [INFO] [1789249271.171033937] [move_group]: Calling PlanningRequestAdapter 'CheckStartStateCollision'
[move_group-2] [ERROR] [1789249271.171195793] [move_group]: PlanningRequestAdapter 'CheckStartStateCollision' failed, because '5 contact(s) detected : mw_panel - panda_leftfinger, mw_right - panda_leftfinger, mw_right - panda_rightfinger, mw_top - panda_leftfinger, mw_top - panda_rightfinger, '. Aborting planning pipeline.
[move_group-2] [INFO] [1789249271.171286930] [move_group.moveit.moveit.ros.move_group.move_action]: START_STATE_IN_COLLISION
[move_group-2] [INFO] [1789249271.668169902] [move_group.moveit.moveit.ros.move_group.move_action]: MoveGroupMoveAction: Received request
[move_group-2] [INFO] [1789249271.668558928] [move_group.moveit.moveit.ros.move_group.move_action]: executing..
[move_group-2] [INFO] [1789249271.668866993] [move_group.moveit.moveit.ros.move_group.move_action]: Combined planning and execution request received for MoveGroup action. Forwarding to planning and execution pipeline.
[move_group-2] [WARN] [1789249271.668904977] [move_group.moveit.moveit.ros.move_group.capability]: Execution of motions should always start at the robot's current state. Ignoring the state supplied as start state in the motion planning request
[move_group-2] [WARN] [1789249271.668921617] [move_group.moveit.moveit.ros.move_group.capability]: Execution of motions should always start at the robot's current state. Ignoring the state supplied as difference in the planning scene diff
[move_group-2] [INFO] [1789249271.668935473] [move_group.moveit.moveit.ros.plan_execution]: Planning attempt 1 of at most 1
[move_group-2] [INFO] [1789249271.669259058] [move_group]: Calling PlanningRequestAdapter 'ResolveConstraintFrames'
[move_group-2] [INFO] [1789249271.669303090] [move_group]: Calling PlanningRequestAdapter 'ValidateWorkspaceBounds'
[move_group-2] [WARN] [1789249271.669313362] [move_group.moveit.moveit.ros.validate_workspace_bounds]: It looks like the planning volume was not specified. Using default values.
[move_group-2] [INFO] [1789249271.669337074] [move_group]: Calling PlanningRequestAdapter 'CheckStartStateBounds'
[move_group-2] [INFO] [1789249271.669361939] [move_group]: Calling PlanningRequestAdapter 'CheckStartStateCollision'
[move_group-2] [ERROR] [1789249271.669484307] [move_group]: PlanningRequestAdapter 'CheckStartStateCollision' failed, because '5 contact(s) detected : mw_panel - panda_leftfinger, mw_right - panda_leftfinger, mw_right - panda_rightfinger, mw_top - panda_leftfinger, mw_top - panda_rightfinger, '. Aborting planning pipeline.
[move_group-2] [INFO] [1789249271.669576467] [move_group.moveit.moveit.ros.move_group.move_action]: START_STATE_IN_COLLISION
[move_group-2] [INFO] [1789249272.168304822] [move_group.moveit.moveit.ros.move_group.move_action]: MoveGroupMoveAction: Received request
[move_group-2] [INFO] [1789249272.168782936] [move_group.moveit.moveit.ros.move_group.move_action]: executing..
[move_group-2] [INFO] [1789249272.169082521] [move_group.moveit.moveit.ros.move_group.move_action]: Combined planning and execution request received for MoveGroup action. Forwarding to planning and execution pipeline.
[move_group-2] [WARN] [1789249272.169122425] [move_group.moveit.moveit.ros.move_group.capability]: Execution of motions should always start at the robot's current state. Ignoring the state supplied as start state in the motion planning request
[move_group-2] [WARN] [1789249272.169139449] [move_group.moveit.moveit.ros.move_group.capability]: Execution of motions should always start at the robot's current state. Ignoring the state supplied as difference in the planning scene diff
[move_group-2] [INFO] [1789249272.169156825] [move_group.moveit.moveit.ros.plan_execution]: Planning attempt 1 of at most 1
[move_group-2] [INFO] [1789249272.169552795] [move_group]: Calling PlanningRequestAdapter 'ResolveConstraintFrames'
[move_group-2] [INFO] [1789249272.169597883] [move_group]: Calling PlanningRequestAdapter 'ValidateWorkspaceBounds'
[move_group-2] [WARN] [1789249272.169609595] [move_group.moveit.moveit.ros.validate_workspace_bounds]: It looks like the planning volume was not specified. Using default values.
[move_group-2] [INFO] [1789249272.169636475] [move_group]: Calling PlanningRequestAdapter 'CheckStartStateBounds'
[move_group-2] [INFO] [1789249272.169663195] [move_group]: Calling PlanningRequestAdapter 'CheckStartStateCollision'
[move_group-2] [ERROR] [1789249272.169843036] [move_group]: PlanningRequestAdapter 'CheckStartStateCollision' failed, because '5 contact(s) detected : mw_panel - panda_leftfinger, mw_right - panda_leftfinger, mw_right - panda_rightfinger, mw_top - panda_leftfinger, mw_top - panda_rightfinger, '. Aborting planning pipeline.
[move_group-2] [INFO] [1789249272.169947772] [move_group.moveit.moveit.ros.move_group.move_action]: START_STATE_IN_COLLISION
[move_group-2] [INFO] [1789249315.465316956] [move_group.moveit.moveit.ros.move_group.move_action]: MoveGroupMoveAction: Received request
[move_group-2] [INFO] [1789249315.465705181] [move_group.moveit.moveit.ros.move_group.move_action]: executing..
[move_group-2] [INFO] [1789249315.465979838] [move_group.moveit.moveit.ros.move_group.move_action]: Combined planning and execution request received for MoveGroup action. Forwarding to planning and execution pipeline.
[move_group-2] [WARN] [1789249315.466012158] [move_group.moveit.moveit.ros.move_group.capability]: Execution of motions should always start at the robot's current state. Ignoring the state supplied as start state in the motion planning request
[move_group-2] [WARN] [1789249315.466027454] [move_group.moveit.moveit.ros.move_group.capability]: Execution of motions should always start at the robot's current state. Ignoring the state supplied as difference in the planning scene diff
[move_group-2] [INFO] [1789249315.466041374] [move_group.moveit.moveit.ros.plan_execution]: Planning attempt 1 of at most 1
[move_group-2] [INFO] [1789249315.466269439] [move_group]: Calling PlanningRequestAdapter 'ResolveConstraintFrames'
[move_group-2] [INFO] [1789249315.466320639] [move_group]: Calling PlanningRequestAdapter 'ValidateWorkspaceBounds'
[move_group-2] [WARN] [1789249315.466330239] [move_group.moveit.moveit.ros.validate_workspace_bounds]: It looks like the planning volume was not specified. Using default values.
[move_group-2] [INFO] [1789249315.466351519] [move_group]: Calling PlanningRequestAdapter 'CheckStartStateBounds'
[move_group-2] [INFO] [1789249315.466376447] [move_group]: Calling PlanningRequestAdapter 'CheckStartStateCollision'
[move_group-2] [INFO] [1789249315.466814593] [move_group.moveit.moveit.planners.ompl.model_based_planning_context]: Planner configuration 'panda_arm' will use planner 'geometric::RRTConnect'. Additional configuration parameters will be set when the planner is constructed.
[move_group-2] [INFO] [1789249315.466904577] [move_group]: Calling Planner 'OMPL'
[move_group-2] [INFO] [1789249315.480227760] [move_group]: Calling PlanningResponseAdapter 'AddTimeOptimalParameterization'
[move_group-2] [INFO] [1789249315.480776338] [move_group]: Calling PlanningResponseAdapter 'ValidateSolution'
[move_group-2] [INFO] [1789249315.480923571] [move_group]: Calling PlanningResponseAdapter 'DisplayMotionPath'
[move_group-2] [WARN] [1789249315.480979603] [move_group.moveit.moveit.ros.planning_pipeline]: The planner plugin did not fill out the 'planner_id' field of the MotionPlanResponse. Setting it to the planner ID name of the MotionPlanRequest assuming that the planner plugin does warn you if it does not use the requested planner.
[move_group-2] [INFO] [1789249315.481131603] [move_group.moveit.moveit.plugins.simple_controller_manager]: Returned 1 controllers in list
[move_group-2] [INFO] [1789249315.481163796] [move_group.moveit.moveit.plugins.simple_controller_manager]: Returned 1 controllers in list
[move_group-2] [INFO] [1789249315.481223988] [move_group.moveit.moveit.ros.trajectory_execution_manager]: Validating trajectory with allowed_start_tolerance 0.05
[move_group-2] [INFO] [1789249315.481319668] [move_group.moveit.moveit.ros.trajectory_execution_manager]: Starting trajectory execution ...
[move_group-2] [INFO] [1789249315.481370004] [move_group.moveit.moveit.plugins.simple_controller_manager]: Returned 1 controllers in list
[move_group-2] [INFO] [1789249315.481386388] [move_group.moveit.moveit.plugins.simple_controller_manager]: Returned 1 controllers in list
[move_group-2] [INFO] [1789249315.481527797] [moveit.simple_controller_manager.follow_joint_trajectory_controller_handle]: sending trajectory to panda_arm_controller
[move_group-2] [INFO] [1789249315.483880189] [moveit.simple_controller_manager.follow_joint_trajectory_controller_handle]: panda_arm_controller started execution
[move_group-2] [INFO] [1789249315.483903325] [moveit.simple_controller_manager.follow_joint_trajectory_controller_handle]: Goal request accepted!
[move_group-2] [WARN] [1789249321.136742605] [moveit.simple_controller_manager.follow_joint_trajectory_controller_handle]: Controller 'panda_arm_controller' failed with error GOAL_TOLERANCE_VIOLATED: final max joint error 0.1830 rad
[move_group-2] [WARN] [1789249321.136832461] [move_group.moveit.moveit.ros.trajectory_execution_manager]: Controller handle panda_arm_controller reports status ABORTED
[move_group-2] [INFO] [1789249321.136931086] [move_group.moveit.moveit.ros.trajectory_execution_manager]: Completed trajectory execution with status ABORTED ...
[move_group-2] [INFO] [1789249321.141556190] [move_group.moveit.moveit.ros.move_group.move_action]: CONTROL_FAILED
[move_group-2] [INFO] [1789249321.166840471] [move_group.moveit.moveit.ros.move_group.move_action]: MoveGroupMoveAction: Received request
[move_group-2] [INFO] [1789249321.167295993] [move_group.moveit.moveit.ros.move_group.move_action]: executing..
[move_group-2] [INFO] [1789249321.167609466] [move_group.moveit.moveit.ros.move_group.move_action]: Combined planning and execution request received for MoveGroup action. Forwarding to planning and execution pipeline.
[move_group-2] [WARN] [1789249321.167652346] [move_group.moveit.moveit.ros.move_group.capability]: Execution of motions should always start at the robot's current state. Ignoring the state supplied as start state in the motion planning request
[move_group-2] [WARN] [1789249321.167671642] [move_group.moveit.moveit.ros.move_group.capability]: Execution of motions should always start at the robot's current state. Ignoring the state supplied as difference in the planning scene diff
[move_group-2] [INFO] [1789249321.167684378] [move_group.moveit.moveit.ros.plan_execution]: Planning attempt 1 of at most 1
[move_group-2] [INFO] [1789249321.167929115] [move_group]: Calling PlanningRequestAdapter 'ResolveConstraintFrames'
[move_group-2] [INFO] [1789249321.167967355] [move_group]: Calling PlanningRequestAdapter 'ValidateWorkspaceBounds'
[move_group-2] [WARN] [1789249321.167977563] [move_group.moveit.moveit.ros.validate_workspace_bounds]: It looks like the planning volume was not specified. Using default values.
[move_group-2] [INFO] [1789249321.167999643] [move_group]: Calling PlanningRequestAdapter 'CheckStartStateBounds'
[move_group-2] [INFO] [1789249321.168027131] [move_group]: Calling PlanningRequestAdapter 'CheckStartStateCollision'
[move_group-2] [INFO] [1789249321.168500989] [move_group.moveit.moveit.planners.ompl.model_based_planning_context]: Planner configuration 'panda_arm' will use planner 'geometric::RRTConnect'. Additional configuration parameters will be set when the planner is constructed.
[move_group-2] [INFO] [1789249321.168594685] [move_group]: Calling Planner 'OMPL'
[move_group-2] [INFO] [1789249321.181211146] [move_group]: Calling PlanningResponseAdapter 'AddTimeOptimalParameterization'
[move_group-2] [INFO] [1789249321.181476811] [move_group]: Calling PlanningResponseAdapter 'ValidateSolution'
[move_group-2] [INFO] [1789249321.181575979] [move_group]: Calling PlanningResponseAdapter 'DisplayMotionPath'
[move_group-2] [WARN] [1789249321.181626572] [move_group.moveit.moveit.ros.planning_pipeline]: The planner plugin did not fill out the 'planner_id' field of the MotionPlanResponse. Setting it to the planner ID name of the MotionPlanRequest assuming that the planner plugin does warn you if it does not use the requested planner.
[move_group-2] [INFO] [1789249321.181783500] [move_group.moveit.moveit.plugins.simple_controller_manager]: Returned 1 controllers in list
[move_group-2] [INFO] [1789249321.181816780] [move_group.moveit.moveit.plugins.simple_controller_manager]: Returned 1 controllers in list
[move_group-2] [INFO] [1789249321.181870444] [move_group.moveit.moveit.ros.trajectory_execution_manager]: Validating trajectory with allowed_start_tolerance 0.05
[move_group-2] [INFO] [1789249321.181973229] [move_group.moveit.moveit.ros.trajectory_execution_manager]: Starting trajectory execution ...
[move_group-2] [INFO] [1789249321.182024621] [move_group.moveit.moveit.plugins.simple_controller_manager]: Returned 1 controllers in list
[move_group-2] [INFO] [1789249321.182043181] [move_group.moveit.moveit.plugins.simple_controller_manager]: Returned 1 controllers in list
[move_group-2] [INFO] [1789249321.182170637] [moveit.simple_controller_manager.follow_joint_trajectory_controller_handle]: sending trajectory to panda_arm_controller
[move_group-2] [INFO] [1789249321.183745363] [moveit.simple_controller_manager.follow_joint_trajectory_controller_handle]: panda_arm_controller started execution
[move_group-2] [INFO] [1789249321.183758867] [moveit.simple_controller_manager.follow_joint_trajectory_controller_handle]: Goal request accepted!
[move_group-2] [INFO] [1789249325.343804869] [moveit.simple_controller_manager.follow_joint_trajectory_controller_handle]: Controller 'panda_arm_controller' successfully finished
[move_group-2] [INFO] [1789249325.343916294] [move_group.moveit.moveit.ros.trajectory_execution_manager]: Completed trajectory execution with status SUCCEEDED ...
[move_group-2] [INFO] [1789249325.352136035] [move_group.moveit.moveit.ros.move_group.move_action]: Solution was found and executed.
[move_group-2] [WARN] [1789251328.766713263] [move_group.rclcpp]: failed to send response to /compute_ik (timeout): client will not receive response, at ./src/rmw_response.cpp:153, at ./src/rcl/service.c:400
[move_group-2] [WARN] [1789251329.868016740] [move_group.rclcpp]: failed to send response to /compute_ik (timeout): client will not receive response, at ./src/rmw_response.cpp:153, at ./src/rcl/service.c:400
[move_group-2] [WARN] [1789251330.969240952] [move_group.rclcpp]: failed to send response to /compute_ik (timeout): client will not receive response, at ./src/rmw_response.cpp:153, at ./src/rcl/service.c:400
[move_group-2] [WARN] [1789251332.070147211] [move_group.rclcpp]: failed to send response to /compute_ik (timeout): client will not receive response, at ./src/rmw_response.cpp:153, at ./src/rcl/service.c:400
[move_group-2] [WARN] [1789251333.170664668] [move_group.rclcpp]: failed to send response to /compute_ik (timeout): client will not receive response, at ./src/rmw_response.cpp:153, at ./src/rcl/service.c:400
[move_group-2] [WARN] [1789251334.271256814] [move_group.rclcpp]: failed to send response to /compute_ik (timeout): client will not receive response, at ./src/rmw_response.cpp:153, at ./src/rcl/service.c:400
[move_group-2] [WARN] [1789251335.371780128] [move_group.rclcpp]: failed to send response to /compute_ik (timeout): client will not receive response, at ./src/rmw_response.cpp:153, at ./src/rcl/service.c:400
[move_group-2] [WARN] [1789251336.473103445] [move_group.rclcpp]: failed to send response to /compute_ik (timeout): client will not receive response, at ./src/rmw_response.cpp:153, at ./src/rcl/service.c:400
[move_group-2] [WARN] [1789251337.573668423] [move_group.rclcpp]: failed to send response to /compute_ik (timeout): client will not receive response, at ./src/rmw_response.cpp:153, at ./src/rcl/service.c:400
[move_group-2] [INFO] [1789251852.179099158] [move_group.moveit.moveit.ros.move_group.move_action]: MoveGroupMoveAction: Received request
[move_group-2] [INFO] [1789251852.179440695] [move_group.moveit.moveit.ros.move_group.move_action]: executing..
[move_group-2] [INFO] [1789251852.179660376] [move_group.moveit.moveit.ros.move_group.move_action]: Combined planning and execution request received for MoveGroup action. Forwarding to planning and execution pipeline.
[move_group-2] [WARN] [1789251852.179692088] [move_group.moveit.moveit.ros.move_group.capability]: Execution of motions should always start at the robot's current state. Ignoring the state supplied as start state in the motion planning request
[move_group-2] [WARN] [1789251852.179709432] [move_group.moveit.moveit.ros.move_group.capability]: Execution of motions should always start at the robot's current state. Ignoring the state supplied as difference in the planning scene diff
[move_group-2] [INFO] [1789251852.179721848] [move_group.moveit.moveit.ros.plan_execution]: Planning attempt 1 of at most 1
[move_group-2] [INFO] [1789251852.179929785] [move_group]: Calling PlanningRequestAdapter 'ResolveConstraintFrames'
[move_group-2] [INFO] [1789251852.179967641] [move_group]: Calling PlanningRequestAdapter 'ValidateWorkspaceBounds'
[move_group-2] [WARN] [1789251852.179976697] [move_group.moveit.moveit.ros.validate_workspace_bounds]: It looks like the planning volume was not specified. Using default values.
[move_group-2] [INFO] [1789251852.179998201] [move_group]: Calling PlanningRequestAdapter 'CheckStartStateBounds'
[move_group-2] [INFO] [1789251852.180022265] [move_group]: Calling PlanningRequestAdapter 'CheckStartStateCollision'
[move_group-2] [INFO] [1789251852.180420219] [move_group.moveit.moveit.planners.ompl.model_based_planning_context]: Planner configuration 'panda_arm' will use planner 'geometric::RRTConnect'. Additional configuration parameters will be set when the planner is constructed.
[move_group-2] [INFO] [1789251852.180539643] [move_group]: Calling Planner 'OMPL'
[move_group-2] [INFO] [1789251852.193449960] [move_group]: Calling PlanningResponseAdapter 'AddTimeOptimalParameterization'
[move_group-2] [INFO] [1789251852.196772852] [move_group]: Calling PlanningResponseAdapter 'ValidateSolution'
[move_group-2] [INFO] [1789251852.197226965] [move_group]: Calling PlanningResponseAdapter 'DisplayMotionPath'
[move_group-2] [WARN] [1789251852.197324086] [move_group.moveit.moveit.ros.planning_pipeline]: The planner plugin did not fill out the 'planner_id' field of the MotionPlanResponse. Setting it to the planner ID name of the MotionPlanRequest assuming that the planner plugin does warn you if it does not use the requested planner.
[move_group-2] [INFO] [1789251852.197469142] [move_group.moveit.moveit.plugins.simple_controller_manager]: Returned 1 controllers in list
[move_group-2] [INFO] [1789251852.197503702] [move_group.moveit.moveit.plugins.simple_controller_manager]: Returned 1 controllers in list
[move_group-2] [INFO] [1789251852.197569079] [move_group.moveit.moveit.ros.trajectory_execution_manager]: Validating trajectory with allowed_start_tolerance 0.05
[move_group-2] [INFO] [1789251852.197668279] [move_group.moveit.moveit.ros.trajectory_execution_manager]: Starting trajectory execution ...
[move_group-2] [INFO] [1789251852.197714199] [move_group.moveit.moveit.plugins.simple_controller_manager]: Returned 1 controllers in list
[move_group-2] [INFO] [1789251852.197731031] [move_group.moveit.moveit.plugins.simple_controller_manager]: Returned 1 controllers in list
[move_group-2] [INFO] [1789251852.197836599] [moveit.simple_controller_manager.follow_joint_trajectory_controller_handle]: sending trajectory to panda_arm_controller
[move_group-2] [INFO] [1789251852.200339264] [moveit.simple_controller_manager.follow_joint_trajectory_controller_handle]: panda_arm_controller started execution
[move_group-2] [INFO] [1789251852.200361792] [moveit.simple_controller_manager.follow_joint_trajectory_controller_handle]: Goal request accepted!
[move_group-2] [WARN] [1789251867.457385550] [moveit.simple_controller_manager.follow_joint_trajectory_controller_handle]: Controller 'panda_arm_controller' failed with error GOAL_TOLERANCE_VIOLATED: final max joint error 2.8004 rad
[move_group-2] [WARN] [1789251867.457471854] [move_group.moveit.moveit.ros.trajectory_execution_manager]: Controller handle panda_arm_controller reports status ABORTED
[move_group-2] [INFO] [1789251867.457578894] [move_group.moveit.moveit.ros.trajectory_execution_manager]: Completed trajectory execution with status ABORTED ...
[move_group-2] [INFO] [1789251867.457959472] [move_group.moveit.moveit.ros.move_group.move_action]: CONTROL_FAILED
[move_group-2] [INFO] [1789251867.668099850] [move_group.moveit.moveit.ros.move_group.move_action]: MoveGroupMoveAction: Received request
[move_group-2] [INFO] [1789251867.668611756] [move_group.moveit.moveit.ros.move_group.move_action]: executing..
[move_group-2] [INFO] [1789251867.668834317] [move_group.moveit.moveit.ros.move_group.move_action]: Combined planning and execution request received for MoveGroup action. Forwarding to planning and execution pipeline.
[move_group-2] [WARN] [1789251867.668873773] [move_group.moveit.moveit.ros.move_group.capability]: Execution of motions should always start at the robot's current state. Ignoring the state supplied as start state in the motion planning request
[move_group-2] [WARN] [1789251867.668891213] [move_group.moveit.moveit.ros.move_group.capability]: Execution of motions should always start at the robot's current state. Ignoring the state supplied as difference in the planning scene diff
[move_group-2] [INFO] [1789251867.668908173] [move_group.moveit.moveit.ros.plan_execution]: Planning attempt 1 of at most 1
[move_group-2] [INFO] [1789251867.669322927] [move_group]: Calling PlanningRequestAdapter 'ResolveConstraintFrames'
[move_group-2] [INFO] [1789251867.669371503] [move_group]: Calling PlanningRequestAdapter 'ValidateWorkspaceBounds'
[move_group-2] [WARN] [1789251867.669382671] [move_group.moveit.moveit.ros.validate_workspace_bounds]: It looks like the planning volume was not specified. Using default values.
[move_group-2] [INFO] [1789251867.669405551] [move_group]: Calling PlanningRequestAdapter 'CheckStartStateBounds'
[move_group-2] [INFO] [1789251867.669434191] [move_group]: Calling PlanningRequestAdapter 'CheckStartStateCollision'
[move_group-2] [INFO] [1789251867.669988305] [move_group.moveit.moveit.planners.ompl.model_based_planning_context]: Planner configuration 'panda_arm' will use planner 'geometric::RRTConnect'. Additional configuration parameters will be set when the planner is constructed.
[move_group-2] [INFO] [1789251867.670081713] [move_group]: Calling Planner 'OMPL'
[move_group-2] [INFO] [1789251867.684337187] [move_group]: Calling PlanningResponseAdapter 'AddTimeOptimalParameterization'
[move_group-2] [INFO] [1789251867.686593483] [move_group]: Calling PlanningResponseAdapter 'ValidateSolution'
[move_group-2] [INFO] [1789251867.687080300] [move_group]: Calling PlanningResponseAdapter 'DisplayMotionPath'
[move_group-2] [WARN] [1789251867.687152813] [move_group.moveit.moveit.ros.planning_pipeline]: The planner plugin did not fill out the 'planner_id' field of the MotionPlanResponse. Setting it to the planner ID name of the MotionPlanRequest assuming that the planner plugin does warn you if it does not use the requested planner.
[move_group-2] [INFO] [1789251867.687337997] [move_group.moveit.moveit.plugins.simple_controller_manager]: Returned 1 controllers in list
[move_group-2] [INFO] [1789251867.687371629] [move_group.moveit.moveit.plugins.simple_controller_manager]: Returned 1 controllers in list
[move_group-2] [INFO] [1789251867.687447598] [move_group.moveit.moveit.ros.trajectory_execution_manager]: Validating trajectory with allowed_start_tolerance 0.05
[move_group-2] [INFO] [1789251867.687551790] [move_group.moveit.moveit.ros.trajectory_execution_manager]: Starting trajectory execution ...
[move_group-2] [INFO] [1789251867.687602190] [move_group.moveit.moveit.plugins.simple_controller_manager]: Returned 1 controllers in list
[move_group-2] [INFO] [1789251867.687622286] [move_group.moveit.moveit.plugins.simple_controller_manager]: Returned 1 controllers in list
[move_group-2] [INFO] [1789251867.687812175] [moveit.simple_controller_manager.follow_joint_trajectory_controller_handle]: sending trajectory to panda_arm_controller
[move_group-2] [INFO] [1789251867.690430776] [moveit.simple_controller_manager.follow_joint_trajectory_controller_handle]: panda_arm_controller started execution
[move_group-2] [INFO] [1789251867.690469592] [moveit.simple_controller_manager.follow_joint_trajectory_controller_handle]: Goal request accepted!
[move_group-2] [WARN] [1789251880.544533220] [moveit.simple_controller_manager.follow_joint_trajectory_controller_handle]: Controller 'panda_arm_controller' failed with error GOAL_TOLERANCE_VIOLATED: final max joint error 2.0838 rad
[move_group-2] [WARN] [1789251880.544619141] [move_group.moveit.moveit.ros.trajectory_execution_manager]: Controller handle panda_arm_controller reports status ABORTED
[move_group-2] [INFO] [1789251880.544734885] [move_group.moveit.moveit.ros.trajectory_execution_manager]: Completed trajectory execution with status ABORTED ...
[move_group-2] [INFO] [1789251880.547845072] [move_group.moveit.moveit.ros.move_group.move_action]: CONTROL_FAILED
[move_group-2] [INFO] [1789251880.668416595] [move_group.moveit.moveit.ros.move_group.move_action]: MoveGroupMoveAction: Received request
[move_group-2] [INFO] [1789251880.668851477] [move_group.moveit.moveit.ros.move_group.move_action]: executing..
[move_group-2] [INFO] [1789251880.669138102] [move_group.moveit.moveit.ros.move_group.move_action]: Combined planning and execution request received for MoveGroup action. Forwarding to planning and execution pipeline.
[move_group-2] [WARN] [1789251880.669179574] [move_group.moveit.moveit.ros.move_group.capability]: Execution of motions should always start at the robot's current state. Ignoring the state supplied as start state in the motion planning request
[move_group-2] [WARN] [1789251880.669195062] [move_group.moveit.moveit.ros.move_group.capability]: Execution of motions should always start at the robot's current state. Ignoring the state supplied as difference in the planning scene diff
[move_group-2] [INFO] [1789251880.669208918] [move_group.moveit.moveit.ros.plan_execution]: Planning attempt 1 of at most 1
[move_group-2] [INFO] [1789251880.669409398] [move_group]: Calling PlanningRequestAdapter 'ResolveConstraintFrames'
[move_group-2] [INFO] [1789251880.669450551] [move_group]: Calling PlanningRequestAdapter 'ValidateWorkspaceBounds'
[move_group-2] [WARN] [1789251880.669461751] [move_group.moveit.moveit.ros.validate_workspace_bounds]: It looks like the planning volume was not specified. Using default values.
[move_group-2] [INFO] [1789251880.669487063] [move_group]: Calling PlanningRequestAdapter 'CheckStartStateBounds'
[move_group-2] [INFO] [1789251880.669512919] [move_group]: Calling PlanningRequestAdapter 'CheckStartStateCollision'
[move_group-2] [INFO] [1789251880.669941624] [move_group.moveit.moveit.planners.ompl.model_based_planning_context]: Planner configuration 'panda_arm' will use planner 'geometric::RRTConnect'. Additional configuration parameters will be set when the planner is constructed.
[move_group-2] [INFO] [1789251880.670035801] [move_group]: Calling Planner 'OMPL'
[move_group-2] [INFO] [1789251880.683629928] [move_group]: Calling PlanningResponseAdapter 'AddTimeOptimalParameterization'
[move_group-2] [INFO] [1789251880.685283694] [move_group]: Calling PlanningResponseAdapter 'ValidateSolution'
[move_group-2] [INFO] [1789251880.685666927] [move_group]: Calling PlanningResponseAdapter 'DisplayMotionPath'
[move_group-2] [WARN] [1789251880.685742319] [move_group.moveit.moveit.ros.planning_pipeline]: The planner plugin did not fill out the 'planner_id' field of the MotionPlanResponse. Setting it to the planner ID name of the MotionPlanRequest assuming that the planner plugin does warn you if it does not use the requested planner.
[move_group-2] [INFO] [1789251880.685899376] [move_group.moveit.moveit.plugins.simple_controller_manager]: Returned 1 controllers in list
[move_group-2] [INFO] [1789251880.685934256] [move_group.moveit.moveit.plugins.simple_controller_manager]: Returned 1 controllers in list
[move_group-2] [INFO] [1789251880.685994160] [move_group.moveit.moveit.ros.trajectory_execution_manager]: Validating trajectory with allowed_start_tolerance 0.05
[move_group-2] [INFO] [1789251880.686101393] [move_group.moveit.moveit.ros.trajectory_execution_manager]: Starting trajectory execution ...
[move_group-2] [INFO] [1789251880.686161041] [move_group.moveit.moveit.plugins.simple_controller_manager]: Returned 1 controllers in list
[move_group-2] [INFO] [1789251880.686182225] [move_group.moveit.moveit.plugins.simple_controller_manager]: Returned 1 controllers in list
[move_group-2] [INFO] [1789251880.686313681] [moveit.simple_controller_manager.follow_joint_trajectory_controller_handle]: sending trajectory to panda_arm_controller
[move_group-2] [INFO] [1789251880.688967098] [moveit.simple_controller_manager.follow_joint_trajectory_controller_handle]: panda_arm_controller started execution
[move_group-2] [INFO] [1789251880.688991099] [moveit.simple_controller_manager.follow_joint_trajectory_controller_handle]: Goal request accepted!
[move_group-2] [WARN] [1789251891.203215585] [moveit.simple_controller_manager.follow_joint_trajectory_controller_handle]: Controller 'panda_arm_controller' failed with error GOAL_TOLERANCE_VIOLATED: final max joint error 1.5039 rad
[move_group-2] [WARN] [1789251891.203276641] [move_group.moveit.moveit.ros.trajectory_execution_manager]: Controller handle panda_arm_controller reports status ABORTED
[move_group-2] [INFO] [1789251891.203330177] [move_group.moveit.moveit.ros.trajectory_execution_manager]: Completed trajectory execution with status ABORTED ...
[move_group-2] [INFO] [1789251891.206322860] [move_group.moveit.moveit.ros.move_group.move_action]: CONTROL_FAILED
[move_group-2] [INFO] [1789251892.170620964] [move_group.moveit.moveit.ros.move_group.move_action]: MoveGroupMoveAction: Received request
[move_group-2] [INFO] [1789251892.171045701] [move_group.moveit.moveit.ros.move_group.move_action]: executing..
[move_group-2] [INFO] [1789251892.171269190] [move_group.moveit.moveit.ros.move_group.move_action]: Combined planning and execution request received for MoveGroup action. Forwarding to planning and execution pipeline.
[move_group-2] [WARN] [1789251892.171302150] [move_group.moveit.moveit.ros.move_group.capability]: Execution of motions should always start at the robot's current state. Ignoring the state supplied as start state in the motion planning request
[move_group-2] [WARN] [1789251892.171319270] [move_group.moveit.moveit.ros.move_group.capability]: Execution of motions should always start at the robot's current state. Ignoring the state supplied as difference in the planning scene diff
[move_group-2] [INFO] [1789251892.171332006] [move_group.moveit.moveit.ros.plan_execution]: Planning attempt 1 of at most 1
[move_group-2] [INFO] [1789251892.171557639] [move_group]: Calling PlanningRequestAdapter 'ResolveConstraintFrames'
[move_group-2] [INFO] [1789251892.171601319] [move_group]: Calling PlanningRequestAdapter 'ValidateWorkspaceBounds'
[move_group-2] [WARN] [1789251892.171611335] [move_group.moveit.moveit.ros.validate_workspace_bounds]: It looks like the planning volume was not specified. Using default values.
[move_group-2] [INFO] [1789251892.171632455] [move_group]: Calling PlanningRequestAdapter 'CheckStartStateBounds'
[move_group-2] [INFO] [1789251892.171658695] [move_group]: Calling PlanningRequestAdapter 'CheckStartStateCollision'
[move_group-2] [INFO] [1789251892.172129225] [move_group.moveit.moveit.planners.ompl.model_based_planning_context]: Planner configuration 'panda_arm' will use planner 'geometric::RRTConnect'. Additional configuration parameters will be set when the planner is constructed.
[move_group-2] [INFO] [1789251892.172225705] [move_group]: Calling Planner 'OMPL'
[move_group-2] [INFO] [1789251892.185309655] [move_group]: Calling PlanningResponseAdapter 'AddTimeOptimalParameterization'
[move_group-2] [INFO] [1789251892.186487643] [move_group]: Calling PlanningResponseAdapter 'ValidateSolution'
[move_group-2] [INFO] [1789251892.186807036] [move_group]: Calling PlanningResponseAdapter 'DisplayMotionPath'
[move_group-2] [WARN] [1789251892.186873948] [move_group.moveit.moveit.ros.planning_pipeline]: The planner plugin did not fill out the 'planner_id' field of the MotionPlanResponse. Setting it to the planner ID name of the MotionPlanRequest assuming that the planner plugin does warn you if it does not use the requested planner.
[move_group-2] [INFO] [1789251892.187022845] [move_group.moveit.moveit.plugins.simple_controller_manager]: Returned 1 controllers in list
[move_group-2] [INFO] [1789251892.187069949] [move_group.moveit.moveit.plugins.simple_controller_manager]: Returned 1 controllers in list
[move_group-2] [INFO] [1789251892.187129565] [move_group.moveit.moveit.ros.trajectory_execution_manager]: Validating trajectory with allowed_start_tolerance 0.05
[move_group-2] [INFO] [1789251892.187223806] [move_group.moveit.moveit.ros.trajectory_execution_manager]: Starting trajectory execution ...
[move_group-2] [INFO] [1789251892.187270878] [move_group.moveit.moveit.plugins.simple_controller_manager]: Returned 1 controllers in list
[move_group-2] [INFO] [1789251892.187289790] [move_group.moveit.moveit.plugins.simple_controller_manager]: Returned 1 controllers in list
[move_group-2] [INFO] [1789251892.187426206] [moveit.simple_controller_manager.follow_joint_trajectory_controller_handle]: sending trajectory to panda_arm_controller
[move_group-2] [INFO] [1789251892.189824455] [moveit.simple_controller_manager.follow_joint_trajectory_controller_handle]: panda_arm_controller started execution
[move_group-2] [INFO] [1789251892.189847271] [moveit.simple_controller_manager.follow_joint_trajectory_controller_handle]: Goal request accepted!
[move_group-2] [WARN] [1789251901.027182024] [moveit.simple_controller_manager.follow_joint_trajectory_controller_handle]: Controller 'panda_arm_controller' failed with error GOAL_TOLERANCE_VIOLATED: final max joint error 1.0303 rad
[move_group-2] [WARN] [1789251901.027241736] [move_group.moveit.moveit.ros.trajectory_execution_manager]: Controller handle panda_arm_controller reports status ABORTED
[move_group-2] [INFO] [1789251901.027289992] [move_group.moveit.moveit.ros.trajectory_execution_manager]: Completed trajectory execution with status ABORTED ...
[move_group-2] [INFO] [1789251901.037533356] [move_group.moveit.moveit.ros.move_group.move_action]: CONTROL_FAILED
[move_group-2] [INFO] [1789251901.167192334] [move_group.moveit.moveit.ros.move_group.move_action]: MoveGroupMoveAction: Received request
[move_group-2] [INFO] [1789251901.167592016] [move_group.moveit.moveit.ros.move_group.move_action]: executing..
[move_group-2] [INFO] [1789251901.167850545] [move_group.moveit.moveit.ros.move_group.move_action]: Combined planning and execution request received for MoveGroup action. Forwarding to planning and execution pipeline.
[move_group-2] [WARN] [1789251901.167897777] [move_group.moveit.moveit.ros.move_group.capability]: Execution of motions should always start at the robot's current state. Ignoring the state supplied as start state in the motion planning request
[move_group-2] [WARN] [1789251901.167916049] [move_group.moveit.moveit.ros.move_group.capability]: Execution of motions should always start at the robot's current state. Ignoring the state supplied as difference in the planning scene diff
[move_group-2] [INFO] [1789251901.167928817] [move_group.moveit.moveit.ros.plan_execution]: Planning attempt 1 of at most 1
[move_group-2] [INFO] [1789251901.168248114] [move_group]: Calling PlanningRequestAdapter 'ResolveConstraintFrames'
[move_group-2] [INFO] [1789251901.168298258] [move_group]: Calling PlanningRequestAdapter 'ValidateWorkspaceBounds'
[move_group-2] [WARN] [1789251901.168309874] [move_group.moveit.moveit.ros.validate_workspace_bounds]: It looks like the planning volume was not specified. Using default values.
[move_group-2] [INFO] [1789251901.168333938] [move_group]: Calling PlanningRequestAdapter 'CheckStartStateBounds'
[move_group-2] [INFO] [1789251901.168359283] [move_group]: Calling PlanningRequestAdapter 'CheckStartStateCollision'
[move_group-2] [INFO] [1789251901.168838676] [move_group.moveit.moveit.planners.ompl.model_based_planning_context]: Planner configuration 'panda_arm' will use planner 'geometric::RRTConnect'. Additional configuration parameters will be set when the planner is constructed.
[move_group-2] [INFO] [1789251901.168940885] [move_group]: Calling Planner 'OMPL'
[move_group-2] [INFO] [1789251901.182199459] [move_group]: Calling PlanningResponseAdapter 'AddTimeOptimalParameterization'
[move_group-2] [INFO] [1789251901.183027493] [move_group]: Calling PlanningResponseAdapter 'ValidateSolution'
[move_group-2] [INFO] [1789251901.183292870] [move_group]: Calling PlanningResponseAdapter 'DisplayMotionPath'
[move_group-2] [WARN] [1789251901.183359815] [move_group.moveit.moveit.ros.planning_pipeline]: The planner plugin did not fill out the 'planner_id' field of the MotionPlanResponse. Setting it to the planner ID name of the MotionPlanRequest assuming that the planner plugin does warn you if it does not use the requested planner.
[move_group-2] [INFO] [1789251901.183505383] [move_group.moveit.moveit.plugins.simple_controller_manager]: Returned 1 controllers in list
[move_group-2] [INFO] [1789251901.183544327] [move_group.moveit.moveit.plugins.simple_controller_manager]: Returned 1 controllers in list
[move_group-2] [INFO] [1789251901.183604295] [move_group.moveit.moveit.ros.trajectory_execution_manager]: Validating trajectory with allowed_start_tolerance 0.05
[move_group-2] [INFO] [1789251901.183699784] [move_group.moveit.moveit.ros.trajectory_execution_manager]: Starting trajectory execution ...
[move_group-2] [INFO] [1789251901.183752648] [move_group.moveit.moveit.plugins.simple_controller_manager]: Returned 1 controllers in list
[move_group-2] [INFO] [1789251901.183772840] [move_group.moveit.moveit.plugins.simple_controller_manager]: Returned 1 controllers in list
[move_group-2] [INFO] [1789251901.183903720] [moveit.simple_controller_manager.follow_joint_trajectory_controller_handle]: sending trajectory to panda_arm_controller
[move_group-2] [INFO] [1789251901.185734575] [moveit.simple_controller_manager.follow_joint_trajectory_controller_handle]: panda_arm_controller started execution
[move_group-2] [INFO] [1789251901.185755631] [moveit.simple_controller_manager.follow_joint_trajectory_controller_handle]: Goal request accepted!
[move_group-2] [WARN] [1789251908.518045568] [moveit.simple_controller_manager.follow_joint_trajectory_controller_handle]: Controller 'panda_arm_controller' failed with error GOAL_TOLERANCE_VIOLATED: final max joint error 0.6496 rad
[move_group-2] [WARN] [1789251908.518117376] [move_group.moveit.moveit.ros.trajectory_execution_manager]: Controller handle panda_arm_controller reports status ABORTED
[move_group-2] [INFO] [1789251908.518166976] [move_group.moveit.moveit.ros.trajectory_execution_manager]: Completed trajectory execution with status ABORTED ...
[move_group-2] [INFO] [1789251908.524006741] [move_group.moveit.moveit.ros.move_group.move_action]: CONTROL_FAILED
[move_group-2] [INFO] [1789251908.667693992] [move_group.moveit.moveit.ros.move_group.move_action]: MoveGroupMoveAction: Received request
[move_group-2] [INFO] [1789251908.668135850] [move_group.moveit.moveit.ros.move_group.move_action]: executing..
[move_group-2] [INFO] [1789251908.668378923] [move_group.moveit.moveit.ros.move_group.move_action]: Combined planning and execution request received for MoveGroup action. Forwarding to planning and execution pipeline.
[move_group-2] [WARN] [1789251908.668418379] [move_group.moveit.moveit.ros.move_group.capability]: Execution of motions should always start at the robot's current state. Ignoring the state supplied as start state in the motion planning request
[move_group-2] [WARN] [1789251908.668437835] [move_group.moveit.moveit.ros.move_group.capability]: Execution of motions should always start at the robot's current state. Ignoring the state supplied as difference in the planning scene diff
[move_group-2] [INFO] [1789251908.668453483] [move_group.moveit.moveit.ros.plan_execution]: Planning attempt 1 of at most 1
[move_group-2] [INFO] [1789251908.668856204] [move_group]: Calling PlanningRequestAdapter 'ResolveConstraintFrames'
[move_group-2] [INFO] [1789251908.668899148] [move_group]: Calling PlanningRequestAdapter 'ValidateWorkspaceBounds'
[move_group-2] [WARN] [1789251908.668908716] [move_group.moveit.moveit.ros.validate_workspace_bounds]: It looks like the planning volume was not specified. Using default values.
[move_group-2] [INFO] [1789251908.668928941] [move_group]: Calling PlanningRequestAdapter 'CheckStartStateBounds'
[move_group-2] [INFO] [1789251908.668957133] [move_group]: Calling PlanningRequestAdapter 'CheckStartStateCollision'
[move_group-2] [INFO] [1789251908.669530639] [move_group.moveit.moveit.planners.ompl.model_based_planning_context]: Planner configuration 'panda_arm' will use planner 'geometric::RRTConnect'. Additional configuration parameters will be set when the planner is constructed.
[move_group-2] [INFO] [1789251908.669610447] [move_group]: Calling Planner 'OMPL'
[move_group-2] [INFO] [1789251908.683222846] [move_group]: Calling PlanningResponseAdapter 'AddTimeOptimalParameterization'
[move_group-2] [INFO] [1789251908.683845536] [move_group]: Calling PlanningResponseAdapter 'ValidateSolution'
[move_group-2] [INFO] [1789251908.684061985] [move_group]: Calling PlanningResponseAdapter 'DisplayMotionPath'
[move_group-2] [WARN] [1789251908.684116481] [move_group.moveit.moveit.ros.planning_pipeline]: The planner plugin did not fill out the 'planner_id' field of the MotionPlanResponse. Setting it to the planner ID name of the MotionPlanRequest assuming that the planner plugin does warn you if it does not use the requested planner.
[move_group-2] [INFO] [1789251908.684315554] [move_group.moveit.moveit.plugins.simple_controller_manager]: Returned 1 controllers in list
[move_group-2] [INFO] [1789251908.684353730] [move_group.moveit.moveit.plugins.simple_controller_manager]: Returned 1 controllers in list
[move_group-2] [INFO] [1789251908.684428706] [move_group.moveit.moveit.ros.trajectory_execution_manager]: Validating trajectory with allowed_start_tolerance 0.05
[move_group-2] [INFO] [1789251908.684539619] [move_group.moveit.moveit.ros.trajectory_execution_manager]: Starting trajectory execution ...
[move_group-2] [INFO] [1789251908.684594307] [move_group.moveit.moveit.plugins.simple_controller_manager]: Returned 1 controllers in list
[move_group-2] [INFO] [1789251908.684615651] [move_group.moveit.moveit.plugins.simple_controller_manager]: Returned 1 controllers in list
[move_group-2] [INFO] [1789251908.684814596] [moveit.simple_controller_manager.follow_joint_trajectory_controller_handle]: sending trajectory to panda_arm_controller
[move_group-2] [INFO] [1789251908.687011563] [moveit.simple_controller_manager.follow_joint_trajectory_controller_handle]: panda_arm_controller started execution
[move_group-2] [INFO] [1789251908.687062860] [moveit.simple_controller_manager.follow_joint_trajectory_controller_handle]: Goal request accepted!
[move_group-2] [WARN] [1789251914.865884371] [moveit.simple_controller_manager.follow_joint_trajectory_controller_handle]: Controller 'panda_arm_controller' failed with error GOAL_TOLERANCE_VIOLATED: final max joint error 0.3359 rad
[move_group-2] [WARN] [1789251914.865970291] [move_group.moveit.moveit.ros.trajectory_execution_manager]: Controller handle panda_arm_controller reports status ABORTED
[move_group-2] [INFO] [1789251914.866084596] [move_group.moveit.moveit.ros.trajectory_execution_manager]: Completed trajectory execution with status ABORTED ...
[move_group-2] [INFO] [1789251914.874781202] [move_group.moveit.moveit.ros.move_group.move_action]: CONTROL_FAILED
[move_group-2] [INFO] [1789252147.183676165] [move_group.moveit.moveit.ros.move_group.move_action]: MoveGroupMoveAction: Received request
[move_group-2] [INFO] [1789252147.184136678] [move_group.moveit.moveit.ros.move_group.move_action]: executing..
[move_group-2] [INFO] [1789252147.184386087] [move_group.moveit.moveit.ros.move_group.move_action]: Combined planning and execution request received for MoveGroup action. Forwarding to planning and execution pipeline.
[move_group-2] [WARN] [1789252147.184422535] [move_group.moveit.moveit.ros.move_group.capability]: Execution of motions should always start at the robot's current state. Ignoring the state supplied as start state in the motion planning request
[move_group-2] [WARN] [1789252147.184440359] [move_group.moveit.moveit.ros.move_group.capability]: Execution of motions should always start at the robot's current state. Ignoring the state supplied as difference in the planning scene diff
[move_group-2] [INFO] [1789252147.184458344] [move_group.moveit.moveit.ros.plan_execution]: Planning attempt 1 of at most 1
[move_group-2] [INFO] [1789252147.184757353] [move_group]: Calling PlanningRequestAdapter 'ResolveConstraintFrames'
[move_group-2] [INFO] [1789252147.184801065] [move_group]: Calling PlanningRequestAdapter 'ValidateWorkspaceBounds'
[move_group-2] [WARN] [1789252147.184809897] [move_group.moveit.moveit.ros.validate_workspace_bounds]: It looks like the planning volume was not specified. Using default values.
[move_group-2] [INFO] [1789252147.184831753] [move_group]: Calling PlanningRequestAdapter 'CheckStartStateBounds'
[move_group-2] [INFO] [1789252147.184855497] [move_group]: Calling PlanningRequestAdapter 'CheckStartStateCollision'
[move_group-2] [INFO] [1789252147.185401163] [move_group.moveit.moveit.planners.ompl.model_based_planning_context]: Planner configuration 'panda_arm' will use planner 'geometric::RRTConnect'. Additional configuration parameters will be set when the planner is constructed.
[move_group-2] [INFO] [1789252147.185491019] [move_group]: Calling Planner 'OMPL'
[move_group-2] [INFO] [1789252147.200898337] [move_group]: Calling PlanningResponseAdapter 'AddTimeOptimalParameterization'
[move_group-2] [INFO] [1789252147.206393588] [move_group]: Calling PlanningResponseAdapter 'ValidateSolution'
[move_group-2] [INFO] [1789252147.206819477] [move_group]: Calling PlanningResponseAdapter 'DisplayMotionPath'
[move_group-2] [WARN] [1789252147.206905334] [move_group.moveit.moveit.ros.planning_pipeline]: The planner plugin did not fill out the 'planner_id' field of the MotionPlanResponse. Setting it to the planner ID name of the MotionPlanRequest assuming that the planner plugin does warn you if it does not use the requested planner.
[move_group-2] [INFO] [1789252147.207105110] [move_group.moveit.moveit.plugins.simple_controller_manager]: Returned 1 controllers in list
[move_group-2] [INFO] [1789252147.207143254] [move_group.moveit.moveit.plugins.simple_controller_manager]: Returned 1 controllers in list
[move_group-2] [INFO] [1789252147.207218871] [move_group.moveit.moveit.ros.trajectory_execution_manager]: Validating trajectory with allowed_start_tolerance 0.05
[move_group-2] [INFO] [1789252147.207317047] [move_group.moveit.moveit.ros.trajectory_execution_manager]: Starting trajectory execution ...
[move_group-2] [INFO] [1789252147.207369015] [move_group.moveit.moveit.plugins.simple_controller_manager]: Returned 1 controllers in list
[move_group-2] [INFO] [1789252147.207389559] [move_group.moveit.moveit.plugins.simple_controller_manager]: Returned 1 controllers in list
[move_group-2] [INFO] [1789252147.207571064] [moveit.simple_controller_manager.follow_joint_trajectory_controller_handle]: sending trajectory to panda_arm_controller
[move_group-2] [INFO] [1789252147.210586050] [moveit.simple_controller_manager.follow_joint_trajectory_controller_handle]: panda_arm_controller started execution
[move_group-2] [INFO] [1789252147.210637538] [moveit.simple_controller_manager.follow_joint_trajectory_controller_handle]: Goal request accepted!
[move_group-2] [WARN] [1789252162.783207513] [moveit.simple_controller_manager.follow_joint_trajectory_controller_handle]: Controller 'panda_arm_controller' failed with error GOAL_TOLERANCE_VIOLATED: final max joint error 2.7677 rad
[move_group-2] [WARN] [1789252162.783272825] [move_group.moveit.moveit.ros.trajectory_execution_manager]: Controller handle panda_arm_controller reports status ABORTED
[move_group-2] [INFO] [1789252162.783325817] [move_group.moveit.moveit.ros.trajectory_execution_manager]: Completed trajectory execution with status ABORTED ...
[move_group-2] [INFO] [1789252162.787642825] [move_group.moveit.moveit.ros.move_group.move_action]: CONTROL_FAILED
[move_group-2] [INFO] [1789252163.168591637] [move_group.moveit.moveit.ros.move_group.move_action]: MoveGroupMoveAction: Received request
[move_group-2] [INFO] [1789252163.168971062] [move_group.moveit.moveit.ros.move_group.move_action]: executing..
[move_group-2] [INFO] [1789252163.169190743] [move_group.moveit.moveit.ros.move_group.move_action]: Combined planning and execution request received for MoveGroup action. Forwarding to planning and execution pipeline.
[move_group-2] [WARN] [1789252163.169223159] [move_group.moveit.moveit.ros.move_group.capability]: Execution of motions should always start at the robot's current state. Ignoring the state supplied as start state in the motion planning request
[move_group-2] [WARN] [1789252163.169238039] [move_group.moveit.moveit.ros.move_group.capability]: Execution of motions should always start at the robot's current state. Ignoring the state supplied as difference in the planning scene diff
[move_group-2] [INFO] [1789252163.169251479] [move_group.moveit.moveit.ros.plan_execution]: Planning attempt 1 of at most 1
[move_group-2] [INFO] [1789252163.169554872] [move_group]: Calling PlanningRequestAdapter 'ResolveConstraintFrames'
[move_group-2] [INFO] [1789252163.169593976] [move_group]: Calling PlanningRequestAdapter 'ValidateWorkspaceBounds'
[move_group-2] [WARN] [1789252163.169604248] [move_group.moveit.moveit.ros.validate_workspace_bounds]: It looks like the planning volume was not specified. Using default values.
[move_group-2] [INFO] [1789252163.169626840] [move_group]: Calling PlanningRequestAdapter 'CheckStartStateBounds'
[move_group-2] [INFO] [1789252163.169651800] [move_group]: Calling PlanningRequestAdapter 'CheckStartStateCollision'
[move_group-2] [INFO] [1789252163.170099546] [move_group.moveit.moveit.planners.ompl.model_based_planning_context]: Planner configuration 'panda_arm' will use planner 'geometric::RRTConnect'. Additional configuration parameters will be set when the planner is constructed.
[move_group-2] [INFO] [1789252163.170193466] [move_group]: Calling Planner 'OMPL'
[move_group-2] [INFO] [1789252163.184522540] [move_group]: Calling PlanningResponseAdapter 'AddTimeOptimalParameterization'
[move_group-2] [INFO] [1789252163.188379642] [move_group]: Calling PlanningResponseAdapter 'ValidateSolution'
[move_group-2] [INFO] [1789252163.188875963] [move_group]: Calling PlanningResponseAdapter 'DisplayMotionPath'
[move_group-2] [WARN] [1789252163.188960604] [move_group.moveit.moveit.ros.planning_pipeline]: The planner plugin did not fill out the 'planner_id' field of the MotionPlanResponse. Setting it to the planner ID name of the MotionPlanRequest assuming that the planner plugin does warn you if it does not use the requested planner.
[move_group-2] [INFO] [1789252163.189121692] [move_group.moveit.moveit.plugins.simple_controller_manager]: Returned 1 controllers in list
[move_group-2] [INFO] [1789252163.189157532] [move_group.moveit.moveit.plugins.simple_controller_manager]: Returned 1 controllers in list
[move_group-2] [INFO] [1789252163.189227036] [move_group.moveit.moveit.ros.trajectory_execution_manager]: Validating trajectory with allowed_start_tolerance 0.05
[move_group-2] [INFO] [1789252163.189342973] [move_group.moveit.moveit.ros.trajectory_execution_manager]: Starting trajectory execution ...
[move_group-2] [INFO] [1789252163.189395261] [move_group.moveit.moveit.plugins.simple_controller_manager]: Returned 1 controllers in list
[move_group-2] [INFO] [1789252163.189414269] [move_group.moveit.moveit.plugins.simple_controller_manager]: Returned 1 controllers in list
[move_group-2] [INFO] [1789252163.189550782] [moveit.simple_controller_manager.follow_joint_trajectory_controller_handle]: sending trajectory to panda_arm_controller
[move_group-2] [INFO] [1789252163.192042118] [moveit.simple_controller_manager.follow_joint_trajectory_controller_handle]: panda_arm_controller started execution
[move_group-2] [INFO] [1789252163.192074502] [moveit.simple_controller_manager.follow_joint_trajectory_controller_handle]: Goal request accepted!
[move_group-2] [WARN] [1789252178.651323283] [moveit.simple_controller_manager.follow_joint_trajectory_controller_handle]: Controller 'panda_arm_controller' failed with error GOAL_TOLERANCE_VIOLATED: final max joint error 1.9548 rad
[move_group-2] [WARN] [1789252178.651387219] [move_group.moveit.moveit.ros.trajectory_execution_manager]: Controller handle panda_arm_controller reports status ABORTED
[move_group-2] [INFO] [1789252178.651442227] [move_group.moveit.moveit.ros.trajectory_execution_manager]: Completed trajectory execution with status ABORTED ...
[move_group-2] [INFO] [1789252178.659752784] [move_group.moveit.moveit.ros.move_group.move_action]: CONTROL_FAILED
[move_group-2] [INFO] [1789252178.667248426] [move_group.moveit.moveit.ros.move_group.move_action]: MoveGroupMoveAction: Received request
[move_group-2] [INFO] [1789252178.667664876] [move_group.moveit.moveit.ros.move_group.move_action]: executing..
[move_group-2] [INFO] [1789252178.667903693] [move_group.moveit.moveit.ros.move_group.move_action]: Combined planning and execution request received for MoveGroup action. Forwarding to planning and execution pipeline.
[move_group-2] [WARN] [1789252178.667940173] [move_group.moveit.moveit.ros.move_group.capability]: Execution of motions should always start at the robot's current state. Ignoring the state supplied as start state in the motion planning request
[move_group-2] [WARN] [1789252178.667958573] [move_group.moveit.moveit.ros.move_group.capability]: Execution of motions should always start at the robot's current state. Ignoring the state supplied as difference in the planning scene diff
[move_group-2] [INFO] [1789252178.667972397] [move_group.moveit.moveit.ros.plan_execution]: Planning attempt 1 of at most 1
[move_group-2] [INFO] [1789252178.668234958] [move_group]: Calling PlanningRequestAdapter 'ResolveConstraintFrames'
[move_group-2] [INFO] [1789252178.668276558] [move_group]: Calling PlanningRequestAdapter 'ValidateWorkspaceBounds'
[move_group-2] [WARN] [1789252178.668287470] [move_group.moveit.moveit.ros.validate_workspace_bounds]: It looks like the planning volume was not specified. Using default values.
[move_group-2] [INFO] [1789252178.668309678] [move_group]: Calling PlanningRequestAdapter 'CheckStartStateBounds'
[move_group-2] [INFO] [1789252178.668334446] [move_group]: Calling PlanningRequestAdapter 'CheckStartStateCollision'
[move_group-2] [ERROR] [1789252178.668459535] [move_group]: PlanningRequestAdapter 'CheckStartStateCollision' failed, because '3 contact(s) detected : mw_door - panda_hand, mw_door - panda_rightfinger, mw_top - panda_hand, '. Aborting planning pipeline.
[move_group-2] [INFO] [1789252178.668552143] [move_group.moveit.moveit.ros.move_group.move_action]: START_STATE_IN_COLLISION
[move_group-2] [INFO] [1789252224.687330378] [move_group.moveit.moveit.ros.move_group.move_action]: MoveGroupMoveAction: Received request
[move_group-2] [INFO] [1789252224.687661644] [move_group.moveit.moveit.ros.move_group.move_action]: executing..
[move_group-2] [INFO] [1789252224.687928268] [move_group.moveit.moveit.ros.move_group.move_action]: Combined planning and execution request received for MoveGroup action. Forwarding to planning and execution pipeline.
[move_group-2] [WARN] [1789252224.687960205] [move_group.moveit.moveit.ros.move_group.capability]: Execution of motions should always start at the robot's current state. Ignoring the state supplied as start state in the motion planning request
[move_group-2] [WARN] [1789252224.687973037] [move_group.moveit.moveit.ros.move_group.capability]: Execution of motions should always start at the robot's current state. Ignoring the state supplied as difference in the planning scene diff
[move_group-2] [INFO] [1789252224.687985421] [move_group.moveit.moveit.ros.plan_execution]: Planning attempt 1 of at most 1
[move_group-2] [INFO] [1789252224.688208589] [move_group]: Calling PlanningRequestAdapter 'ResolveConstraintFrames'
[move_group-2] [INFO] [1789252224.688249646] [move_group]: Calling PlanningRequestAdapter 'ValidateWorkspaceBounds'
[move_group-2] [WARN] [1789252224.688258126] [move_group.moveit.moveit.ros.validate_workspace_bounds]: It looks like the planning volume was not specified. Using default values.
[move_group-2] [INFO] [1789252224.688280558] [move_group]: Calling PlanningRequestAdapter 'CheckStartStateBounds'
[move_group-2] [INFO] [1789252224.688306734] [move_group]: Calling PlanningRequestAdapter 'CheckStartStateCollision'
[move_group-2] [INFO] [1789252224.688738511] [move_group.moveit.moveit.planners.ompl.model_based_planning_context]: Planner configuration 'panda_arm' will use planner 'geometric::RRTConnect'. Additional configuration parameters will be set when the planner is constructed.
[move_group-2] [INFO] [1789252224.688831696] [move_group]: Calling Planner 'OMPL'
[move_group-2] [INFO] [1789252224.703952613] [move_group]: Calling PlanningResponseAdapter 'AddTimeOptimalParameterization'
[move_group-2] [INFO] [1789252224.712197954] [move_group]: Calling PlanningResponseAdapter 'ValidateSolution'
[move_group-2] [INFO] [1789252224.712723332] [move_group]: Calling PlanningResponseAdapter 'DisplayMotionPath'
[move_group-2] [WARN] [1789252224.712825669] [move_group.moveit.moveit.ros.planning_pipeline]: The planner plugin did not fill out the 'planner_id' field of the MotionPlanResponse. Setting it to the planner ID name of the MotionPlanRequest assuming that the planner plugin does warn you if it does not use the requested planner.
[move_group-2] [INFO] [1789252224.713005893] [move_group.moveit.moveit.plugins.simple_controller_manager]: Returned 1 controllers in list
[move_group-2] [INFO] [1789252224.713038725] [move_group.moveit.moveit.plugins.simple_controller_manager]: Returned 1 controllers in list
[move_group-2] [INFO] [1789252224.713125158] [move_group.moveit.moveit.ros.trajectory_execution_manager]: Validating trajectory with allowed_start_tolerance 0.05
[move_group-2] [INFO] [1789252224.713233638] [move_group.moveit.moveit.ros.trajectory_execution_manager]: Starting trajectory execution ...
[move_group-2] [INFO] [1789252224.713292102] [move_group.moveit.moveit.plugins.simple_controller_manager]: Returned 1 controllers in list
[move_group-2] [INFO] [1789252224.713311398] [move_group.moveit.moveit.plugins.simple_controller_manager]: Returned 1 controllers in list
[move_group-2] [INFO] [1789252224.713434791] [moveit.simple_controller_manager.follow_joint_trajectory_controller_handle]: sending trajectory to panda_arm_controller
[move_group-2] [INFO] [1789252224.716688434] [moveit.simple_controller_manager.follow_joint_trajectory_controller_handle]: panda_arm_controller started execution
[move_group-2] [INFO] [1789252224.716714002] [moveit.simple_controller_manager.follow_joint_trajectory_controller_handle]: Goal request accepted!
[move_group-2] [WARN] [1789252244.694859421] [moveit.simple_controller_manager.follow_joint_trajectory_controller_handle]: Controller 'panda_arm_controller' failed with error GOAL_TOLERANCE_VIOLATED: final max joint error 2.9170 rad
[move_group-2] [WARN] [1789252244.694949725] [move_group.moveit.moveit.ros.trajectory_execution_manager]: Controller handle panda_arm_controller reports status ABORTED
[move_group-2] [INFO] [1789252244.695081149] [move_group.moveit.moveit.ros.trajectory_execution_manager]: Completed trajectory execution with status ABORTED ...
[move_group-2] [INFO] [1789252244.703677276] [move_group.moveit.moveit.ros.move_group.move_action]: CONTROL_FAILED
[move_group-2] [INFO] [1789252245.167789349] [move_group.moveit.moveit.ros.move_group.move_action]: MoveGroupMoveAction: Received request
[move_group-2] [INFO] [1789252245.168345031] [move_group.moveit.moveit.ros.move_group.move_action]: executing..
[move_group-2] [INFO] [1789252245.168572328] [move_group.moveit.moveit.ros.move_group.move_action]: Combined planning and execution request received for MoveGroup action. Forwarding to planning and execution pipeline.
[move_group-2] [WARN] [1789252245.168612712] [move_group.moveit.moveit.ros.move_group.capability]: Execution of motions should always start at the robot's current state. Ignoring the state supplied as start state in the motion planning request
[move_group-2] [WARN] [1789252245.168632552] [move_group.moveit.moveit.ros.move_group.capability]: Execution of motions should always start at the robot's current state. Ignoring the state supplied as difference in the planning scene diff
[move_group-2] [INFO] [1789252245.168650312] [move_group.moveit.moveit.ros.plan_execution]: Planning attempt 1 of at most 1
[move_group-2] [INFO] [1789252245.169100713] [move_group]: Calling PlanningRequestAdapter 'ResolveConstraintFrames'
[move_group-2] [INFO] [1789252245.169150538] [move_group]: Calling PlanningRequestAdapter 'ValidateWorkspaceBounds'
[move_group-2] [WARN] [1789252245.169160714] [move_group.moveit.moveit.ros.validate_workspace_bounds]: It looks like the planning volume was not specified. Using default values.
[move_group-2] [INFO] [1789252245.169182506] [move_group]: Calling PlanningRequestAdapter 'CheckStartStateBounds'
[move_group-2] [INFO] [1789252245.169210634] [move_group]: Calling PlanningRequestAdapter 'CheckStartStateCollision'
[move_group-2] [INFO] [1789252245.169694732] [move_group.moveit.moveit.planners.ompl.model_based_planning_context]: Planner configuration 'panda_arm' will use planner 'geometric::RRTConnect'. Additional configuration parameters will be set when the planner is constructed.
[move_group-2] [INFO] [1789252245.169775084] [move_group]: Calling Planner 'OMPL'
[move_group-2] [INFO] [1789252245.184840449] [move_group]: Calling PlanningResponseAdapter 'AddTimeOptimalParameterization'
[move_group-2] [INFO] [1789252245.188772879] [move_group]: Calling PlanningResponseAdapter 'ValidateSolution'
[move_group-2] [INFO] [1789252245.189161936] [move_group]: Calling PlanningResponseAdapter 'DisplayMotionPath'
[move_group-2] [WARN] [1789252245.189245809] [move_group.moveit.moveit.ros.planning_pipeline]: The planner plugin did not fill out the 'planner_id' field of the MotionPlanResponse. Setting it to the planner ID name of the MotionPlanRequest assuming that the planner plugin does warn you if it does not use the requested planner.
[move_group-2] [INFO] [1789252245.189408529] [move_group.moveit.moveit.plugins.simple_controller_manager]: Returned 1 controllers in list
[move_group-2] [INFO] [1789252245.189443633] [move_group.moveit.moveit.plugins.simple_controller_manager]: Returned 1 controllers in list
[move_group-2] [INFO] [1789252245.189516434] [move_group.moveit.moveit.ros.trajectory_execution_manager]: Validating trajectory with allowed_start_tolerance 0.05
[move_group-2] [INFO] [1789252245.189609970] [move_group.moveit.moveit.ros.trajectory_execution_manager]: Starting trajectory execution ...
[move_group-2] [INFO] [1789252245.189658802] [move_group.moveit.moveit.plugins.simple_controller_manager]: Returned 1 controllers in list
[move_group-2] [INFO] [1789252245.189678034] [move_group.moveit.moveit.plugins.simple_controller_manager]: Returned 1 controllers in list
[move_group-2] [INFO] [1789252245.189875411] [moveit.simple_controller_manager.follow_joint_trajectory_controller_handle]: sending trajectory to panda_arm_controller
[move_group-2] [INFO] [1789252245.192378172] [moveit.simple_controller_manager.follow_joint_trajectory_controller_handle]: panda_arm_controller started execution
[move_group-2] [INFO] [1789252245.192427068] [moveit.simple_controller_manager.follow_joint_trajectory_controller_handle]: Goal request accepted!
[move_group-2] [WARN] [1789252259.518468631] [moveit.simple_controller_manager.follow_joint_trajectory_controller_handle]: Controller 'panda_arm_controller' failed with error GOAL_TOLERANCE_VIOLATED: final max joint error 1.9825 rad
[move_group-2] [WARN] [1789252259.518529879] [move_group.moveit.moveit.ros.trajectory_execution_manager]: Controller handle panda_arm_controller reports status ABORTED
[move_group-2] [INFO] [1789252259.518585111] [move_group.moveit.moveit.ros.trajectory_execution_manager]: Completed trajectory execution with status ABORTED ...
[move_group-2] [INFO] [1789252259.519884924] [move_group.moveit.moveit.ros.move_group.move_action]: CONTROL_FAILED
[move_group-2] [INFO] [1789252259.666836291] [move_group.moveit.moveit.ros.move_group.move_action]: MoveGroupMoveAction: Received request
[move_group-2] [INFO] [1789252259.667148357] [move_group.moveit.moveit.ros.move_group.move_action]: executing..
[move_group-2] [INFO] [1789252259.667334533] [move_group.moveit.moveit.ros.move_group.move_action]: Combined planning and execution request received for MoveGroup action. Forwarding to planning and execution pipeline.
[move_group-2] [WARN] [1789252259.667368005] [move_group.moveit.moveit.ros.move_group.capability]: Execution of motions should always start at the robot's current state. Ignoring the state supplied as start state in the motion planning request
[move_group-2] [WARN] [1789252259.667385445] [move_group.moveit.moveit.ros.move_group.capability]: Execution of motions should always start at the robot's current state. Ignoring the state supplied as difference in the planning scene diff
[move_group-2] [INFO] [1789252259.667399077] [move_group.moveit.moveit.ros.plan_execution]: Planning attempt 1 of at most 1
[move_group-2] [INFO] [1789252259.667629894] [move_group]: Calling PlanningRequestAdapter 'ResolveConstraintFrames'
[move_group-2] [INFO] [1789252259.667671718] [move_group]: Calling PlanningRequestAdapter 'ValidateWorkspaceBounds'
[move_group-2] [WARN] [1789252259.667682758] [move_group.moveit.moveit.ros.validate_workspace_bounds]: It looks like the planning volume was not specified. Using default values.
[move_group-2] [INFO] [1789252259.667704583] [move_group]: Calling PlanningRequestAdapter 'CheckStartStateBounds'
[move_group-2] [INFO] [1789252259.667729863] [move_group]: Calling PlanningRequestAdapter 'CheckStartStateCollision'
[move_group-2] [INFO] [1789252259.668170088] [move_group.moveit.moveit.planners.ompl.model_based_planning_context]: Planner configuration 'panda_arm' will use planner 'geometric::RRTConnect'. Additional configuration parameters will be set when the planner is constructed.
[move_group-2] [INFO] [1789252259.668264937] [move_group]: Calling Planner 'OMPL'
[move_group-2] [INFO] [1789252259.681299063] [move_group]: Calling PlanningResponseAdapter 'AddTimeOptimalParameterization'
[move_group-2] [INFO] [1789252259.683341470] [move_group]: Calling PlanningResponseAdapter 'ValidateSolution'
[move_group-2] [INFO] [1789252259.683640639] [move_group]: Calling PlanningResponseAdapter 'DisplayMotionPath'
[move_group-2] [WARN] [1789252259.683715775] [move_group.moveit.moveit.ros.planning_pipeline]: The planner plugin did not fill out the 'planner_id' field of the MotionPlanResponse. Setting it to the planner ID name of the MotionPlanRequest assuming that the planner plugin does warn you if it does not use the requested planner.
[move_group-2] [INFO] [1789252259.683838976] [move_group.moveit.moveit.plugins.simple_controller_manager]: Returned 1 controllers in list
[move_group-2] [INFO] [1789252259.683870464] [move_group.moveit.moveit.plugins.simple_controller_manager]: Returned 1 controllers in list
[move_group-2] [INFO] [1789252259.683929536] [move_group.moveit.moveit.ros.trajectory_execution_manager]: Validating trajectory with allowed_start_tolerance 0.05
[move_group-2] [INFO] [1789252259.684017952] [move_group.moveit.moveit.ros.trajectory_execution_manager]: Starting trajectory execution ...
[move_group-2] [INFO] [1789252259.684071808] [move_group.moveit.moveit.plugins.simple_controller_manager]: Returned 1 controllers in list
[move_group-2] [INFO] [1789252259.684090112] [move_group.moveit.moveit.plugins.simple_controller_manager]: Returned 1 controllers in list
[move_group-2] [INFO] [1789252259.684213153] [moveit.simple_controller_manager.follow_joint_trajectory_controller_handle]: sending trajectory to panda_arm_controller
[move_group-2] [INFO] [1789252259.686309832] [moveit.simple_controller_manager.follow_joint_trajectory_controller_handle]: panda_arm_controller started execution
[move_group-2] [INFO] [1789252259.686329800] [moveit.simple_controller_manager.follow_joint_trajectory_controller_handle]: Goal request accepted!
[move_group-2] [WARN] [1789252271.078075837] [moveit.simple_controller_manager.follow_joint_trajectory_controller_handle]: Controller 'panda_arm_controller' failed with error GOAL_TOLERANCE_VIOLATED: final max joint error 1.2525 rad
[move_group-2] [WARN] [1789252271.078165021] [move_group.moveit.moveit.ros.trajectory_execution_manager]: Controller handle panda_arm_controller reports status ABORTED
[move_group-2] [INFO] [1789252271.078263454] [move_group.moveit.moveit.ros.trajectory_execution_manager]: Completed trajectory execution with status ABORTED ...
[move_group-2] [INFO] [1789252271.084400115] [move_group.moveit.moveit.ros.move_group.move_action]: CONTROL_FAILED
[move_group-2] [INFO] [1789252309.179144240] [move_group.moveit.moveit.ros.move_group.move_action]: MoveGroupMoveAction: Received request
[move_group-2] [INFO] [1789252309.179610738] [move_group.moveit.moveit.ros.move_group.move_action]: executing..
[move_group-2] [INFO] [1789252309.179844947] [move_group.moveit.moveit.ros.move_group.move_action]: Planning request received for MoveGroup action. Forwarding to planning pipeline.
[move_group-2] [INFO] [1789252309.180065044] [move_group]: Calling PlanningRequestAdapter 'ResolveConstraintFrames'
[move_group-2] [INFO] [1789252309.180108020] [move_group]: Calling PlanningRequestAdapter 'ValidateWorkspaceBounds'
[move_group-2] [WARN] [1789252309.180118996] [move_group.moveit.moveit.ros.validate_workspace_bounds]: It looks like the planning volume was not specified. Using default values.
[move_group-2] [INFO] [1789252309.180141012] [move_group]: Calling PlanningRequestAdapter 'CheckStartStateBounds'
[move_group-2] [ERROR] [1789252309.180165620] [move_group.moveit.moveit.core.conversions]: Found empty JointState message
[move_group-2] [INFO] [1789252309.180241140] [move_group]: Calling PlanningRequestAdapter 'CheckStartStateCollision'
[move_group-2] [ERROR] [1789252309.180258580] [move_group.moveit.moveit.core.conversions]: Found empty JointState message
[move_group-2] [ERROR] [1789252309.180444117] [move_group.moveit.moveit.core.conversions]: Found empty JointState message
[move_group-2] [INFO] [1789252309.180721430] [move_group.moveit.moveit.planners.ompl.model_based_planning_context]: Planner configuration 'panda_arm' will use planner 'geometric::RRTConnect'. Additional configuration parameters will be set when the planner is constructed.
[move_group-2] [INFO] [1789252309.180815638] [move_group]: Calling Planner 'OMPL'
[move_group-2] [INFO] [1789252309.194044709] [move_group]: Calling PlanningResponseAdapter 'AddTimeOptimalParameterization'
[move_group-2] [INFO] [1789252309.195289417] [move_group]: Calling PlanningResponseAdapter 'ValidateSolution'
[move_group-2] [INFO] [1789252309.195525738] [move_group]: Calling PlanningResponseAdapter 'DisplayMotionPath'
[move_group-2] [WARN] [1789252309.195594602] [move_group.moveit.moveit.ros.planning_pipeline]: The planner plugin did not fill out the 'planner_id' field of the MotionPlanResponse. Setting it to the planner ID name of the MotionPlanRequest assuming that the planner plugin does warn you if it does not use the requested planner.
[move_group-2] [INFO] [1789252309.195650091] [move_group.moveit.moveit.ros.move_group.move_action]: Motion plan was computed successfully.
[move_group-2] [INFO] [1789252325.667842506] [move_group.moveit.moveit.ros.move_group.move_action]: MoveGroupMoveAction: Received request
[move_group-2] [INFO] [1789252325.668447468] [move_group.moveit.moveit.ros.move_group.move_action]: executing..
[move_group-2] [INFO] [1789252325.668717325] [move_group.moveit.moveit.ros.move_group.move_action]: Planning request received for MoveGroup action. Forwarding to planning pipeline.
[move_group-2] [INFO] [1789252325.669250702] [move_group]: Calling PlanningRequestAdapter 'ResolveConstraintFrames'
[move_group-2] [INFO] [1789252325.669297327] [move_group]: Calling PlanningRequestAdapter 'ValidateWorkspaceBounds'
[move_group-2] [WARN] [1789252325.669307279] [move_group.moveit.moveit.ros.validate_workspace_bounds]: It looks like the planning volume was not specified. Using default values.
[move_group-2] [INFO] [1789252325.669329839] [move_group]: Calling PlanningRequestAdapter 'CheckStartStateBounds'
[move_group-2] [ERROR] [1789252325.669350767] [move_group.moveit.moveit.core.conversions]: Found empty JointState message
[move_group-2] [INFO] [1789252325.669409583] [move_group]: Calling PlanningRequestAdapter 'CheckStartStateCollision'
[move_group-2] [ERROR] [1789252325.669424591] [move_group.moveit.moveit.core.conversions]: Found empty JointState message
[move_group-2] [ERROR] [1789252325.669676304] [move_group.moveit.moveit.core.conversions]: Found empty JointState message
[move_group-2] [INFO] [1789252325.670010417] [move_group.moveit.moveit.planners.ompl.model_based_planning_context]: Planner configuration 'panda_arm' will use planner 'geometric::RRTConnect'. Additional configuration parameters will be set when the planner is constructed.
[move_group-2] [INFO] [1789252325.670100913] [move_group]: Calling Planner 'OMPL'
[move_group-2] [INFO] [1789252325.683243040] [move_group]: Calling PlanningResponseAdapter 'AddTimeOptimalParameterization'
[move_group-2] [INFO] [1789252325.683740578] [move_group]: Calling PlanningResponseAdapter 'ValidateSolution'
[move_group-2] [INFO] [1789252325.683895234] [move_group]: Calling PlanningResponseAdapter 'DisplayMotionPath'
[move_group-2] [WARN] [1789252325.683948962] [move_group.moveit.moveit.ros.planning_pipeline]: The planner plugin did not fill out the 'planner_id' field of the MotionPlanResponse. Setting it to the planner ID name of the MotionPlanRequest assuming that the planner plugin does warn you if it does not use the requested planner.
[move_group-2] [INFO] [1789252325.684001699] [move_group.moveit.moveit.ros.move_group.move_action]: Motion plan was computed successfully.
[move_group-2] [WARN] [1789254946.159356599] [move_group.rclcpp]: failed to send response to /compute_ik (timeout): client will not receive response, at ./src/rmw_response.cpp:153, at ./src/rcl/service.c:400
[move_group-2] [WARN] [1789254947.263024660] [move_group.rclcpp]: failed to send response to /compute_ik (timeout): client will not receive response, at ./src/rmw_response.cpp:153, at ./src/rcl/service.c:400
[move_group-2] [WARN] [1789254948.363466695] [move_group.rclcpp]: failed to send response to /compute_ik (timeout): client will not receive response, at ./src/rmw_response.cpp:153, at ./src/rcl/service.c:400
[move_group-2] [WARN] [1789254949.464385787] [move_group.rclcpp]: failed to send response to /compute_ik (timeout): client will not receive response, at ./src/rmw_response.cpp:153, at ./src/rcl/service.c:400
[move_group-2] [WARN] [1789254950.565018574] [move_group.rclcpp]: failed to send response to /compute_ik (timeout): client will not receive response, at ./src/rmw_response.cpp:153, at ./src/rcl/service.c:400
[move_group-2] [WARN] [1789254951.668582571] [move_group.rclcpp]: failed to send response to /compute_ik (timeout): client will not receive response, at ./src/rmw_response.cpp:153, at ./src/rcl/service.c:400
[move_group-2] [WARN] [1789254952.769038718] [move_group.rclcpp]: failed to send response to /compute_ik (timeout): client will not receive response, at ./src/rmw_response.cpp:153, at ./src/rcl/service.c:400
[move_group-2] [WARN] [1789254953.871388023] [move_group.rclcpp]: failed to send response to /compute_ik (timeout): client will not receive response, at ./src/rmw_response.cpp:153, at ./src/rcl/service.c:400
[move_group-2] [WARN] [1789254954.972079818] [move_group.rclcpp]: failed to send response to /compute_ik (timeout): client will not receive response, at ./src/rmw_response.cpp:153, at ./src/rcl/service.c:400
[move_group-2] [INFO] [1789255137.180116254] [move_group.moveit.moveit.ros.move_group.move_action]: MoveGroupMoveAction: Received request
[move_group-2] [INFO] [1789255137.180546943] [move_group.moveit.moveit.ros.move_group.move_action]: executing..
[move_group-2] [INFO] [1789255137.180842208] [move_group.moveit.moveit.ros.move_group.move_action]: Planning request received for MoveGroup action. Forwarding to planning pipeline.
[move_group-2] [INFO] [1789255137.181073857] [move_group]: Calling PlanningRequestAdapter 'ResolveConstraintFrames'
[move_group-2] [INFO] [1789255137.181115713] [move_group]: Calling PlanningRequestAdapter 'ValidateWorkspaceBounds'
[move_group-2] [WARN] [1789255137.181125377] [move_group.moveit.moveit.ros.validate_workspace_bounds]: It looks like the planning volume was not specified. Using default values.
[move_group-2] [INFO] [1789255137.181149025] [move_group]: Calling PlanningRequestAdapter 'CheckStartStateBounds'
[move_group-2] [ERROR] [1789255137.181167234] [move_group.moveit.moveit.core.conversions]: Found empty JointState message
[move_group-2] [INFO] [1789255137.181229538] [move_group]: Calling PlanningRequestAdapter 'CheckStartStateCollision'
[move_group-2] [ERROR] [1789255137.181243842] [move_group.moveit.moveit.core.conversions]: Found empty JointState message
[move_group-2] [ERROR] [1789255137.181450435] [move_group.moveit.moveit.core.conversions]: Found empty JointState message
[move_group-2] [INFO] [1789255137.181747492] [move_group.moveit.moveit.planners.ompl.model_based_planning_context]: Planner configuration 'panda_arm' will use planner 'geometric::RRTConnect'. Additional configuration parameters will be set when the planner is constructed.
[move_group-2] [INFO] [1789255137.181825700] [move_group]: Calling Planner 'OMPL'
[move_group-2] [INFO] [1789255137.196905656] [move_group]: Calling PlanningResponseAdapter 'AddTimeOptimalParameterization'
[move_group-2] [INFO] [1789255137.202302538] [move_group]: Calling PlanningResponseAdapter 'ValidateSolution'
[move_group-2] [INFO] [1789255137.202777164] [move_group]: Calling PlanningResponseAdapter 'DisplayMotionPath'
[move_group-2] [WARN] [1789255137.202860044] [move_group.moveit.moveit.ros.planning_pipeline]: The planner plugin did not fill out the 'planner_id' field of the MotionPlanResponse. Setting it to the planner ID name of the MotionPlanRequest assuming that the planner plugin does warn you if it does not use the requested planner.
[move_group-2] [INFO] [1789255137.202925549] [move_group.moveit.moveit.ros.move_group.move_action]: Motion plan was computed successfully.
[move_group-2] [INFO] [1789255166.667798667] [move_group.moveit.moveit.ros.move_group.move_action]: MoveGroupMoveAction: Received request
[move_group-2] [INFO] [1789255166.668381805] [move_group.moveit.moveit.ros.move_group.move_action]: executing..
[move_group-2] [INFO] [1789255166.668691822] [move_group.moveit.moveit.ros.move_group.move_action]: Planning request received for MoveGroup action. Forwarding to planning pipeline.
[move_group-2] [INFO] [1789255166.669047791] [move_group]: Calling PlanningRequestAdapter 'ResolveConstraintFrames'
[move_group-2] [INFO] [1789255166.669102607] [move_group]: Calling PlanningRequestAdapter 'ValidateWorkspaceBounds'
[move_group-2] [WARN] [1789255166.669113039] [move_group.moveit.moveit.ros.validate_workspace_bounds]: It looks like the planning volume was not specified. Using default values.
[move_group-2] [INFO] [1789255166.669136624] [move_group]: Calling PlanningRequestAdapter 'CheckStartStateBounds'
[move_group-2] [ERROR] [1789255166.669157232] [move_group.moveit.moveit.core.conversions]: Found empty JointState message
[move_group-2] [INFO] [1789255166.669215120] [move_group]: Calling PlanningRequestAdapter 'CheckStartStateCollision'
[move_group-2] [ERROR] [1789255166.669229872] [move_group.moveit.moveit.core.conversions]: Found empty JointState message
[move_group-2] [ERROR] [1789255166.669465617] [move_group.moveit.moveit.core.conversions]: Found empty JointState message
[move_group-2] [INFO] [1789255166.669796818] [move_group.moveit.moveit.planners.ompl.model_based_planning_context]: Planner configuration 'panda_arm' will use planner 'geometric::RRTConnect'. Additional configuration parameters will be set when the planner is constructed.
[move_group-2] [INFO] [1789255166.669881106] [move_group]: Calling Planner 'OMPL'
[move_group-2] [INFO] [1789255166.684360900] [move_group]: Calling PlanningResponseAdapter 'AddTimeOptimalParameterization'
[move_group-2] [INFO] [1789255166.685637384] [move_group]: Calling PlanningResponseAdapter 'ValidateSolution'
[move_group-2] [INFO] [1789255166.685947402] [move_group]: Calling PlanningResponseAdapter 'DisplayMotionPath'
[move_group-2] [WARN] [1789255166.686011946] [move_group.moveit.moveit.ros.planning_pipeline]: The planner plugin did not fill out the 'planner_id' field of the MotionPlanResponse. Setting it to the planner ID name of the MotionPlanRequest assuming that the planner plugin does warn you if it does not use the requested planner.
[move_group-2] [INFO] [1789255166.686081802] [move_group.moveit.moveit.ros.move_group.move_action]: Motion plan was computed successfully.
[move_group-2] [WARN] [1789256212.796274359] [move_group.rclcpp]: failed to send response to /compute_ik (timeout): client will not receive response, at ./src/rmw_response.cpp:153, at ./src/rcl/service.c:400
[move_group-2] [WARN] [1789256213.897113400] [move_group.rclcpp]: failed to send response to /compute_ik (timeout): client will not receive response, at ./src/rmw_response.cpp:153, at ./src/rcl/service.c:400
[move_group-2] [WARN] [1789256214.997848217] [move_group.rclcpp]: failed to send response to /compute_ik (timeout): client will not receive response, at ./src/rmw_response.cpp:153, at ./src/rcl/service.c:400
[move_group-2] [WARN] [1789256216.098918876] [move_group.rclcpp]: failed to send response to /compute_ik (timeout): client will not receive response, at ./src/rmw_response.cpp:153, at ./src/rcl/service.c:400
[move_group-2] [WARN] [1789256217.199495292] [move_group.rclcpp]: failed to send response to /compute_ik (timeout): client will not receive response, at ./src/rmw_response.cpp:153, at ./src/rcl/service.c:400
[move_group-2] [WARN] [1789256218.300313022] [move_group.rclcpp]: failed to send response to /compute_ik (timeout): client will not receive response, at ./src/rmw_response.cpp:153, at ./src/rcl/service.c:400
[move_group-2] [WARN] [1789256219.400878078] [move_group.rclcpp]: failed to send response to /compute_ik (timeout): client will not receive response, at ./src/rmw_response.cpp:153, at ./src/rcl/service.c:400
[move_group-2] [WARN] [1789256220.501626624] [move_group.rclcpp]: failed to send response to /compute_ik (timeout): client will not receive response, at ./src/rmw_response.cpp:153, at ./src/rcl/service.c:400
[move_group-2] [WARN] [1789256221.602082464] [move_group.rclcpp]: failed to send response to /compute_ik (timeout): client will not receive response, at ./src/rmw_response.cpp:153, at ./src/rcl/service.c:400
