[robosuite WARNING] No private macro file found! (__init__.py:7)
[robosuite WARNING] It is recommended to use a private macro file (__init__.py:8)
[robosuite WARNING] To setup, run: python /storage/home/yehe8/.openrua/simulators/cap-x/capx/third_party/libero_dependencies/robosuite/robosuite/scripts/setup_macros.py (__init__.py:9)
Gym has been unmaintained since 2022 and does not support NumPy 2.0 amongst other critical functionality.
Please upgrade to Gymnasium, the maintained drop-in replacement of Gym, or contact the authors of your software and request that they upgrade.
See the migration guide at https://gymnasium.farama.org/introduction/migration_guide/ for additional information.
[info] Using default task order for benchmark 'libero_10_task' (10 tasks).
[Warning]: datasets path /storage/home/yehe8/.openrua/simulators/cap-x/capx/third_party/LIBERO-PRO/libero/datasets does not exist!
[Warning]: datasets path /storage/home/yehe8/.openrua/simulators/cap-x/capx/third_party/LIBERO-PRO/libero/datasets does not exist!
robot ready
[Warning]: datasets path /storage/home/yehe8/.openrua/simulators/cap-x/capx/third_party/LIBERO-PRO/libero/datasets does not exist!
[fjt] names=['panda_joint1', 'panda_joint2', 'panda_joint3', 'panda_joint4', 'panda_joint5', 'panda_joint6', 'panda_joint7'] pts=1
[fjt] times[0..2]=[0. 4.] times[-3:]=[0. 4.]
[fjt] goal=[ 0.128  0.508 -0.053 -1.561  0.03   2.068 -1.504]
[fjt] final=[ 0.127  0.507 -0.053 -1.682  0.029  2.069  0.077]
[fjt] err=[-1.000e-03 -1.000e-03  0.000e+00 -1.210e-01 -1.000e-03  1.000e-03
  1.581e+00]
[fjt] names=['panda_joint1', 'panda_joint2', 'panda_joint3', 'panda_joint4', 'panda_joint5', 'panda_joint6', 'panda_joint7'] pts=1
[fjt] times[0..2]=[0. 4.] times[-3:]=[0. 4.]
[fjt] goal=[-0.078  0.515  0.198 -1.56  -0.111  2.064 -1.423]
[fjt] final=[-0.078  0.515  0.197 -1.561 -0.108  2.066 -0.638]
[fjt] err=[ 0.    -0.001 -0.001 -0.001  0.002  0.002  0.786]
[fjt] names=['panda_joint1', 'panda_joint2', 'panda_joint3', 'panda_joint4', 'panda_joint5', 'panda_joint6', 'panda_joint7'] pts=1
[fjt] times[0..2]=[0. 4.] times[-3:]=[0. 4.]
[fjt] goal=[-0.078  0.515  0.198 -1.56  -0.111  2.064 -1.423]
[fjt] final=[-0.078  0.515  0.197 -1.561 -0.109  2.066 -1.345]
[fjt] err=[ 0.    -0.001 -0.001 -0.001  0.002  0.002  0.078]
[fjt] names=['panda_joint1', 'panda_joint2', 'panda_joint3', 'panda_joint4', 'panda_joint5', 'panda_joint6', 'panda_joint7'] pts=1
[fjt] times[0..2]=[0. 4.] times[-3:]=[0. 4.]
[fjt] goal=[-0.078  0.515  0.198 -1.56  -0.111  2.064 -1.423]
[fjt] final=[-0.078  0.515  0.198 -1.561 -0.109  2.066 -1.421]
[fjt] err=[ 0.    -0.001 -0.001 -0.001  0.001  0.002  0.002]
[fjt] names=['panda_joint1', 'panda_joint2', 'panda_joint3', 'panda_joint4', 'panda_joint5', 'panda_joint6', 'panda_joint7'] pts=1
[fjt] times[0..2]=[0. 3.] times[-3:]=[0. 3.]
[fjt] goal=[ 0.022  0.508  0.076 -1.561 -0.042  2.068 -0.677]
[fjt] final=[ 0.021  0.509  0.077 -1.561 -0.044  2.066 -0.86 ]
[fjt] err=[-0.     0.     0.001 -0.    -0.002 -0.002 -0.183]
[fjt] names=['panda_joint1', 'panda_joint2', 'panda_joint3', 'panda_joint4', 'panda_joint5', 'panda_joint6', 'panda_joint7'] pts=1
[fjt] times[0..2]=[0. 3.] times[-3:]=[0. 3.]
[fjt] goal=[ 0.022  0.508  0.076 -1.561 -0.042  2.068 -0.677]
[fjt] final=[ 0.021  0.509  0.077 -1.561 -0.043  2.066 -0.679]
[fjt] err=[-0.     0.     0.001 -0.    -0.001 -0.001 -0.002]
[fjt] names=['panda_joint1', 'panda_joint2', 'panda_joint3', 'panda_joint4', 'panda_joint5', 'panda_joint6', 'panda_joint7'] pts=1
[fjt] times[0..2]=[0. 2.] times[-3:]=[0. 2.]
[fjt] goal=[ 0.028  0.658  0.069 -1.643 -0.056  2.299 -0.665]
[fjt] final=[ 0.028  0.658  0.069 -1.642 -0.055  2.297 -0.667]
[fjt] err=[-0.    -0.     0.001  0.001  0.001 -0.002 -0.002]
[fjt] names=['panda_joint1', 'panda_joint2', 'panda_joint3', 'panda_joint4', 'panda_joint5', 'panda_joint6', 'panda_joint7'] pts=1
[fjt] times[0..2]=[0. 2.] times[-3:]=[0. 2.]
[fjt] goal=[ 0.034  0.794  0.061 -1.622 -0.065  2.415 -0.66 ]
[fjt] final=[ 0.034  0.695  0.065 -1.61  -0.062  2.339 -0.662]
[fjt] err=[-0.001 -0.099  0.004  0.012  0.003 -0.076 -0.002]
[fjt] names=['panda_joint1', 'panda_joint2', 'panda_joint3', 'panda_joint4', 'panda_joint5', 'panda_joint6', 'panda_joint7'] pts=1
[fjt] times[0..2]=[0. 2.] times[-3:]=[0. 2.]
[fjt] goal=[ 0.034  0.794  0.061 -1.622 -0.065  2.415 -0.66 ]
[fjt] final=[ 0.034  0.715  0.063 -1.597 -0.063  2.386 -0.662]
[fjt] err=[-0.001 -0.079  0.002  0.026  0.002 -0.029 -0.002]
[fjt] names=['panda_joint1', 'panda_joint2', 'panda_joint3', 'panda_joint4', 'panda_joint5', 'panda_joint6', 'panda_joint7'] pts=1
[fjt] times[0..2]=[0. 2.] times[-3:]=[0. 2.]
[fjt] goal=[ 0.034  0.794  0.061 -1.622 -0.065  2.415 -0.66 ]
[fjt] final=[ 0.034  0.73   0.062 -1.582 -0.064  2.406 -0.662]
[fjt] err=[-0.001 -0.064  0.001  0.04   0.001 -0.009 -0.002]
[fjt] names=['panda_joint1', 'panda_joint2', 'panda_joint3', 'panda_joint4', 'panda_joint5', 'panda_joint6', 'panda_joint7'] pts=1
[fjt] times[0..2]=[0. 2.] times[-3:]=[0. 2.]
[fjt] goal=[ 0.034  0.794  0.061 -1.622 -0.065  2.415 -0.66 ]
[fjt] final=[ 0.034  0.74   0.062 -1.572 -0.065  2.419 -0.662]
[fjt] err=[-0.001 -0.054  0.001  0.05   0.     0.005 -0.002]
[fjt] names=['panda_joint1', 'panda_joint2', 'panda_joint3', 'panda_joint4', 'panda_joint5', 'panda_joint6', 'panda_joint7'] pts=1
[fjt] times[0..2]=[0. 2.] times[-3:]=[0. 2.]
[fjt] goal=[ 0.024  0.543  0.076 -1.612 -0.047  2.154 -0.671]
[fjt] final=[ 0.024  0.544  0.075 -1.611 -0.048  2.155 -0.668]
[fjt] err=[ 0.     0.001 -0.001  0.001 -0.001  0.002  0.002]
[fjt] names=['panda_joint1', 'panda_joint2', 'panda_joint3', 'panda_joint4', 'panda_joint5', 'panda_joint6', 'panda_joint7'] pts=1
[fjt] times[0..2]=[0. 2.] times[-3:]=[0. 2.]
[fjt] goal=[ 0.04   1.004  0.065 -0.997 -0.06   1.999 -0.685]
[fjt] final=[ 0.04   0.948  0.066 -1.12  -0.059  1.994 -0.683]
[fjt] err=[-0.    -0.056  0.001 -0.124  0.001 -0.005  0.002]
[fjt] names=['panda_joint1', 'panda_joint2', 'panda_joint3', 'panda_joint4', 'panda_joint5', 'panda_joint6', 'panda_joint7'] pts=1
[fjt] times[0..2]=[0. 2.] times[-3:]=[0. 2.]
[fjt] goal=[ 0.04   1.004  0.065 -0.997 -0.06   1.999 -0.685]
[fjt] final=[ 0.04   1.004  0.066 -0.998 -0.059  1.998 -0.684]
[fjt] err=[-0.    -0.001  0.001 -0.001  0.001 -0.002  0.002]
[fjt] names=['panda_joint1', 'panda_joint2', 'panda_joint3', 'panda_joint4', 'panda_joint5', 'panda_joint6', 'panda_joint7'] pts=1
[fjt] times[0..2]=[0. 2.] times[-3:]=[0. 2.]
[fjt] goal=[ 0.043  1.136  0.061 -0.965 -0.064  2.1   -0.684]
[fjt] final=[ 0.042  1.092  0.064 -0.931 -0.061  2.053 -0.684]
[fjt] err=[-0.001 -0.044  0.003  0.034  0.004 -0.047  0.001]
[fjt] names=['panda_joint1', 'panda_joint2', 'panda_joint3', 'panda_joint4', 'panda_joint5', 'panda_joint6', 'panda_joint7'] pts=1
[fjt] times[0..2]=[0. 2.] times[-3:]=[0. 2.]
[fjt] goal=[ 0.043  1.136  0.061 -0.965 -0.064  2.1   -0.684]
[fjt] final=[ 0.043  1.093  0.064 -0.93  -0.061  2.054 -0.684]
[fjt] err=[-0.    -0.043  0.003  0.035  0.003 -0.046  0.001]
[fjt] names=['panda_joint1', 'panda_joint2', 'panda_joint3', 'panda_joint4', 'panda_joint5', 'panda_joint6', 'panda_joint7'] pts=1
[fjt] times[0..2]=[0. 2.] times[-3:]=[0. 2.]
[fjt] goal=[ 0.043  1.136  0.061 -0.965 -0.064  2.1   -0.684]
[fjt] final=[ 0.043  1.094  0.064 -0.929 -0.061  2.055 -0.684]
[fjt] err=[ 0.    -0.043  0.003  0.036  0.003 -0.046  0.   ]
[fjt] names=['panda_joint1', 'panda_joint2', 'panda_joint3', 'panda_joint4', 'panda_joint5', 'panda_joint6', 'panda_joint7'] pts=1
[fjt] times[0..2]=[0. 2.] times[-3:]=[0. 2.]
[fjt] goal=[ 0.043  1.136  0.061 -0.965 -0.064  2.1   -0.684]
[fjt] final=[ 0.043  1.094  0.065 -0.929 -0.061  2.055 -0.684]
[fjt] err=[ 0.    -0.042  0.004  0.036  0.003 -0.045  0.   ]
[fjt] names=['panda_joint1', 'panda_joint2', 'panda_joint3', 'panda_joint4', 'panda_joint5', 'panda_joint6', 'panda_joint7'] pts=1
[fjt] times[0..2]=[0.  1.5] times[-3:]=[0.  1.5]
[fjt] goal=[ 0.038  1.035  0.062 -1.156 -0.066  2.188 -0.678]
[fjt] final=[ 0.038  1.003  0.065 -1.096 -0.062  2.173 -0.679]
[fjt] err=[ 0.    -0.031  0.002  0.06   0.003 -0.016 -0.002]
[fjt] names=['panda_joint1', 'panda_joint2', 'panda_joint3', 'panda_joint4', 'panda_joint5', 'panda_joint6', 'panda_joint7'] pts=1
[fjt] times[0..2]=[0.  1.5] times[-3:]=[0.  1.5]
[fjt] goal=[ 0.038  1.035  0.062 -1.156 -0.066  2.188 -0.678]
[fjt] final=[ 0.038  0.997  0.065 -1.107 -0.062  2.172 -0.679]
[fjt] err=[ 0.    -0.037  0.002  0.049  0.003 -0.016 -0.001]
[fjt] names=['panda_joint1', 'panda_joint2', 'panda_joint3', 'panda_joint4', 'panda_joint5', 'panda_joint6', 'panda_joint7'] pts=1
[fjt] times[0..2]=[0.  2.5] times[-3:]=[0.  2.5]
[fjt] goal=[-0.087  1.2    0.049 -0.846 -0.052  2.046 -0.831]
[fjt] final=[-0.095  1.178  0.036 -0.82  -0.06   2.038 -0.845]
[fjt] err=[-0.008 -0.022 -0.013  0.026 -0.008 -0.008 -0.014]
[fjt] names=['panda_joint1', 'panda_joint2', 'panda_joint3', 'panda_joint4', 'panda_joint5', 'panda_joint6', 'panda_joint7'] pts=1
[fjt] times[0..2]=[0.  2.5] times[-3:]=[0.  2.5]
[fjt] goal=[-0.087  1.2    0.049 -0.846 -0.052  2.046 -0.831]
[fjt] final=[-0.094  1.179  0.038 -0.82  -0.059  2.035 -0.845]
[fjt] err=[-0.007 -0.022 -0.011  0.027 -0.007 -0.01  -0.014]
[fjt] names=['panda_joint1', 'panda_joint2', 'panda_joint3', 'panda_joint4', 'panda_joint5', 'panda_joint6', 'panda_joint7'] pts=1
[fjt] times[0..2]=[0.  2.5] times[-3:]=[0.  2.5]
[fjt] goal=[ 0.024  0.543  0.076 -1.612 -0.047  2.154 -0.671]
[fjt] final=[ 0.024  0.64   0.075 -1.351 -0.048  2.152 -0.673]
[fjt] err=[-0.     0.096 -0.     0.261 -0.001 -0.002 -0.002]
[fjt] names=['panda_joint1', 'panda_joint2', 'panda_joint3', 'panda_joint4', 'panda_joint5', 'panda_joint6', 'panda_joint7'] pts=1
[fjt] times[0..2]=[0.  2.5] times[-3:]=[0.  2.5]
[fjt] goal=[ 0.024  0.543  0.076 -1.612 -0.047  2.154 -0.671]
[fjt] final=[ 0.024  0.544  0.075 -1.611 -0.048  2.152 -0.673]
[fjt] err=[-0.     0.001 -0.     0.002 -0.001 -0.002 -0.002]
[fjt] names=['panda_joint1', 'panda_joint2', 'panda_joint3', 'panda_joint4', 'panda_joint5', 'panda_joint6', 'panda_joint7'] pts=1
[fjt] times[0..2]=[0. 2.] times[-3:]=[0. 2.]
[fjt] goal=[ 0.028  0.658  0.069 -1.643 -0.057  2.299 -0.665]
[fjt] final=[ 0.028  0.658  0.07  -1.642 -0.055  2.297 -0.667]
[fjt] err=[-0.    -0.     0.001  0.001  0.001 -0.002 -0.002]
[fjt] names=['panda_joint1', 'panda_joint2', 'panda_joint3', 'panda_joint4', 'panda_joint5', 'panda_joint6', 'panda_joint7'] pts=1
[fjt] times[0..2]=[0. 2.] times[-3:]=[0. 2.]
[fjt] goal=[ 0.031  0.71   0.066 -1.64  -0.06   2.348 -0.663]
[fjt] final=[ 0.03   0.709  0.066 -1.641 -0.059  2.346 -0.665]
[fjt] err=[-0.    -0.001  0.001 -0.001  0.001 -0.002 -0.002]
[fjt] names=['panda_joint1', 'panda_joint2', 'panda_joint3', 'panda_joint4', 'panda_joint5', 'panda_joint6', 'panda_joint7'] pts=1
[fjt] times[0..2]=[0. 2.] times[-3:]=[0. 2.]
[fjt] goal=[ 0.033  0.756  0.062 -1.632 -0.062  2.386 -0.661]
[fjt] final=[ 0.033  0.755  0.063 -1.633 -0.061  2.385 -0.664]
[fjt] err=[-0.    -0.001  0.001 -0.001  0.001 -0.002 -0.002]
[fjt] names=['panda_joint1', 'panda_joint2', 'panda_joint3', 'panda_joint4', 'panda_joint5', 'panda_joint6', 'panda_joint7'] pts=1
[fjt] times[0..2]=[0. 2.] times[-3:]=[0. 2.]
[fjt] goal=[ 0.035  0.794  0.06  -1.622 -0.064  2.415 -0.661]
[fjt] final=[ 0.035  0.794  0.06  -1.623 -0.063  2.413 -0.663]
[fjt] err=[-0.    -0.001  0.001 -0.001  0.001 -0.002 -0.002]
[fjt] names=['panda_joint1', 'panda_joint2', 'panda_joint3', 'panda_joint4', 'panda_joint5', 'panda_joint6', 'panda_joint7'] pts=1
[fjt] times[0..2]=[0.  2.5] times[-3:]=[0.  2.5]
[fjt] goal=[ 0.02   0.465  0.083 -1.524 -0.041  1.988 -0.675]
[fjt] final=[ 0.021  0.465  0.082 -1.525 -0.042  1.99  -0.672]
[fjt] err=[ 0.     0.    -0.001 -0.001 -0.001  0.003  0.002]
[fjt] names=['panda_joint1', 'panda_joint2', 'panda_joint3', 'panda_joint4', 'panda_joint5', 'panda_joint6', 'panda_joint7'] pts=1
[fjt] times[0..2]=[0. 3.] times[-3:]=[0. 3.]
[fjt] goal=[ 1.870e-01 -7.000e-03  1.860e-01 -2.050e+00  1.000e-03  2.043e+00
 -4.130e-01]
[fjt] final=[ 0.187 -0.006  0.185 -2.048  0.     2.041 -0.415]
[fjt] err=[-0.     0.001 -0.001  0.002 -0.001 -0.002 -0.002]
[fjt] names=['panda_joint1', 'panda_joint2', 'panda_joint3', 'panda_joint4', 'panda_joint5', 'panda_joint6', 'panda_joint7'] pts=1
[fjt] times[0..2]=[0. 3.] times[-3:]=[0. 3.]
[fjt] goal=[ 1.000e-03  5.660e-01  2.000e-02 -1.628e+00 -1.300e-02  2.194e+00
 -7.600e-01]
[fjt] final=[ 1.000e-03  5.620e-01  2.000e-02 -1.629e+00 -1.200e-02  2.193e+00
 -7.580e-01]
[fjt] err=[ 0.    -0.004  0.001 -0.001  0.001 -0.001  0.002]
[fjt] names=['panda_joint1', 'panda_joint2', 'panda_joint3', 'panda_joint4', 'panda_joint5', 'panda_joint6', 'panda_joint7'] pts=1
[fjt] times[0..2]=[0. 2.] times[-3:]=[0. 2.]
[fjt] goal=[ 2.000e-03  6.900e-01  1.800e-02 -1.645e+00 -1.600e-02  2.334e+00
 -7.590e-01]
[fjt] final=[ 2.000e-03  6.890e-01  1.900e-02 -1.644e+00 -1.500e-02  2.332e+00
 -7.580e-01]
[fjt] err=[-0.    -0.     0.001  0.001  0.001 -0.002  0.001]
[fjt] names=['panda_joint1', 'panda_joint2', 'panda_joint3', 'panda_joint4', 'panda_joint5', 'panda_joint6', 'panda_joint7'] pts=1
[fjt] times[0..2]=[0. 2.] times[-3:]=[0. 2.]
[fjt] goal=[ 0.003  0.772  0.017 -1.631 -0.017  2.403 -0.758]
[fjt] final=[ 0.003  0.772  0.017 -1.632 -0.016  2.401 -0.758]
[fjt] err=[-0.    -0.001  0.001 -0.001  0.001 -0.002 -0.   ]
[fjt] names=['panda_joint1', 'panda_joint2', 'panda_joint3', 'panda_joint4', 'panda_joint5', 'panda_joint6', 'panda_joint7'] pts=1
[fjt] times[0..2]=[0. 2.] times[-3:]=[0. 2.]
[fjt] goal=[ 0.004  0.853  0.015 -1.604 -0.018  2.457 -0.757]
[fjt] final=[ 0.004  0.835  0.018 -1.598 -0.017  2.448 -0.758]
[fjt] err=[ 0.    -0.019  0.003  0.006  0.001 -0.008 -0.001]
[fjt] names=['panda_joint1', 'panda_joint2', 'panda_joint3', 'panda_joint4', 'panda_joint5', 'panda_joint6', 'panda_joint7'] pts=1
[fjt] times[0..2]=[0. 2.] times[-3:]=[0. 2.]
[fjt] goal=[ 0.004  0.853  0.015 -1.604 -0.018  2.457 -0.757]
[fjt] final=[ 0.004  0.836  0.018 -1.596 -0.017  2.45  -0.758]
[fjt] err=[ 0.001 -0.017  0.003  0.007  0.001 -0.007 -0.001]
[fjt] names=['panda_joint1', 'panda_joint2', 'panda_joint3', 'panda_joint4', 'panda_joint5', 'panda_joint6', 'panda_joint7'] pts=1
[fjt] times[0..2]=[0. 2.] times[-3:]=[0. 2.]
[fjt] goal=[ 0.004  0.853  0.015 -1.604 -0.018  2.457 -0.757]
[fjt] final=[ 0.005  0.837  0.018 -1.596 -0.017  2.451 -0.758]
[fjt] err=[ 0.001 -0.016  0.003  0.008  0.001 -0.005 -0.001]
[fjt] names=['panda_joint1', 'panda_joint2', 'panda_joint3', 'panda_joint4', 'panda_joint5', 'panda_joint6', 'panda_joint7'] pts=1
[fjt] times[0..2]=[0. 2.] times[-3:]=[0. 2.]
[fjt] goal=[ 1.000e-03  8.640e-01  1.500e-02 -1.628e+00 -1.900e-02  2.492e+00
 -7.600e-01]
[fjt] final=[ 0.003  0.834  0.02  -1.611 -0.017  2.481 -0.758]
[fjt] err=[ 0.002 -0.03   0.005  0.017  0.002 -0.011  0.002]
[fjt] names=['panda_joint1', 'panda_joint2', 'panda_joint3', 'panda_joint4', 'panda_joint5', 'panda_joint6', 'panda_joint7'] pts=1
[fjt] times[0..2]=[0. 2.] times[-3:]=[0. 2.]
[fjt] goal=[ 1.000e-03  8.640e-01  1.500e-02 -1.628e+00 -1.900e-02  2.492e+00
 -7.600e-01]
[fjt] final=[ 0.003  0.834  0.02  -1.612 -0.017  2.485 -0.758]
[fjt] err=[ 0.002 -0.03   0.006  0.016  0.002 -0.007  0.002]
[fjt] names=['panda_joint1', 'panda_joint2', 'panda_joint3', 'panda_joint4', 'panda_joint5', 'panda_joint6', 'panda_joint7'] pts=1
[fjt] times[0..2]=[0. 2.] times[-3:]=[0. 2.]
[fjt] goal=[ 1.000e-03  8.640e-01  1.500e-02 -1.628e+00 -1.900e-02  2.492e+00
 -7.600e-01]
[fjt] final=[ 2.000e-03  8.350e-01  2.000e-02 -1.611e+00 -1.700e-02  2.486e+00
 -7.580e-01]
[fjt] err=[ 0.002 -0.029  0.006  0.017  0.002 -0.006  0.002]
[fjt] names=['panda_joint1', 'panda_joint2', 'panda_joint3', 'panda_joint4', 'panda_joint5', 'panda_joint6', 'panda_joint7'] pts=1
[fjt] times[0..2]=[0. 2.] times[-3:]=[0. 2.]
[fjt] goal=[-0.004  0.871  0.015 -1.657 -0.02   2.527 -0.763]
[fjt] final=[-1.000e-03  8.300e-01  2.300e-02 -1.630e+00 -1.700e-02  2.518e+00
 -7.590e-01]
[fjt] err=[ 0.003 -0.041  0.009  0.027  0.003 -0.009  0.004]
[fjt] names=['panda_joint1', 'panda_joint2', 'panda_joint3', 'panda_joint4', 'panda_joint5', 'panda_joint6', 'panda_joint7'] pts=1
[fjt] times[0..2]=[0. 2.] times[-3:]=[0. 2.]
[fjt] goal=[-0.004  0.871  0.015 -1.657 -0.02   2.527 -0.763]
[fjt] final=[-1.00e-03  8.30e-01  2.40e-02 -1.63e+00 -1.70e-02  2.52e+00 -7.60e-01]
[fjt] err=[ 0.003 -0.041  0.009  0.027  0.003 -0.007  0.004]
[fjt] names=['panda_joint1', 'panda_joint2', 'panda_joint3', 'panda_joint4', 'panda_joint5', 'panda_joint6', 'panda_joint7'] pts=1
[fjt] times[0..2]=[0. 2.] times[-3:]=[0. 2.]
[fjt] goal=[-0.004  0.871  0.015 -1.657 -0.02   2.527 -0.763]
[fjt] final=[-1.000e-03  8.310e-01  2.400e-02 -1.630e+00 -1.700e-02  2.522e+00
 -7.600e-01]
[fjt] err=[ 0.003 -0.04   0.009  0.027  0.003 -0.005  0.004]
[fjt] names=['panda_joint1', 'panda_joint2', 'panda_joint3', 'panda_joint4', 'panda_joint5', 'panda_joint6', 'panda_joint7'] pts=1
[fjt] times[0..2]=[0.  0.5] times[-3:]=[0.  0.5]
[fjt] goal=[-1.000e-03  8.280e-01  2.400e-02 -1.630e+00 -1.700e-02  2.519e+00
 -7.600e-01]
[fjt] final=[-1.000e-03  8.270e-01  2.500e-02 -1.630e+00 -1.700e-02  2.519e+00
 -7.600e-01]
[fjt] err=[ 0.    -0.001  0.    -0.     0.    -0.001  0.   ]
[fjt] names=['panda_joint1', 'panda_joint2', 'panda_joint3', 'panda_joint4', 'panda_joint5', 'panda_joint6', 'panda_joint7'] pts=1
[fjt] times[0..2]=[0.  0.5] times[-3:]=[0.  0.5]
[fjt] goal=[-1.000e-03  8.270e-01  2.500e-02 -1.630e+00 -1.700e-02  2.519e+00
 -7.600e-01]
[fjt] final=[-1.000e-03  8.250e-01  2.500e-02 -1.630e+00 -1.700e-02  2.518e+00
 -7.600e-01]
[fjt] err=[ 0.    -0.001  0.    -0.     0.    -0.     0.   ]
[fjt] names=['panda_joint1', 'panda_joint2', 'panda_joint3', 'panda_joint4', 'panda_joint5', 'panda_joint6', 'panda_joint7'] pts=1
[fjt] times[0..2]=[0.  0.5] times[-3:]=[0.  0.5]
[fjt] goal=[-1.000e-03  8.250e-01  2.500e-02 -1.630e+00 -1.700e-02  2.518e+00
 -7.600e-01]
[fjt] final=[-1.000e-03  8.240e-01  2.500e-02 -1.631e+00 -1.700e-02  2.518e+00
 -7.600e-01]
[fjt] err=[ 0.    -0.001  0.    -0.     0.    -0.     0.   ]
[fjt] names=['panda_joint1', 'panda_joint2', 'panda_joint3', 'panda_joint4', 'panda_joint5', 'panda_joint6', 'panda_joint7'] pts=1
[fjt] times[0..2]=[0. 1.] times[-3:]=[0. 1.]
[fjt] goal=[-1.000e-03  8.240e-01  2.500e-02 -1.631e+00 -1.700e-02  2.518e+00
 -7.600e-01]
[fjt] final=[-1.000e-03  8.220e-01  2.600e-02 -1.631e+00 -1.700e-02  2.517e+00
 -7.600e-01]
[fjt] err=[ 0.    -0.002  0.    -0.     0.    -0.001  0.   ]
[fjt] names=['panda_joint1', 'panda_joint2', 'panda_joint3', 'panda_joint4', 'panda_joint5', 'panda_joint6', 'panda_joint7'] pts=1
[fjt] times[0..2]=[0. 1.] times[-3:]=[0. 1.]
[fjt] goal=[-1.000e-03  8.220e-01  2.600e-02 -1.631e+00 -1.700e-02  2.517e+00
 -7.600e-01]
[fjt] final=[-1.000e-03  8.200e-01  2.600e-02 -1.631e+00 -1.700e-02  2.516e+00
 -7.600e-01]
[fjt] err=[ 0.    -0.002  0.    -0.     0.    -0.001  0.   ]
[fjt] names=['panda_joint1', 'panda_joint2', 'panda_joint3', 'panda_joint4', 'panda_joint5', 'panda_joint6', 'panda_joint7'] pts=1
[fjt] times[0..2]=[0. 1.] times[-3:]=[0. 1.]
[fjt] goal=[-1.000e-03  8.200e-01  2.600e-02 -1.631e+00 -1.700e-02  2.516e+00
 -7.600e-01]
[fjt] final=[-1.000e-03  8.180e-01  2.700e-02 -1.631e+00 -1.700e-02  2.516e+00
 -7.600e-01]
[fjt] err=[ 0.    -0.002  0.    -0.     0.    -0.001  0.   ]
[fjt] names=['panda_joint1', 'panda_joint2', 'panda_joint3', 'panda_joint4', 'panda_joint5', 'panda_joint6', 'panda_joint7'] pts=1
[fjt] times[0..2]=[0. 1.] times[-3:]=[0. 1.]
[fjt] goal=[-1.000e-03  8.180e-01  2.700e-02 -1.631e+00 -1.700e-02  2.516e+00
 -7.600e-01]
[fjt] final=[-1.000e-03  8.170e-01  2.700e-02 -1.631e+00 -1.700e-02  2.515e+00
 -7.600e-01]
[fjt] err=[ 0.    -0.002  0.    -0.     0.    -0.001  0.   ]
[fjt] names=['panda_joint1', 'panda_joint2', 'panda_joint3', 'panda_joint4', 'panda_joint5', 'panda_joint6', 'panda_joint7'] pts=1
[fjt] times[0..2]=[0. 3.] times[-3:]=[0. 3.]
[fjt] goal=[-1.000e-03  8.170e-01  2.700e-02 -1.631e+00 -1.700e-02  2.515e+00
 -7.600e-01]
[fjt] final=[-1.000e-03  8.140e-01  2.800e-02 -1.631e+00 -1.600e-02  2.514e+00
 -7.600e-01]
[fjt] err=[ 0.    -0.003  0.001  0.     0.    -0.001  0.   ]
[fjt] names=['panda_joint1', 'panda_joint2', 'panda_joint3', 'panda_joint4', 'panda_joint5', 'panda_joint6', 'panda_joint7'] pts=1
[fjt] times[0..2]=[0. 3.] times[-3:]=[0. 3.]
[fjt] goal=[-1.000e-03  8.140e-01  2.800e-02 -1.631e+00 -1.600e-02  2.514e+00
 -7.600e-01]
[fjt] final=[-1.000e-03  8.100e-01  2.900e-02 -1.630e+00 -1.600e-02  2.513e+00
 -7.590e-01]
[fjt] err=[ 0.    -0.003  0.001  0.     0.    -0.001  0.   ]
[fjt] names=['panda_joint1', 'panda_joint2', 'panda_joint3', 'panda_joint4', 'panda_joint5', 'panda_joint6', 'panda_joint7'] pts=1
[fjt] times[0..2]=[0. 3.] times[-3:]=[0. 3.]
[fjt] goal=[-1.000e-03  8.100e-01  2.900e-02 -1.630e+00 -1.600e-02  2.513e+00
 -7.590e-01]
[fjt] final=[-1.000e-03  8.070e-01  3.000e-02 -1.630e+00 -1.600e-02  2.512e+00
 -7.590e-01]
[fjt] err=[ 0.    -0.003  0.001  0.     0.    -0.001  0.   ]
[fjt] names=['panda_joint1', 'panda_joint2', 'panda_joint3', 'panda_joint4', 'panda_joint5', 'panda_joint6', 'panda_joint7'] pts=1
[fjt] times[0..2]=[0. 3.] times[-3:]=[0. 3.]
[fjt] goal=[-1.000e-03  8.070e-01  3.000e-02 -1.630e+00 -1.600e-02  2.512e+00
 -7.590e-01]
[fjt] final=[-1.000e-03  8.040e-01  3.100e-02 -1.630e+00 -1.600e-02  2.511e+00
 -7.590e-01]
[fjt] err=[ 0.    -0.003  0.001  0.     0.    -0.001  0.   ]
[fjt] names=['panda_joint1', 'panda_joint2', 'panda_joint3', 'panda_joint4', 'panda_joint5', 'panda_joint6', 'panda_joint7'] pts=1
[fjt] times[0..2]=[0. 3.] times[-3:]=[0. 3.]
[fjt] goal=[-1.000e-03  8.040e-01  3.100e-02 -1.630e+00 -1.600e-02  2.511e+00
 -7.590e-01]
[fjt] final=[-1.00e-03  8.01e-01  3.10e-02 -1.63e+00 -1.60e-02  2.51e+00 -7.59e-01]
[fjt] err=[ 0.    -0.003  0.001  0.     0.    -0.001  0.   ]
[fjt] names=['panda_joint1', 'panda_joint2', 'panda_joint3', 'panda_joint4', 'panda_joint5', 'panda_joint6', 'panda_joint7'] pts=1
[fjt] times[0..2]=[0. 3.] times[-3:]=[0. 3.]
[fjt] goal=[-1.00e-03  8.01e-01  3.10e-02 -1.63e+00 -1.60e-02  2.51e+00 -7.59e-01]
[fjt] final=[-0.     0.798  0.032 -1.63  -0.016  2.509 -0.759]
[fjt] err=[ 0.    -0.003  0.001  0.     0.    -0.001  0.   ]
[fjt] names=['panda_joint1', 'panda_joint2', 'panda_joint3', 'panda_joint4', 'panda_joint5', 'panda_joint6', 'panda_joint7'] pts=1
[fjt] times[0..2]=[0. 3.] times[-3:]=[0. 3.]
[fjt] goal=[-0.     0.798  0.032 -1.63  -0.016  2.509 -0.759]
[fjt] final=[-0.     0.795  0.033 -1.63  -0.016  2.508 -0.759]
[fjt] err=[ 0.    -0.003  0.001  0.     0.    -0.001  0.   ]
[fjt] names=['panda_joint1', 'panda_joint2', 'panda_joint3', 'panda_joint4', 'panda_joint5', 'panda_joint6', 'panda_joint7'] pts=1
[fjt] times[0..2]=[0. 3.] times[-3:]=[0. 3.]
[fjt] goal=[-0.     0.795  0.033 -1.63  -0.016  2.508 -0.759]
[fjt] final=[-0.     0.792  0.034 -1.63  -0.016  2.507 -0.759]
[fjt] err=[ 0.    -0.003  0.001 -0.     0.    -0.002  0.   ]
[fjt] names=['panda_joint1', 'panda_joint2', 'panda_joint3', 'panda_joint4', 'panda_joint5', 'panda_joint6', 'panda_joint7'] pts=1
[fjt] times[0..2]=[0. 3.] times[-3:]=[0. 3.]
[fjt] goal=[-0.     0.792  0.034 -1.63  -0.016  2.507 -0.759]
[fjt] final=[-0.     0.789  0.034 -1.63  -0.015  2.504 -0.759]
[fjt] err=[ 0.    -0.003  0.001 -0.     0.    -0.003  0.   ]
[fjt] names=['panda_joint1', 'panda_joint2', 'panda_joint3', 'panda_joint4', 'panda_joint5', 'panda_joint6', 'panda_joint7'] pts=1
[fjt] times[0..2]=[0. 3.] times[-3:]=[0. 3.]
[fjt] goal=[-0.     0.789  0.034 -1.63  -0.015  2.504 -0.759]
[fjt] final=[ 0.     0.783  0.038 -1.623 -0.014  2.505 -0.759]
[fjt] err=[ 0.001 -0.006  0.003  0.007  0.001  0.001  0.   ]
[fjt] names=['panda_joint1', 'panda_joint2', 'panda_joint3', 'panda_joint4', 'panda_joint5', 'panda_joint6', 'panda_joint7'] pts=1
[fjt] times[0..2]=[0. 3.] times[-3:]=[0. 3.]
[fjt] goal=[ 0.     0.783  0.038 -1.623 -0.014  2.505 -0.759]
[fjt] final=[ 1.000e-03  7.820e-01  3.900e-02 -1.619e+00 -1.400e-02  2.506e+00
 -7.590e-01]
[fjt] err=[ 0.    -0.002  0.001  0.003  0.     0.001  0.   ]
[fjt] names=['panda_joint1', 'panda_joint2', 'panda_joint3', 'panda_joint4', 'panda_joint5', 'panda_joint6', 'panda_joint7'] pts=1
[fjt] times[0..2]=[0. 3.] times[-3:]=[0. 3.]
[fjt] goal=[ 1.000e-03  7.820e-01  3.900e-02 -1.619e+00 -1.400e-02  2.506e+00
 -7.590e-01]
[fjt] final=[ 1.000e-03  7.810e-01  3.900e-02 -1.619e+00 -1.400e-02  2.506e+00
 -7.580e-01]
[fjt] err=[ 0.    -0.     0.     0.001  0.     0.     0.   ]
[fjt] names=['panda_joint1', 'panda_joint2', 'panda_joint3', 'panda_joint4', 'panda_joint5', 'panda_joint6', 'panda_joint7'] pts=1
[fjt] times[0..2]=[0. 3.] times[-3:]=[0. 3.]
[fjt] goal=[ 1.000e-03  7.810e-01  3.900e-02 -1.619e+00 -1.400e-02  2.506e+00
 -7.580e-01]
[fjt] final=[ 1.000e-03  7.810e-01  3.900e-02 -1.618e+00 -1.400e-02  2.506e+00
 -7.580e-01]
[fjt] err=[ 0. -0.  0.  0.  0.  0.  0.]
[fjt] names=['panda_joint1', 'panda_joint2', 'panda_joint3', 'panda_joint4', 'panda_joint5', 'panda_joint6', 'panda_joint7'] pts=1
[fjt] times[0..2]=[0.  2.5] times[-3:]=[0.  2.5]
[fjt] goal=[-0.008  0.507  0.031 -1.589 -0.018  2.095 -0.758]
[fjt] final=[-0.008  0.507  0.032 -1.59  -0.016  2.098 -0.758]
[fjt] err=[ 0.     0.     0.    -0.001  0.001  0.002 -0.001]
[fjt] names=['panda_joint1', 'panda_joint2', 'panda_joint3', 'panda_joint4', 'panda_joint5', 'panda_joint6', 'panda_joint7'] pts=1
[fjt] times[0..2]=[0. 3.] times[-3:]=[0. 3.]
[fjt] goal=[ 2.340e-01 -7.000e-03  1.400e-01 -2.050e+00  1.000e-03  2.043e+00
 -4.120e-01]
[fjt] final=[ 0.233 -0.006  0.139 -2.049 -0.     2.045 -0.415]
[fjt] err=[-0.     0.001 -0.001  0.001 -0.001  0.002 -0.002]
[fjt] names=['panda_joint1', 'panda_joint2', 'panda_joint3', 'panda_joint4', 'panda_joint5', 'panda_joint6', 'panda_joint7'] pts=1
[fjt] times[0..2]=[0. 3.] times[-3:]=[0. 3.]
[fjt] goal=[ 0.017  0.559 -0.047 -1.586  0.03   2.144 -0.824]
[fjt] final=[ 0.017  0.555 -0.046 -1.587  0.028  2.143 -0.822]
[fjt] err=[ 0.    -0.003  0.001 -0.001 -0.001 -0.001  0.003]
[fjt] names=['panda_joint1', 'panda_joint2', 'panda_joint3', 'panda_joint4', 'panda_joint5', 'panda_joint6', 'panda_joint7'] pts=1
[fjt] times[0..2]=[0. 2.] times[-3:]=[0. 2.]
[fjt] goal=[ 0.014  0.689 -0.042 -1.617  0.036  2.305 -0.828]
[fjt] final=[ 0.014  0.688 -0.042 -1.616  0.034  2.303 -0.825]
[fjt] err=[ 0.    -0.    -0.001  0.001 -0.001 -0.002  0.002]
[fjt] names=['panda_joint1', 'panda_joint2', 'panda_joint3', 'panda_joint4', 'panda_joint5', 'panda_joint6', 'panda_joint7'] pts=1
[fjt] times[0..2]=[0. 2.] times[-3:]=[0. 2.]
[fjt] goal=[ 0.012  0.729 -0.041 -1.546  0.035  2.274 -0.827]
[fjt] final=[ 0.012  0.728 -0.041 -1.547  0.034  2.276 -0.825]
[fjt] err=[ 0.    -0.001 -0.001 -0.002 -0.001  0.002  0.001]
[fjt] names=['panda_joint1', 'panda_joint2', 'panda_joint3', 'panda_joint4', 'panda_joint5', 'panda_joint6', 'panda_joint7'] pts=1
[fjt] times[0..2]=[0.  1.5] times[-3:]=[0.  1.5]
[fjt] goal=[ 0.011  0.78  -0.039 -1.54   0.037  2.32  -0.827]
[fjt] final=[ 0.011  0.78  -0.039 -1.541  0.036  2.318 -0.826]
[fjt] err=[ 0.    -0.001 -0.001 -0.001 -0.001 -0.002  0.002]
[fjt] names=['panda_joint1', 'panda_joint2', 'panda_joint3', 'panda_joint4', 'panda_joint5', 'panda_joint6', 'panda_joint7'] pts=1
[fjt] times[0..2]=[0.  1.5] times[-3:]=[0.  1.5]
[fjt] goal=[ 0.01   0.817 -0.037 -1.532  0.038  2.349 -0.828]
[fjt] final=[ 0.01   0.809 -0.038 -1.526  0.036  2.348 -0.826]
[fjt] err=[ 0.    -0.008 -0.001  0.006 -0.002 -0.001  0.002]
[fjt] names=['panda_joint1', 'panda_joint2', 'panda_joint3', 'panda_joint4', 'panda_joint5', 'panda_joint6', 'panda_joint7'] pts=1
[fjt] times[0..2]=[0.  1.5] times[-3:]=[0.  1.5]
[fjt] goal=[ 0.01   0.819 -0.036 -1.552  0.038  2.371 -0.827]
[fjt] final=[ 0.01   0.807 -0.037 -1.537  0.036  2.371 -0.826]
[fjt] err=[ 0.    -0.012 -0.001  0.015 -0.002  0.     0.002]
[fjt] names=['panda_joint1', 'panda_joint2', 'panda_joint3', 'panda_joint4', 'panda_joint5', 'panda_joint6', 'panda_joint7'] pts=1
[fjt] times[0..2]=[0.  1.5] times[-3:]=[0.  1.5]
[fjt] goal=[ 0.01   0.819 -0.036 -1.552  0.038  2.371 -0.827]
[fjt] final=[ 0.01   0.807 -0.036 -1.538  0.036  2.371 -0.826]
[fjt] err=[ 0.001 -0.012  0.     0.014 -0.002  0.     0.001]
[fjt] names=['panda_joint1', 'panda_joint2', 'panda_joint3', 'panda_joint4', 'panda_joint5', 'panda_joint6', 'panda_joint7'] pts=1
[fjt] times[0..2]=[0.  1.5] times[-3:]=[0.  1.5]
[fjt] goal=[ 0.01   0.819 -0.036 -1.552  0.038  2.371 -0.827]
[fjt] final=[ 0.01   0.807 -0.035 -1.539  0.036  2.371 -0.826]
[fjt] err=[ 0.001 -0.012  0.001  0.013 -0.002  0.     0.001]
[fjt] names=['panda_joint1', 'panda_joint2', 'panda_joint3', 'panda_joint4', 'panda_joint5', 'panda_joint6', 'panda_joint7'] pts=1
[fjt] times[0..2]=[0.  1.5] times[-3:]=[0.  1.5]
[fjt] goal=[ 0.007  0.819 -0.035 -1.573  0.037  2.391 -0.83 ]
[fjt] final=[ 0.009  0.802 -0.032 -1.553  0.036  2.392 -0.827]
[fjt] err=[ 0.002 -0.017  0.002  0.02  -0.001  0.001  0.003]
[fjt] names=['panda_joint1', 'panda_joint2', 'panda_joint3', 'panda_joint4', 'panda_joint5', 'panda_joint6', 'panda_joint7'] pts=1
[fjt] times[0..2]=[0.  1.5] times[-3:]=[0.  1.5]
[fjt] goal=[ 0.007  0.819 -0.035 -1.573  0.037  2.391 -0.83 ]
[fjt] final=[ 0.009  0.802 -0.032 -1.555  0.036  2.392 -0.827]
[fjt] err=[ 0.002 -0.017  0.003  0.018 -0.001  0.001  0.003]
[fjt] names=['panda_joint1', 'panda_joint2', 'panda_joint3', 'panda_joint4', 'panda_joint5', 'panda_joint6', 'panda_joint7'] pts=1
[fjt] times[0..2]=[0.  1.5] times[-3:]=[0.  1.5]
[fjt] goal=[ 0.007  0.819 -0.035 -1.573  0.037  2.391 -0.83 ]
[fjt] final=[ 0.009  0.802 -0.031 -1.555  0.036  2.392 -0.827]
[fjt] err=[ 0.002 -0.017  0.004  0.018 -0.001  0.001  0.002]
[fjt] names=['panda_joint1', 'panda_joint2', 'panda_joint3', 'panda_joint4', 'panda_joint5', 'panda_joint6', 'panda_joint7'] pts=1
[fjt] times[0..2]=[0. 2.] times[-3:]=[0. 2.]
[fjt] goal=[-0.028  0.727  0.008 -1.548 -0.007  2.275 -1.022]
[fjt] final=[-0.028  0.727  0.008 -1.549 -0.006  2.278 -1.02 ]
[fjt] err=[ 0.001  0.    -0.001 -0.001  0.001  0.002  0.002]
[fjt] names=['panda_joint1', 'panda_joint2', 'panda_joint3', 'panda_joint4', 'panda_joint5', 'panda_joint6', 'panda_joint7'] pts=1
[fjt] times[0..2]=[0.  1.5] times[-3:]=[0.  1.5]
[fjt] goal=[-0.027  0.778  0.008 -1.543 -0.007  2.322 -1.023]
[fjt] final=[-0.028  0.778  0.008 -1.544 -0.006  2.32  -1.021]
[fjt] err=[-0.    -0.001  0.    -0.001  0.001 -0.002  0.002]
[fjt] names=['panda_joint1', 'panda_joint2', 'panda_joint3', 'panda_joint4', 'panda_joint5', 'panda_joint6', 'panda_joint7'] pts=1
[fjt] times[0..2]=[0.  1.5] times[-3:]=[0.  1.5]
[fjt] goal=[-0.027  0.806  0.007 -1.538 -0.007  2.343 -1.022]
[fjt] final=[-0.028  0.803  0.008 -1.537 -0.006  2.341 -1.021]
[fjt] err=[-0.    -0.003  0.     0.001  0.001 -0.002  0.002]
[fjt] names=['panda_joint1', 'panda_joint2', 'panda_joint3', 'panda_joint4', 'panda_joint5', 'panda_joint6', 'panda_joint7'] pts=1
[fjt] times[0..2]=[0.  1.5] times[-3:]=[0.  1.5]
[fjt] goal=[-0.027  0.83   0.007 -1.531 -0.008  2.361 -1.022]
[fjt] final=[-0.027  0.815  0.008 -1.52  -0.007  2.358 -1.021]
[fjt] err=[ 0.    -0.015  0.     0.011  0.001 -0.003  0.001]
[fjt] names=['panda_joint1', 'panda_joint2', 'panda_joint3', 'panda_joint4', 'panda_joint5', 'panda_joint6', 'panda_joint7'] pts=1
[fjt] times[0..2]=[0.  1.5] times[-3:]=[0.  1.5]
[fjt] goal=[-0.027  0.83   0.007 -1.531 -0.008  2.361 -1.022]
[fjt] final=[-0.027  0.816  0.008 -1.52  -0.007  2.358 -1.021]
[fjt] err=[ 0.001 -0.014  0.001  0.012  0.001 -0.003  0.001]
[fjt] names=['panda_joint1', 'panda_joint2', 'panda_joint3', 'panda_joint4', 'panda_joint5', 'panda_joint6', 'panda_joint7'] pts=1
[fjt] times[0..2]=[0.  1.5] times[-3:]=[0.  1.5]
[fjt] goal=[-0.027  0.83   0.007 -1.531 -0.008  2.361 -1.022]
[fjt] final=[-0.026  0.817  0.009 -1.52  -0.007  2.358 -1.021]
[fjt] err=[ 0.001 -0.013  0.002  0.012  0.    -0.003  0.001]
[fjt] names=['panda_joint1', 'panda_joint2', 'panda_joint3', 'panda_joint4', 'panda_joint5', 'panda_joint6', 'panda_joint7'] pts=1
[fjt] times[0..2]=[0.  1.5] times[-3:]=[0.  1.5]
[fjt] goal=[-0.03   0.835  0.007 -1.564 -0.008  2.4   -1.025]
[fjt] final=[-0.027  0.826  0.014 -1.556 -0.007  2.396 -1.021]
[fjt] err=[ 0.003 -0.009  0.007  0.008  0.001 -0.004  0.004]
[fjt] names=['panda_joint1', 'panda_joint2', 'panda_joint3', 'panda_joint4', 'panda_joint5', 'panda_joint6', 'panda_joint7'] pts=1
[fjt] times[0..2]=[0.  1.5] times[-3:]=[0.  1.5]
[fjt] goal=[-0.038  0.833  0.009 -1.554 -0.009  2.388 -1.031]
[fjt] final=[-0.035  0.826  0.017 -1.552 -0.007  2.387 -1.026]
[fjt] err=[ 0.003 -0.008  0.009  0.003  0.002 -0.001  0.005]
[fjt] names=['panda_joint1', 'panda_joint2', 'panda_joint3', 'panda_joint4', 'panda_joint5', 'panda_joint6', 'panda_joint7'] pts=1
[fjt] times[0..2]=[0. 2.] times[-3:]=[0. 2.]
[fjt] goal=[-0.034  0.825  0.019 -1.552 -0.007  2.387 -1.026]
[fjt] final=[-0.034  0.823  0.019 -1.552 -0.007  2.386 -1.026]
[fjt] err=[ 0.001 -0.003  0.001 -0.     0.    -0.     0.   ]
[fjt] names=['panda_joint1', 'panda_joint2', 'panda_joint3', 'panda_joint4', 'panda_joint5', 'panda_joint6', 'panda_joint7'] pts=1
[fjt] times[0..2]=[0. 2.] times[-3:]=[0. 2.]
[fjt] goal=[-0.034  0.825  0.019 -1.552 -0.007  2.387 -1.026]
[fjt] final=[-0.033  0.821  0.02  -1.551 -0.007  2.386 -1.025]
[fjt] err=[ 0.001 -0.005  0.002  0.001 -0.    -0.001  0.   ]
[fjt] names=['panda_joint1', 'panda_joint2', 'panda_joint3', 'panda_joint4', 'panda_joint5', 'panda_joint6', 'panda_joint7'] pts=1
[fjt] times[0..2]=[0. 2.] times[-3:]=[0. 2.]
[fjt] goal=[-0.034  0.825  0.019 -1.552 -0.007  2.387 -1.026]
[fjt] final=[-0.033  0.819  0.021 -1.549 -0.007  2.386 -1.025]
[fjt] err=[ 0.001 -0.006  0.002  0.002 -0.    -0.001  0.001]
[fjt] names=['panda_joint1', 'panda_joint2', 'panda_joint3', 'panda_joint4', 'panda_joint5', 'panda_joint6', 'panda_joint7'] pts=1
[fjt] times[0..2]=[0. 2.] times[-3:]=[0. 2.]
[fjt] goal=[-0.034  0.825  0.019 -1.552 -0.007  2.387 -1.026]
[fjt] final=[-0.033  0.818  0.022 -1.548 -0.007  2.385 -1.025]
[fjt] err=[ 0.001 -0.008  0.003  0.003 -0.    -0.002  0.001]
[fjt] names=['panda_joint1', 'panda_joint2', 'panda_joint3', 'panda_joint4', 'panda_joint5', 'panda_joint6', 'panda_joint7'] pts=1
[fjt] times[0..2]=[0. 2.] times[-3:]=[0. 2.]
[fjt] goal=[-0.034  0.825  0.019 -1.552 -0.007  2.387 -1.026]
[fjt] final=[-0.032  0.816  0.022 -1.547 -0.007  2.385 -1.025]
[fjt] err=[ 0.002 -0.009  0.004  0.005 -0.    -0.002  0.001]
[fjt] names=['panda_joint1', 'panda_joint2', 'panda_joint3', 'panda_joint4', 'panda_joint5', 'panda_joint6', 'panda_joint7'] pts=1
[fjt] times[0..2]=[0. 2.] times[-3:]=[0. 2.]
[fjt] goal=[-0.034  0.825  0.019 -1.552 -0.007  2.387 -1.026]
[fjt] final=[-0.032  0.815  0.023 -1.546 -0.007  2.384 -1.024]
[fjt] err=[ 0.002 -0.01   0.004  0.006 -0.    -0.003  0.002]
[fjt] names=['panda_joint1', 'panda_joint2', 'panda_joint3', 'panda_joint4', 'panda_joint5', 'panda_joint6', 'panda_joint7'] pts=1
[fjt] times[0..2]=[0. 2.] times[-3:]=[0. 2.]
[fjt] goal=[-0.034  0.825  0.019 -1.552 -0.007  2.387 -1.026]
[fjt] final=[-0.032  0.814  0.024 -1.544 -0.007  2.384 -1.024]
[fjt] err=[ 0.002 -0.011  0.005  0.007 -0.    -0.003  0.002]
[fjt] names=['panda_joint1', 'panda_joint2', 'panda_joint3', 'panda_joint4', 'panda_joint5', 'panda_joint6', 'panda_joint7'] pts=1
[fjt] times[0..2]=[0. 2.] times[-3:]=[0. 2.]
[fjt] goal=[-0.034  0.825  0.019 -1.552 -0.007  2.387 -1.026]
[fjt] final=[-0.032  0.813  0.024 -1.543 -0.007  2.383 -1.024]
[fjt] err=[ 0.002 -0.013  0.006  0.008 -0.    -0.004  0.002]
[fjt] names=['panda_joint1', 'panda_joint2', 'panda_joint3', 'panda_joint4', 'panda_joint5', 'panda_joint6', 'panda_joint7'] pts=1
[fjt] times[0..2]=[0. 2.] times[-3:]=[0. 2.]
[fjt] goal=[-0.034  0.825  0.019 -1.552 -0.007  2.387 -1.026]
[fjt] final=[-0.032  0.811  0.025 -1.542 -0.007  2.383 -1.024]
[fjt] err=[ 0.003 -0.014  0.006  0.009 -0.    -0.004  0.002]
[fjt] names=['panda_joint1', 'panda_joint2', 'panda_joint3', 'panda_joint4', 'panda_joint5', 'panda_joint6', 'panda_joint7'] pts=1
[fjt] times[0..2]=[0. 2.] times[-3:]=[0. 2.]
[fjt] goal=[-0.034  0.825  0.019 -1.552 -0.007  2.387 -1.026]
[fjt] final=[-0.031  0.81   0.025 -1.542 -0.007  2.382 -1.023]
[fjt] err=[ 0.003 -0.015  0.007  0.01  -0.    -0.005  0.002]
[fjt] names=['panda_joint1', 'panda_joint2', 'panda_joint3', 'panda_joint4', 'panda_joint5', 'panda_joint6', 'panda_joint7'] pts=1
[fjt] times[0..2]=[0. 2.] times[-3:]=[0. 2.]
[fjt] goal=[-0.034  0.825  0.019 -1.552 -0.007  2.387 -1.026]
[fjt] final=[-0.031  0.809  0.026 -1.541 -0.007  2.382 -1.023]
[fjt] err=[ 0.003 -0.016  0.007  0.01  -0.    -0.005  0.003]
[fjt] names=['panda_joint1', 'panda_joint2', 'panda_joint3', 'panda_joint4', 'panda_joint5', 'panda_joint6', 'panda_joint7'] pts=1
[fjt] times[0..2]=[0. 2.] times[-3:]=[0. 2.]
[fjt] goal=[-0.034  0.825  0.019 -1.552 -0.007  2.387 -1.026]
[fjt] final=[-0.031  0.808  0.026 -1.54  -0.007  2.381 -1.023]
[fjt] err=[ 0.003 -0.017  0.007  0.011 -0.    -0.006  0.003]
[fjt] names=['panda_joint1', 'panda_joint2', 'panda_joint3', 'panda_joint4', 'panda_joint5', 'panda_joint6', 'panda_joint7'] pts=1
[fjt] times[0..2]=[0. 2.] times[-3:]=[0. 2.]
[fjt] goal=[-0.031  0.755  0.015 -1.557 -0.014  2.312 -1.016]
[fjt] final=[-0.031  0.756  0.016 -1.556 -0.013  2.313 -1.018]
[fjt] err=[ 0.     0.001  0.     0.001  0.002  0.002 -0.002]
[fjt] names=['panda_joint1', 'panda_joint2', 'panda_joint3', 'panda_joint4', 'panda_joint5', 'panda_joint6', 'panda_joint7'] pts=1
[fjt] times[0..2]=[0.  2.5] times[-3:]=[0.  2.5]
[fjt] goal=[ 1.830e-01  5.930e-01 -3.000e-03 -1.725e+00  2.000e-03  2.318e+00
 -6.070e-01]
[fjt] final=[ 1.820e-01  5.940e-01 -3.000e-03 -1.723e+00  1.000e-03  2.316e+00
 -6.090e-01]
[fjt] err=[-0.001  0.001  0.001  0.001 -0.001 -0.002 -0.002]
[fjt] names=['panda_joint1', 'panda_joint2', 'panda_joint3', 'panda_joint4', 'panda_joint5', 'panda_joint6', 'panda_joint7'] pts=1
[fjt] times[0..2]=[0.  1.5] times[-3:]=[0.  1.5]
[fjt] goal=[ 1.820e-01  7.800e-01 -2.000e-03 -1.696e+00  3.000e-03  2.476e+00
 -6.070e-01]
[fjt] final=[ 1.820e-01  7.790e-01 -3.000e-03 -1.697e+00  2.000e-03  2.475e+00
 -6.090e-01]
[fjt] err=[ 0.    -0.001 -0.    -0.001 -0.001 -0.002 -0.002]
[fjt] names=['panda_joint1', 'panda_joint2', 'panda_joint3', 'panda_joint4', 'panda_joint5', 'panda_joint6', 'panda_joint7'] pts=1
[fjt] times[0..2]=[0.  1.5] times[-3:]=[0.  1.5]
[fjt] goal=[ 1.820e-01  8.120e-01 -2.000e-03 -1.685e+00  3.000e-03  2.497e+00
 -6.070e-01]
[fjt] final=[ 1.820e-01  8.110e-01 -3.000e-03 -1.686e+00  2.000e-03  2.495e+00
 -6.090e-01]
[fjt] err=[ 0.    -0.001 -0.    -0.001 -0.001 -0.002 -0.002]
[fjt] names=['panda_joint1', 'panda_joint2', 'panda_joint3', 'panda_joint4', 'panda_joint5', 'panda_joint6', 'panda_joint7'] pts=1
[fjt] times[0..2]=[0.  1.5] times[-3:]=[0.  1.5]
[fjt] goal=[ 1.820e-01  8.330e-01 -2.000e-03 -1.676e+00  3.000e-03  2.509e+00
 -6.070e-01]
[fjt] final=[ 1.820e-01  8.320e-01 -2.000e-03 -1.677e+00  2.000e-03  2.508e+00
 -6.090e-01]
[fjt] err=[ 0.    -0.001 -0.    -0.001 -0.001 -0.002 -0.001]
[fjt] names=['panda_joint1', 'panda_joint2', 'panda_joint3', 'panda_joint4', 'panda_joint5', 'panda_joint6', 'panda_joint7'] pts=1
[fjt] times[0..2]=[0.  1.5] times[-3:]=[0.  1.5]
[fjt] goal=[ 1.820e-01  8.490e-01 -2.000e-03 -1.670e+00  3.000e-03  2.518e+00
 -6.070e-01]
[fjt] final=[ 1.820e-01  8.480e-01 -2.000e-03 -1.670e+00  2.000e-03  2.516e+00
 -6.090e-01]
[fjt] err=[ 0.    -0.001 -0.    -0.001 -0.001 -0.002 -0.001]
[fjt] names=['panda_joint1', 'panda_joint2', 'panda_joint3', 'panda_joint4', 'panda_joint5', 'panda_joint6', 'panda_joint7'] pts=1
[fjt] times[0..2]=[0.  1.5] times[-3:]=[0.  1.5]
[fjt] goal=[ 1.820e-01  8.620e-01 -2.000e-03 -1.664e+00  3.000e-03  2.525e+00
 -6.070e-01]
[fjt] final=[ 1.820e-01  8.610e-01 -2.000e-03 -1.664e+00  2.000e-03  2.524e+00
 -6.090e-01]
[fjt] err=[ 0.    -0.001 -0.    -0.001 -0.001 -0.002 -0.001]
[fjt] names=['panda_joint1', 'panda_joint2', 'panda_joint3', 'panda_joint4', 'panda_joint5', 'panda_joint6', 'panda_joint7'] pts=1
[fjt] times[0..2]=[0.  1.5] times[-3:]=[0.  1.5]
[fjt] goal=[ 1.820e-01  8.750e-01 -2.000e-03 -1.657e+00  3.000e-03  2.533e+00
 -6.070e-01]
[fjt] final=[ 1.820e-01  8.750e-01 -2.000e-03 -1.658e+00  2.000e-03  2.531e+00
 -6.080e-01]
[fjt] err=[ 0.    -0.001 -0.    -0.001 -0.001 -0.002 -0.001]
[fjt] names=['panda_joint1', 'panda_joint2', 'panda_joint3', 'panda_joint4', 'panda_joint5', 'panda_joint6', 'panda_joint7'] pts=1
[fjt] times[0..2]=[0.  1.5] times[-3:]=[0.  1.5]
[fjt] goal=[ 1.820e-01  8.890e-01 -2.000e-03 -1.651e+00  3.000e-03  2.539e+00
 -6.070e-01]
[fjt] final=[ 1.820e-01  8.840e-01 -2.000e-03 -1.653e+00  2.000e-03  2.535e+00
 -6.080e-01]
[fjt] err=[ 0.    -0.005 -0.    -0.002 -0.001 -0.005 -0.001]
[fjt] names=['panda_joint1', 'panda_joint2', 'panda_joint3', 'panda_joint4', 'panda_joint5', 'panda_joint6', 'panda_joint7'] pts=1
[fjt] times[0..2]=[0.  1.5] times[-3:]=[0.  1.5]
[fjt] goal=[ 1.820e-01  8.950e-01 -2.000e-03 -1.647e+00  3.000e-03  2.542e+00
 -6.070e-01]
[fjt] final=[ 1.820e-01  8.840e-01 -3.000e-03 -1.652e+00  2.000e-03  2.535e+00
 -6.080e-01]
[fjt] err=[-0.    -0.011 -0.    -0.005 -0.001 -0.007 -0.001]
[fjt] names=['panda_joint1', 'panda_joint2', 'panda_joint3', 'panda_joint4', 'panda_joint5', 'panda_joint6', 'panda_joint7'] pts=1
[fjt] times[0..2]=[0.  1.5] times[-3:]=[0.  1.5]
[fjt] goal=[ 1.820e-01  8.950e-01 -2.000e-03 -1.647e+00  3.000e-03  2.542e+00
 -6.070e-01]
[fjt] final=[ 1.820e-01  8.840e-01 -3.000e-03 -1.651e+00  2.000e-03  2.534e+00
 -6.080e-01]
[fjt] err=[-0.    -0.01  -0.    -0.004 -0.001 -0.007 -0.001]
[fjt] names=['panda_joint1', 'panda_joint2', 'panda_joint3', 'panda_joint4', 'panda_joint5', 'panda_joint6', 'panda_joint7'] pts=1
[fjt] times[0..2]=[0.  1.5] times[-3:]=[0.  1.5]
[fjt] goal=[ 1.820e-01  8.950e-01 -2.000e-03 -1.647e+00  3.000e-03  2.542e+00
 -6.070e-01]
[fjt] final=[ 1.820e-01  8.850e-01 -3.000e-03 -1.651e+00  2.000e-03  2.534e+00
 -6.080e-01]
[fjt] err=[-0.    -0.01  -0.    -0.004 -0.001 -0.007 -0.001]
[fjt] names=['panda_joint1', 'panda_joint2', 'panda_joint3', 'panda_joint4', 'panda_joint5', 'panda_joint6', 'panda_joint7'] pts=1
[fjt] times[0..2]=[0. 2.] times[-3:]=[0. 2.]
[fjt] goal=[ 1.830e-01  5.930e-01 -3.000e-03 -1.725e+00  2.000e-03  2.318e+00
 -6.070e-01]
[fjt] final=[ 1.820e-01  5.940e-01 -3.000e-03 -1.724e+00  2.000e-03  2.320e+00
 -6.080e-01]
[fjt] err=[-0.     0.001  0.     0.001  0.     0.002 -0.001]
[fjt] names=['panda_joint1', 'panda_joint2', 'panda_joint3', 'panda_joint4', 'panda_joint5', 'panda_joint6', 'panda_joint7'] pts=1
[fjt] times[0..2]=[0. 3.] times[-3:]=[0. 3.]
[fjt] goal=[-0.024  0.68   0.004 -1.546 -0.003  2.226 -1.025]
[fjt] final=[-2.400e-02  6.790e-01  3.000e-03 -1.547e+00 -2.000e-03  2.228e+00
 -1.023e+00]
[fjt] err=[ 0.001 -0.001 -0.001 -0.002  0.001  0.002  0.002]
[fjt] names=['panda_joint1', 'panda_joint2', 'panda_joint3', 'panda_joint4', 'panda_joint5', 'panda_joint6', 'panda_joint7'] pts=1
[fjt] times[0..2]=[0.  1.5] times[-3:]=[0.  1.5]
[fjt] goal=[-0.024  0.778  0.003 -1.543 -0.003  2.322 -1.025]
[fjt] final=[-2.400e-02  7.780e-01  3.000e-03 -1.544e+00 -2.000e-03  2.320e+00
 -1.023e+00]
[fjt] err=[-0.    -0.001  0.    -0.001  0.001 -0.002  0.002]
[fjt] names=['panda_joint1', 'panda_joint2', 'panda_joint3', 'panda_joint4', 'panda_joint5', 'panda_joint6', 'panda_joint7'] pts=1
[fjt] times[0..2]=[0.  1.5] times[-3:]=[0.  1.5]
[fjt] goal=[-0.024  0.815  0.003 -1.535 -0.003  2.35  -1.025]
[fjt] final=[-2.400e-02  8.140e-01  3.000e-03 -1.536e+00 -2.000e-03  2.349e+00
 -1.023e+00]
[fjt] err=[-0.    -0.001  0.    -0.001  0.001 -0.002  0.002]
[fjt] names=['panda_joint1', 'panda_joint2', 'panda_joint3', 'panda_joint4', 'panda_joint5', 'panda_joint6', 'panda_joint7'] pts=1
[fjt] times[0..2]=[0.  1.5] times[-3:]=[0.  1.5]
[fjt] goal=[-0.024  0.844  0.003 -1.527 -0.003  2.371 -1.025]
[fjt] final=[-2.400e-02  8.430e-01  3.000e-03 -1.528e+00 -2.000e-03  2.369e+00
 -1.023e+00]
[fjt] err=[-0.    -0.001  0.    -0.001  0.001 -0.002  0.002]
[fjt] names=['panda_joint1', 'panda_joint2', 'panda_joint3', 'panda_joint4', 'panda_joint5', 'panda_joint6', 'panda_joint7'] pts=1
[fjt] times[0..2]=[0.  1.5] times[-3:]=[0.  1.5]
[fjt] goal=[-0.024  0.864  0.003 -1.52  -0.003  2.384 -1.025]
[fjt] final=[-2.400e-02  8.590e-01  3.000e-03 -1.522e+00 -2.000e-03  2.379e+00
 -1.023e+00]
[fjt] err=[-0.    -0.004  0.    -0.002  0.001 -0.004  0.001]
[fjt] names=['panda_joint1', 'panda_joint2', 'panda_joint3', 'panda_joint4', 'panda_joint5', 'panda_joint6', 'panda_joint7'] pts=1
[fjt] times[0..2]=[0.  1.5] times[-3:]=[0.  1.5]
[fjt] goal=[-0.024  0.884  0.003 -1.513 -0.003  2.396 -1.025]
[fjt] final=[-2.400e-02  8.640e-01  3.000e-03 -1.516e+00 -2.000e-03  2.376e+00
 -1.023e+00]
[fjt] err=[ 0.    -0.019  0.    -0.003  0.001 -0.021  0.002]
[fjt] names=['panda_joint1', 'panda_joint2', 'panda_joint3', 'panda_joint4', 'panda_joint5', 'panda_joint6', 'panda_joint7'] pts=1
[fjt] times[0..2]=[0.  1.5] times[-3:]=[0.  1.5]
[fjt] goal=[-0.024  0.884  0.003 -1.513 -0.003  2.396 -1.025]
[fjt] final=[-2.300e-02  8.660e-01  3.000e-03 -1.514e+00 -2.000e-03  2.375e+00
 -1.023e+00]
[fjt] err=[ 0.    -0.018  0.    -0.002  0.001 -0.021  0.002]
[fjt] names=['panda_joint1', 'panda_joint2', 'panda_joint3', 'panda_joint4', 'panda_joint5', 'panda_joint6', 'panda_joint7'] pts=1
[fjt] times[0..2]=[0.  1.5] times[-3:]=[0.  1.5]
[fjt] goal=[-0.024  0.884  0.003 -1.513 -0.003  2.396 -1.025]
[fjt] final=[-2.300e-02  8.660e-01  3.000e-03 -1.514e+00 -2.000e-03  2.376e+00
 -1.023e+00]
[fjt] err=[ 0.    -0.017  0.    -0.001  0.001 -0.02   0.002]
[fjt] names=['panda_joint1', 'panda_joint2', 'panda_joint3', 'panda_joint4', 'panda_joint5', 'panda_joint6', 'panda_joint7'] pts=1
[fjt] times[0..2]=[0.  1.5] times[-3:]=[0.  1.5]
[fjt] goal=[-0.025  0.903  0.003 -1.506 -0.003  2.409 -1.026]
[fjt] final=[-0.024  0.875  0.004 -1.507 -0.003  2.38  -1.022]
[fjt] err=[ 0.001 -0.029  0.001 -0.001  0.001 -0.03   0.003]
[fjt] names=['panda_joint1', 'panda_joint2', 'panda_joint3', 'panda_joint4', 'panda_joint5', 'panda_joint6', 'panda_joint7'] pts=1
[fjt] times[0..2]=[0.  1.5] times[-3:]=[0.  1.5]
[fjt] goal=[-0.025  0.903  0.003 -1.506 -0.003  2.409 -1.026]
[fjt] final=[-0.024  0.875  0.004 -1.506 -0.003  2.382 -1.022]
[fjt] err=[ 0.001 -0.028  0.001  0.     0.001 -0.028  0.003]
[fjt] names=['panda_joint1', 'panda_joint2', 'panda_joint3', 'panda_joint4', 'panda_joint5', 'panda_joint6', 'panda_joint7'] pts=1
[fjt] times[0..2]=[0.  1.5] times[-3:]=[0.  1.5]
[fjt] goal=[-0.025  0.903  0.003 -1.506 -0.003  2.409 -1.026]
[fjt] final=[-0.024  0.876  0.004 -1.505 -0.003  2.384 -1.022]
[fjt] err=[ 0.001 -0.027  0.001  0.001  0.001 -0.026  0.003]
[fjt] names=['panda_joint1', 'panda_joint2', 'panda_joint3', 'panda_joint4', 'panda_joint5', 'panda_joint6', 'panda_joint7'] pts=1
[fjt] times[0..2]=[0.  1.5] times[-3:]=[0.  1.5]
[fjt] goal=[-0.026  0.91   0.003 -1.515 -0.004  2.425 -1.026]
[fjt] final=[-0.024  0.876  0.005 -1.509 -0.003  2.393 -1.022]
[fjt] err=[ 0.001 -0.035  0.001  0.006  0.001 -0.032  0.004]
[fjt] names=['panda_joint1', 'panda_joint2', 'panda_joint3', 'panda_joint4', 'panda_joint5', 'panda_joint6', 'panda_joint7'] pts=1
[fjt] times[0..2]=[0.  1.5] times[-3:]=[0.  1.5]
[fjt] goal=[-0.026  0.91   0.003 -1.515 -0.004  2.425 -1.026]
[fjt] final=[-0.024  0.876  0.005 -1.509 -0.003  2.397 -1.022]
[fjt] err=[ 0.001 -0.034  0.002  0.006  0.001 -0.029  0.004]
[fjt] names=['panda_joint1', 'panda_joint2', 'panda_joint3', 'panda_joint4', 'panda_joint5', 'panda_joint6', 'panda_joint7'] pts=1
[fjt] times[0..2]=[0.  1.5] times[-3:]=[0.  1.5]
[fjt] goal=[-0.026  0.91   0.003 -1.515 -0.004  2.425 -1.026]
[fjt] final=[-0.024  0.877  0.005 -1.508 -0.003  2.399 -1.022]
[fjt] err=[ 0.001 -0.033  0.002  0.007  0.001 -0.027  0.004]
[fjt] names=['panda_joint1', 'panda_joint2', 'panda_joint3', 'panda_joint4', 'panda_joint5', 'panda_joint6', 'panda_joint7'] pts=1
[fjt] times[0..2]=[0. 2.] times[-3:]=[0. 2.]
[fjt] goal=[ 0.013  0.68  -0.042 -1.546  0.033  2.225 -0.825]
[fjt] final=[ 0.012  0.682 -0.041 -1.546  0.032  2.227 -0.828]
[fjt] err=[-0.001  0.002  0.001 -0.    -0.001  0.002 -0.002]
[fjt] names=['panda_joint1', 'panda_joint2', 'panda_joint3', 'panda_joint4', 'panda_joint5', 'panda_joint6', 'panda_joint7'] pts=1
[fjt] times[0..2]=[0. 2.] times[-3:]=[0. 2.]
[fjt] goal=[ 0.02   0.431 -0.047 -1.969  0.029  2.399 -0.829]
[fjt] final=[ 0.02   0.433 -0.046 -1.964  0.03   2.398 -0.828]
[fjt] err=[-0.     0.002  0.001  0.005  0.001 -0.001  0.001]
[fjt] names=['panda_joint1', 'panda_joint2', 'panda_joint3', 'panda_joint4', 'panda_joint5', 'panda_joint6', 'panda_joint7'] pts=1
[fjt] times[0..2]=[0. 2.] times[-3:]=[0. 2.]
[fjt] goal=[ 0.013  0.653 -0.037 -1.943  0.043  2.596 -0.838]
[fjt] final=[ 0.016  0.593 -0.04  -1.946  0.037  2.555 -0.809]
[fjt] err=[ 0.003 -0.06  -0.003 -0.003 -0.006 -0.041  0.029]
[fjt] names=['panda_joint1', 'panda_joint2', 'panda_joint3', 'panda_joint4', 'panda_joint5', 'panda_joint6', 'panda_joint7'] pts=1
[fjt] times[0..2]=[0. 2.] times[-3:]=[0. 2.]
[fjt] goal=[ 0.013  0.653 -0.037 -1.943  0.043  2.596 -0.838]
[fjt] final=[ 0.017  0.597 -0.04  -1.941  0.036  2.56  -0.808]
[fjt] err=[ 0.004 -0.056 -0.003  0.002 -0.007 -0.036  0.031]
[fjt] names=['panda_joint1', 'panda_joint2', 'panda_joint3', 'panda_joint4', 'panda_joint5', 'panda_joint6', 'panda_joint7'] pts=1
[fjt] times[0..2]=[0. 2.] times[-3:]=[0. 2.]
[fjt] goal=[ 0.013  0.653 -0.037 -1.943  0.043  2.596 -0.838]
[fjt] final=[ 0.017  0.599 -0.04  -1.937  0.035  2.563 -0.81 ]
[fjt] err=[ 0.004 -0.054 -0.003  0.006 -0.008 -0.033  0.028]
[fjt] names=['panda_joint1', 'panda_joint2', 'panda_joint3', 'panda_joint4', 'panda_joint5', 'panda_joint6', 'panda_joint7'] pts=1
[fjt] times[0..2]=[0. 2.] times[-3:]=[0. 2.]
[fjt] goal=[ 0.004  0.706 -0.028 -1.963  0.04   2.669 -0.839]
[fjt] final=[ 0.009  0.591 -0.031 -1.966  0.034  2.629 -0.804]
[fjt] err=[ 0.004 -0.115 -0.002 -0.003 -0.006 -0.04   0.034]
[fjt] names=['panda_joint1', 'panda_joint2', 'panda_joint3', 'panda_joint4', 'panda_joint5', 'panda_joint6', 'panda_joint7'] pts=1
[fjt] times[0..2]=[0. 2.] times[-3:]=[0. 2.]
[fjt] goal=[ 0.004  0.706 -0.028 -1.963  0.04   2.669 -0.839]
[fjt] final=[ 0.009  0.594 -0.03  -1.962  0.033  2.634 -0.807]
[fjt] err=[ 0.004 -0.112 -0.002  0.001 -0.007 -0.035  0.031]
[fjt] names=['panda_joint1', 'panda_joint2', 'panda_joint3', 'panda_joint4', 'panda_joint5', 'panda_joint6', 'panda_joint7'] pts=1
[fjt] times[0..2]=[0. 2.] times[-3:]=[0. 2.]
[fjt] goal=[ 0.004  0.706 -0.028 -1.963  0.04   2.669 -0.839]
[fjt] final=[ 0.009  0.597 -0.029 -1.958  0.033  2.638 -0.811]
[fjt] err=[ 0.004 -0.109 -0.001  0.005 -0.007 -0.031  0.028]
[fjt] names=['panda_joint1', 'panda_joint2', 'panda_joint3', 'panda_joint4', 'panda_joint5', 'panda_joint6', 'panda_joint7'] pts=1
[fjt] times[0..2]=[0. 2.] times[-3:]=[0. 2.]
[fjt] goal=[-0.007  0.757 -0.02  -1.996  0.036  2.753 -0.84 ]
[fjt] final=[-2.000e-03  5.860e-01 -1.900e-02 -1.997e+00  3.100e-02  2.720e+00
 -8.090e-01]
[fjt] err=[ 0.005 -0.171  0.001 -0.002 -0.005 -0.032  0.031]
[fjt] names=['panda_joint1', 'panda_joint2', 'panda_joint3', 'panda_joint4', 'panda_joint5', 'panda_joint6', 'panda_joint7'] pts=1
[fjt] times[0..2]=[0. 2.] times[-3:]=[0. 2.]
[fjt] goal=[-0.007  0.757 -0.02  -1.996  0.036  2.753 -0.84 ]
[fjt] final=[-1.000e-03  5.890e-01 -1.800e-02 -1.994e+00  3.100e-02  2.725e+00
 -8.120e-01]
[fjt] err=[ 0.005 -0.168  0.002  0.002 -0.006 -0.028  0.028]
[fjt] names=['panda_joint1', 'panda_joint2', 'panda_joint3', 'panda_joint4', 'panda_joint5', 'panda_joint6', 'panda_joint7'] pts=1
[fjt] times[0..2]=[0. 2.] times[-3:]=[0. 2.]
[fjt] goal=[-0.007  0.757 -0.02  -1.996  0.036  2.753 -0.84 ]
[fjt] final=[-1.000e-03  5.920e-01 -1.800e-02 -1.990e+00  3.000e-02  2.728e+00
 -8.160e-01]
[fjt] err=[ 0.005 -0.165  0.002  0.006 -0.006 -0.025  0.024]
[fjt] names=['panda_joint1', 'panda_joint2', 'panda_joint3', 'panda_joint4', 'panda_joint5', 'panda_joint6', 'panda_joint7'] pts=1
[fjt] times[0..2]=[0.  1.5] times[-3:]=[0.  1.5]
[fjt] goal=[-0.005  0.674 -0.019 -1.902  0.022  2.576 -0.824]
[fjt] final=[-1.000e-03  6.300e-01 -1.900e-02 -1.885e+00  1.500e-02  2.561e+00
 -8.110e-01]
[fjt] err=[ 0.003 -0.044  0.001  0.016 -0.007 -0.015  0.013]
[fjt] names=['panda_joint1', 'panda_joint2', 'panda_joint3', 'panda_joint4', 'panda_joint5', 'panda_joint6', 'panda_joint7'] pts=1
[fjt] times[0..2]=[0.  1.5] times[-3:]=[0.  1.5]
[fjt] goal=[-0.005  0.674 -0.019 -1.902  0.022  2.576 -0.824]
[fjt] final=[-1.000e-03  6.330e-01 -1.900e-02 -1.882e+00  1.400e-02  2.562e+00
 -8.100e-01]
[fjt] err=[ 0.003 -0.041  0.001  0.02  -0.008 -0.014  0.014]
[fjt] names=['panda_joint1', 'panda_joint2', 'panda_joint3', 'panda_joint4', 'panda_joint5', 'panda_joint6', 'panda_joint7'] pts=1
[fjt] times[0..2]=[0.  1.5] times[-3:]=[0.  1.5]
[fjt] goal=[-0.005  0.674 -0.019 -1.902  0.022  2.576 -0.824]
[fjt] final=[-1.000e-03  6.340e-01 -1.900e-02 -1.881e+00  1.400e-02  2.564e+00
 -8.120e-01]
[fjt] err=[ 0.003 -0.04   0.     0.021 -0.008 -0.011  0.012]
[fjt] names=['panda_joint1', 'panda_joint2', 'panda_joint3', 'panda_joint4', 'panda_joint5', 'panda_joint6', 'panda_joint7'] pts=1
[fjt] times[0..2]=[0.  1.5] times[-3:]=[0.  1.5]
[fjt] goal=[-0.013  0.709 -0.014 -1.954  0.02   2.663 -0.827]
[fjt] final=[-0.008  0.618 -0.012 -1.93   0.01   2.65  -0.81 ]
[fjt] err=[ 0.005 -0.091  0.002  0.025 -0.01  -0.014  0.016]
[fjt] names=['panda_joint1', 'panda_joint2', 'panda_joint3', 'panda_joint4', 'panda_joint5', 'panda_joint6', 'panda_joint7'] pts=1
[fjt] times[0..2]=[0.  1.5] times[-3:]=[0.  1.5]
[fjt] goal=[-0.013  0.709 -0.014 -1.954  0.02   2.663 -0.827]
[fjt] final=[-0.008  0.62  -0.012 -1.929  0.009  2.652 -0.812]
[fjt] err=[ 0.005 -0.089  0.002  0.026 -0.011 -0.011  0.015]
[fjt] names=['panda_joint1', 'panda_joint2', 'panda_joint3', 'panda_joint4', 'panda_joint5', 'panda_joint6', 'panda_joint7'] pts=1
[fjt] times[0..2]=[0.  1.5] times[-3:]=[0.  1.5]
[fjt] goal=[-0.013  0.709 -0.014 -1.954  0.02   2.663 -0.827]
[fjt] final=[-0.008  0.622 -0.012 -1.927  0.008  2.654 -0.813]
[fjt] err=[ 0.005 -0.087  0.002  0.027 -0.012 -0.01   0.014]
[fjt] names=['panda_joint1', 'panda_joint2', 'panda_joint3', 'panda_joint4', 'panda_joint5', 'panda_joint6', 'panda_joint7'] pts=1
[fjt] times[0..2]=[0. 2.] times[-3:]=[0. 2.]
[fjt] goal=[-0.012  0.431 -0.013 -1.969  0.008  2.4   -0.815]
[fjt] final=[-0.012  0.433 -0.013 -1.969  0.008  2.401 -0.813]
[fjt] err=[ 0.     0.002  0.001 -0.     0.     0.002  0.002]
[fjt] names=['panda_joint1', 'panda_joint2', 'panda_joint3', 'panda_joint4', 'panda_joint5', 'panda_joint6', 'panda_joint7'] pts=1
[fjt] times[0..2]=[0. 2.] times[-3:]=[0. 2.]
[fjt] goal=[-0.012  0.434 -0.013 -1.97   0.008  2.401 -0.813]
[fjt] final=[-0.012  0.435 -0.013 -1.971  0.008  2.401 -0.813]
[fjt] err=[-0.     0.001  0.    -0.001  0.    -0.    -0.   ]
[fjt] names=['panda_joint1', 'panda_joint2', 'panda_joint3', 'panda_joint4', 'panda_joint5', 'panda_joint6', 'panda_joint7'] pts=1
[fjt] times[0..2]=[0. 2.] times[-3:]=[0. 2.]
[fjt] goal=[-0.012  0.434 -0.013 -1.97   0.008  2.401 -0.813]
[fjt] final=[-0.012  0.435 -0.012 -1.972  0.008  2.401 -0.813]
[fjt] err=[-0.     0.001  0.    -0.001  0.    -0.    -0.   ]
[fjt] names=['panda_joint1', 'panda_joint2', 'panda_joint3', 'panda_joint4', 'panda_joint5', 'panda_joint6', 'panda_joint7'] pts=1
[fjt] times[0..2]=[0. 2.] times[-3:]=[0. 2.]
[fjt] goal=[-0.012  0.434 -0.013 -1.97   0.008  2.401 -0.813]
[fjt] final=[-0.012  0.435 -0.012 -1.972  0.008  2.401 -0.813]
[fjt] err=[-0.     0.001  0.    -0.002  0.    -0.    -0.   ]
[fjt] names=['panda_joint1', 'panda_joint2', 'panda_joint3', 'panda_joint4', 'panda_joint5', 'panda_joint6', 'panda_joint7'] pts=1
[fjt] times[0..2]=[0. 2.] times[-3:]=[0. 2.]
[fjt] goal=[-0.012  0.434 -0.013 -1.97   0.008  2.401 -0.813]
[fjt] final=[-0.012  0.435 -0.012 -1.972  0.008  2.401 -0.813]
[fjt] err=[-0.     0.001  0.    -0.002  0.    -0.    -0.   ]
[fjt] names=['panda_joint1', 'panda_joint2', 'panda_joint3', 'panda_joint4', 'panda_joint5', 'panda_joint6', 'panda_joint7'] pts=1
[fjt] times[0..2]=[0. 2.] times[-3:]=[0. 2.]
[fjt] goal=[-0.012  0.434 -0.013 -1.97   0.008  2.401 -0.813]
[fjt] final=[-0.012  0.435 -0.012 -1.972  0.008  2.401 -0.813]
[fjt] err=[-0.     0.001  0.    -0.002  0.    -0.    -0.   ]
[fjt] names=['panda_joint1', 'panda_joint2', 'panda_joint3', 'panda_joint4', 'panda_joint5', 'panda_joint6', 'panda_joint7'] pts=1
[fjt] times[0..2]=[0. 2.] times[-3:]=[0. 2.]
[fjt] goal=[-0.012  0.434 -0.013 -1.97   0.008  2.401 -0.813]
[fjt] final=[-0.012  0.435 -0.012 -1.972  0.008  2.401 -0.813]
[fjt] err=[-0.     0.001  0.    -0.002  0.     0.    -0.   ]
[fjt] names=['panda_joint1', 'panda_joint2', 'panda_joint3', 'panda_joint4', 'panda_joint5', 'panda_joint6', 'panda_joint7'] pts=1
[fjt] times[0..2]=[0. 2.] times[-3:]=[0. 2.]
[fjt] goal=[-0.012  0.434 -0.013 -1.97   0.008  2.401 -0.813]
[fjt] final=[-0.012  0.435 -0.012 -1.972  0.008  2.401 -0.813]
[fjt] err=[-0.     0.001  0.    -0.002  0.     0.    -0.   ]
[fjt] names=['panda_joint1', 'panda_joint2', 'panda_joint3', 'panda_joint4', 'panda_joint5', 'panda_joint6', 'panda_joint7'] pts=1
[fjt] times[0..2]=[0. 2.] times[-3:]=[0. 2.]
[fjt] goal=[-0.012  0.434 -0.013 -1.97   0.008  2.401 -0.813]
[fjt] final=[-0.012  0.435 -0.012 -1.972  0.008  2.401 -0.813]
[fjt] err=[-0.     0.001  0.    -0.002  0.     0.    -0.   ]
[fjt] names=['panda_joint1', 'panda_joint2', 'panda_joint3', 'panda_joint4', 'panda_joint5', 'panda_joint6', 'panda_joint7'] pts=1
[fjt] times[0..2]=[0. 2.] times[-3:]=[0. 2.]
[fjt] goal=[-0.012  0.434 -0.013 -1.97   0.008  2.401 -0.813]
[fjt] final=[-0.012  0.435 -0.012 -1.972  0.008  2.401 -0.813]
[fjt] err=[-0.     0.001  0.    -0.002  0.     0.    -0.   ]
[fjt] names=['panda_joint1', 'panda_joint2', 'panda_joint3', 'panda_joint4', 'panda_joint5', 'panda_joint6', 'panda_joint7'] pts=1
[fjt] times[0..2]=[0. 2.] times[-3:]=[0. 2.]
[fjt] goal=[-0.012  0.434 -0.013 -1.97   0.008  2.401 -0.813]
[fjt] final=[-0.012  0.435 -0.012 -1.972  0.008  2.401 -0.813]
[fjt] err=[-0.     0.001  0.    -0.002  0.     0.    -0.   ]
[fjt] names=['panda_joint1', 'panda_joint2', 'panda_joint3', 'panda_joint4', 'panda_joint5', 'panda_joint6', 'panda_joint7'] pts=1
[fjt] times[0..2]=[0. 2.] times[-3:]=[0. 2.]
[fjt] goal=[-0.012  0.434 -0.013 -1.97   0.008  2.401 -0.813]
[fjt] final=[-0.012  0.435 -0.012 -1.972  0.008  2.401 -0.813]
[fjt] err=[-0.     0.001  0.    -0.002  0.     0.    -0.   ]
[fjt] names=['panda_joint1', 'panda_joint2', 'panda_joint3', 'panda_joint4', 'panda_joint5', 'panda_joint6', 'panda_joint7'] pts=1
[fjt] times[0..2]=[0. 2.] times[-3:]=[0. 2.]
[fjt] goal=[-0.012  0.434 -0.013 -1.97   0.008  2.401 -0.813]
[fjt] final=[-0.012  0.435 -0.012 -1.972  0.008  2.401 -0.813]
[fjt] err=[-0.     0.001  0.    -0.002  0.     0.    -0.   ]
[fjt] names=['panda_joint1', 'panda_joint2', 'panda_joint3', 'panda_joint4', 'panda_joint5', 'panda_joint6', 'panda_joint7'] pts=1
[fjt] times[0..2]=[0. 2.] times[-3:]=[0. 2.]
[fjt] goal=[-0.012  0.434 -0.013 -1.97   0.008  2.401 -0.813]
[fjt] final=[-0.012  0.434 -0.012 -1.971  0.008  2.401 -0.813]
[fjt] err=[-0.     0.     0.    -0.001  0.     0.    -0.   ]
[fjt] names=['panda_joint1', 'panda_joint2', 'panda_joint3', 'panda_joint4', 'panda_joint5', 'panda_joint6', 'panda_joint7'] pts=1
[fjt] times[0..2]=[0. 2.] times[-3:]=[0. 2.]
[fjt] goal=[ 0.029  0.705  0.    -1.588 -0.     2.293 -0.757]
[fjt] final=[ 2.800e-02  7.040e-01 -1.000e-03 -1.591e+00  1.000e-03  2.295e+00
 -7.590e-01]
[fjt] err=[-0.    -0.001 -0.001 -0.003  0.002  0.002 -0.003]
[fjt] names=['panda_joint1', 'panda_joint2', 'panda_joint3', 'panda_joint4', 'panda_joint5', 'panda_joint6', 'panda_joint7'] pts=1
[fjt] times[0..2]=[0.  1.2] times[-3:]=[0.  1.2]
[fjt] goal=[ 3.000e-02  7.570e-01 -1.000e-03 -1.583e+00  1.000e-03  2.340e+00
 -7.570e-01]
[fjt] final=[ 2.900e-02  7.560e-01 -1.000e-03 -1.584e+00  1.000e-03  2.338e+00
 -7.590e-01]
[fjt] err=[-0.    -0.001  0.    -0.001  0.    -0.002 -0.002]
[fjt] names=['panda_joint1', 'panda_joint2', 'panda_joint3', 'panda_joint4', 'panda_joint5', 'panda_joint6', 'panda_joint7'] pts=1
[fjt] times[0..2]=[0.  1.2] times[-3:]=[0.  1.2]
[fjt] goal=[ 3.000e-02  7.750e-01 -1.000e-03 -1.579e+00  1.000e-03  2.354e+00
 -7.570e-01]
[fjt] final=[ 2.900e-02  7.740e-01 -1.000e-03 -1.580e+00  1.000e-03  2.353e+00
 -7.590e-01]
[fjt] err=[-0.    -0.001  0.001 -0.001  0.    -0.002 -0.002]
[fjt] names=['panda_joint1', 'panda_joint2', 'panda_joint3', 'panda_joint4', 'panda_joint5', 'panda_joint6', 'panda_joint7'] pts=1
[fjt] times[0..2]=[0.  1.2] times[-3:]=[0.  1.2]
[fjt] goal=[ 3.000e-02  7.840e-01 -1.000e-03 -1.577e+00  1.000e-03  2.362e+00
 -7.570e-01]
[fjt] final=[ 2.900e-02  7.840e-01 -1.000e-03 -1.578e+00  1.000e-03  2.360e+00
 -7.590e-01]
[fjt] err=[-0.    -0.001  0.001 -0.001  0.    -0.002 -0.001]
[fjt] names=['panda_joint1', 'panda_joint2', 'panda_joint3', 'panda_joint4', 'panda_joint5', 'panda_joint6', 'panda_joint7'] pts=1
[fjt] times[0..2]=[0.  1.2] times[-3:]=[0.  1.2]
[fjt] goal=[ 3.000e-02  7.940e-01 -1.000e-03 -1.575e+00  1.000e-03  2.369e+00
 -7.570e-01]
[fjt] final=[ 2.900e-02  7.930e-01 -1.000e-03 -1.576e+00  1.000e-03  2.367e+00
 -7.590e-01]
[fjt] err=[-0.    -0.001  0.001 -0.001  0.    -0.002 -0.001]
[fjt] names=['panda_joint1', 'panda_joint2', 'panda_joint3', 'panda_joint4', 'panda_joint5', 'panda_joint6', 'panda_joint7'] pts=1
[fjt] times[0..2]=[0.  1.2] times[-3:]=[0.  1.2]
[fjt] goal=[ 3.000e-02  8.030e-01 -1.000e-03 -1.573e+00  1.000e-03  2.376e+00
 -7.580e-01]
[fjt] final=[ 2.900e-02  8.020e-01 -1.000e-03 -1.574e+00  1.000e-03  2.374e+00
 -7.590e-01]
[fjt] err=[-0.    -0.001  0.    -0.001  0.    -0.002 -0.001]
[fjt] names=['panda_joint1', 'panda_joint2', 'panda_joint3', 'panda_joint4', 'panda_joint5', 'panda_joint6', 'panda_joint7'] pts=1
[fjt] times[0..2]=[0.  1.2] times[-3:]=[0.  1.2]
[fjt] goal=[ 3.000e-02  8.130e-01 -1.000e-03 -1.570e+00  1.000e-03  2.383e+00
 -7.580e-01]
[fjt] final=[ 2.900e-02  8.120e-01 -1.000e-03 -1.571e+00  1.000e-03  2.381e+00
 -7.590e-01]
[fjt] err=[-0.    -0.001  0.    -0.001  0.    -0.002 -0.001]
[fjt] names=['panda_joint1', 'panda_joint2', 'panda_joint3', 'panda_joint4', 'panda_joint5', 'panda_joint6', 'panda_joint7'] pts=1
[fjt] times[0..2]=[0.  1.2] times[-3:]=[0.  1.2]
[fjt] goal=[ 3.000e-02  8.230e-01 -1.000e-03 -1.567e+00  1.000e-03  2.390e+00
 -7.580e-01]
[fjt] final=[ 2.900e-02  8.220e-01 -1.000e-03 -1.568e+00  1.000e-03  2.388e+00
 -7.580e-01]
[fjt] err=[-0.    -0.001  0.    -0.001  0.    -0.002 -0.001]
[fjt] names=['panda_joint1', 'panda_joint2', 'panda_joint3', 'panda_joint4', 'panda_joint5', 'panda_joint6', 'panda_joint7'] pts=1
[fjt] times[0..2]=[0.  1.2] times[-3:]=[0.  1.2]
[fjt] goal=[ 3.000e-02  8.320e-01 -1.000e-03 -1.564e+00  1.000e-03  2.396e+00
 -7.580e-01]
[fjt] final=[ 2.900e-02  8.320e-01 -1.000e-03 -1.565e+00  1.000e-03  2.395e+00
 -7.580e-01]
[fjt] err=[-0.    -0.001  0.    -0.001  0.    -0.002 -0.001]
[fjt] names=['panda_joint1', 'panda_joint2', 'panda_joint3', 'panda_joint4', 'panda_joint5', 'panda_joint6', 'panda_joint7'] pts=1
[fjt] times[0..2]=[0.  1.5] times[-3:]=[0.  1.5]
[fjt] goal=[ 3.000e-02  7.050e-01 -1.000e-03 -1.588e+00  1.000e-03  2.293e+00
 -7.570e-01]
[fjt] final=[ 2.900e-02  7.060e-01 -1.000e-03 -1.587e+00  1.000e-03  2.295e+00
 -7.580e-01]
[fjt] err=[-0.     0.001  0.     0.001  0.     0.002 -0.001]
[fjt] names=['panda_joint1', 'panda_joint2', 'panda_joint3', 'panda_joint4', 'panda_joint5', 'panda_joint6', 'panda_joint7'] pts=1
[fjt] times[0..2]=[0. 3.] times[-3:]=[0. 3.]
[fjt] goal=[ 3.040e-01 -7.000e-03  7.000e-02 -2.050e+00  1.000e-03  2.043e+00
 -4.120e-01]
[fjt] final=[ 3.040e-01  9.000e-02  6.900e-02 -2.049e+00  1.000e-03  2.043e+00
 -4.150e-01]
[fjt] err=[-0.     0.097 -0.001  0.     0.001 -0.    -0.003]
[fjt] names=['panda_joint1', 'panda_joint2', 'panda_joint3', 'panda_joint4', 'panda_joint5', 'panda_joint6', 'panda_joint7'] pts=1
[fjt] times[0..2]=[0. 3.] times[-3:]=[0. 3.]
[fjt] goal=[ 3.040e-01 -7.000e-03  7.000e-02 -2.050e+00  1.000e-03  2.043e+00
 -4.120e-01]
[fjt] final=[ 3.040e-01 -6.000e-03  6.900e-02 -2.049e+00  1.000e-03  2.043e+00
 -4.140e-01]
[fjt] err=[-0.     0.    -0.     0.     0.001 -0.    -0.002]
[fjt] names=['panda_joint1', 'panda_joint2', 'panda_joint3', 'panda_joint4', 'panda_joint5', 'panda_joint6', 'panda_joint7'] pts=1
[fjt] times[0..2]=[0. 3.] times[-3:]=[0. 3.]
[fjt] goal=[ 0.077 -0.017 -0.167 -2.339 -0.004  2.322 -0.872]
[fjt] final=[ 0.078 -0.017 -0.166 -2.338 -0.003  2.32  -0.87 ]
[fjt] err=[ 0.     0.001  0.001  0.001  0.001 -0.002  0.002]
[fjt] names=['panda_joint1', 'panda_joint2', 'panda_joint3', 'panda_joint4', 'panda_joint5', 'panda_joint6', 'panda_joint7'] pts=1
[fjt] times[0..2]=[0. 2.] times[-3:]=[0. 2.]
[fjt] goal=[ 0.112  0.303 -0.124 -2.283  0.07   2.582 -0.851]
[fjt] final=[ 0.112  0.302 -0.125 -2.283  0.068  2.58  -0.853]
[fjt] err=[-0.    -0.001 -0.001 -0.001 -0.001 -0.002 -0.002]
[fjt] names=['panda_joint1', 'panda_joint2', 'panda_joint3', 'panda_joint4', 'panda_joint5', 'panda_joint6', 'panda_joint7'] pts=1
[fjt] times[0..2]=[0.  1.2] times[-3:]=[0.  1.2]
[fjt] goal=[ 0.105  0.373 -0.114 -2.278  0.088  2.647 -0.864]
[fjt] final=[ 0.106  0.372 -0.115 -2.278  0.086  2.645 -0.861]
[fjt] err=[ 0.    -0.001 -0.001 -0.001 -0.002 -0.002  0.002]
[fjt] names=['panda_joint1', 'panda_joint2', 'panda_joint3', 'panda_joint4', 'panda_joint5', 'panda_joint6', 'panda_joint7'] pts=1
[fjt] times[0..2]=[0.  1.2] times[-3:]=[0.  1.2]
[fjt] goal=[ 0.102  0.397 -0.11  -2.274  0.093  2.668 -0.868]
[fjt] final=[ 0.102  0.397 -0.111 -2.275  0.091  2.666 -0.865]
[fjt] err=[ 0.    -0.001 -0.001 -0.001 -0.002 -0.002  0.002]
[fjt] names=['panda_joint1', 'panda_joint2', 'panda_joint3', 'panda_joint4', 'panda_joint5', 'panda_joint6', 'panda_joint7'] pts=1
[fjt] times[0..2]=[0.  1.2] times[-3:]=[0.  1.2]
[fjt] goal=[ 0.1    0.41  -0.107 -2.272  0.095  2.678 -0.869]
[fjt] final=[ 0.1    0.409 -0.108 -2.273  0.094  2.676 -0.867]
[fjt] err=[ 0.    -0.001 -0.001 -0.001 -0.002 -0.002  0.002]
[fjt] names=['panda_joint1', 'panda_joint2', 'panda_joint3', 'panda_joint4', 'panda_joint5', 'panda_joint6', 'panda_joint7'] pts=1
[fjt] times[0..2]=[0.  1.2] times[-3:]=[0.  1.2]
[fjt] goal=[ 0.098  0.422 -0.104 -2.27   0.098  2.688 -0.871]
[fjt] final=[ 0.098  0.421 -0.105 -2.271  0.096  2.687 -0.868]
[fjt] err=[ 0.    -0.001 -0.001 -0.001 -0.002 -0.002  0.002]
[fjt] names=['panda_joint1', 'panda_joint2', 'panda_joint3', 'panda_joint4', 'panda_joint5', 'panda_joint6', 'panda_joint7'] pts=1
[fjt] times[0..2]=[0.  1.2] times[-3:]=[0.  1.2]
[fjt] goal=[ 0.095  0.434 -0.102 -2.268  0.1    2.698 -0.872]
[fjt] final=[ 0.096  0.431 -0.103 -2.269  0.098  2.696 -0.87 ]
[fjt] err=[ 0.    -0.004 -0.002 -0.001 -0.002 -0.003  0.002]
[fjt] names=['panda_joint1', 'panda_joint2', 'panda_joint3', 'panda_joint4', 'panda_joint5', 'panda_joint6', 'panda_joint7'] pts=1
[fjt] times[0..2]=[0.  1.2] times[-3:]=[0.  1.2]
[fjt] goal=[ 0.093  0.447 -0.099 -2.265  0.102  2.708 -0.874]
[fjt] final=[ 0.094  0.434 -0.101 -2.266  0.1    2.701 -0.872]
[fjt] err=[ 0.    -0.013 -0.002 -0.001 -0.002 -0.007  0.002]
[fjt] names=['panda_joint1', 'panda_joint2', 'panda_joint3', 'panda_joint4', 'panda_joint5', 'panda_joint6', 'panda_joint7'] pts=1
[fjt] times[0..2]=[0.  1.2] times[-3:]=[0.  1.2]
[fjt] goal=[ 0.093  0.447 -0.099 -2.265  0.102  2.708 -0.874]
[fjt] final=[ 0.094  0.435 -0.101 -2.265  0.1    2.703 -0.872]
[fjt] err=[ 0.    -0.012 -0.002  0.    -0.002 -0.006  0.002]
[fjt] names=['panda_joint1', 'panda_joint2', 'panda_joint3', 'panda_joint4', 'panda_joint5', 'panda_joint6', 'panda_joint7'] pts=1
[fjt] times[0..2]=[0.  1.2] times[-3:]=[0.  1.2]
[fjt] goal=[ 0.093  0.447 -0.099 -2.265  0.102  2.708 -0.874]
[fjt] final=[ 0.093  0.436 -0.101 -2.264  0.1    2.703 -0.872]
[fjt] err=[ 0.    -0.011 -0.002  0.001 -0.002 -0.005  0.002]
[fjt] names=['panda_joint1', 'panda_joint2', 'panda_joint3', 'panda_joint4', 'panda_joint5', 'panda_joint6', 'panda_joint7'] pts=1
[fjt] times[0..2]=[0.  1.2] times[-3:]=[0.  1.2]
[fjt] goal=[ 0.092  0.457 -0.096 -2.272  0.105  2.725 -0.875]
[fjt] final=[ 0.092  0.437 -0.099 -2.267  0.102  2.717 -0.872]
[fjt] err=[ 0.001 -0.021 -0.003  0.005 -0.003 -0.008  0.003]
[fjt] names=['panda_joint1', 'panda_joint2', 'panda_joint3', 'panda_joint4', 'panda_joint5', 'panda_joint6', 'panda_joint7'] pts=1
[fjt] times[0..2]=[0.  1.2] times[-3:]=[0.  1.2]
[fjt] goal=[ 0.092  0.457 -0.096 -2.272  0.105  2.725 -0.875]
[fjt] final=[ 0.092  0.437 -0.099 -2.266  0.102  2.719 -0.872]
[fjt] err=[ 0.    -0.02  -0.003  0.006 -0.002 -0.006  0.003]
[fjt] names=['panda_joint1', 'panda_joint2', 'panda_joint3', 'panda_joint4', 'panda_joint5', 'panda_joint6', 'panda_joint7'] pts=1
[fjt] times[0..2]=[0.  1.2] times[-3:]=[0.  1.2]
[fjt] goal=[ 0.092  0.457 -0.096 -2.272  0.105  2.725 -0.875]
[fjt] final=[ 0.092  0.438 -0.099 -2.265  0.102  2.72  -0.872]
[fjt] err=[ 0.    -0.019 -0.003  0.006 -0.002 -0.005  0.003]
[fjt] names=['panda_joint1', 'panda_joint2', 'panda_joint3', 'panda_joint4', 'panda_joint5', 'panda_joint6', 'panda_joint7'] pts=1
[fjt] times[0..2]=[0.  1.5] times[-3:]=[0.  1.5]
[fjt] goal=[ 0.113  0.303 -0.125 -2.283  0.07   2.582 -0.851]
[fjt] final=[ 0.113  0.304 -0.124 -2.282  0.072  2.584 -0.854]
[fjt] err=[-0.     0.001  0.001  0.001  0.002  0.002 -0.002]
[fjt] names=['panda_joint1', 'panda_joint2', 'panda_joint3', 'panda_joint4', 'panda_joint5', 'panda_joint6', 'panda_joint7'] pts=1
[fjt] times[0..2]=[0. 2.] times[-3:]=[0. 2.]
[fjt] goal=[ 0.095 -0.017 -0.185 -2.339 -0.004  2.322 -0.872]
[fjt] final=[ 0.096 -0.016 -0.184 -2.339 -0.003  2.324 -0.87 ]
[fjt] err=[0.    0.001 0.001 0.001 0.001 0.002 0.002]
[fjt] names=['panda_joint1', 'panda_joint2', 'panda_joint3', 'panda_joint4', 'panda_joint5', 'panda_joint6', 'panda_joint7'] pts=1
[fjt] times[0..2]=[0.  1.5] times[-3:]=[0.  1.5]
[fjt] goal=[ 0.096 -0.016 -0.184 -2.339 -0.003  2.324 -0.87 ]
[fjt] final=[ 0.096 -0.016 -0.184 -2.339 -0.003  2.324 -0.87 ]
[fjt] err=[ 0. -0. -0. -0. -0. -0. -0.]
[fjt] names=['panda_joint1', 'panda_joint2', 'panda_joint3', 'panda_joint4', 'panda_joint5', 'panda_joint6', 'panda_joint7'] pts=1
[fjt] times[0..2]=[0.  1.5] times[-3:]=[0.  1.5]
[fjt] goal=[ 0.096 -0.016 -0.184 -2.339 -0.003  2.324 -0.87 ]
[fjt] final=[ 0.096 -0.016 -0.184 -2.339 -0.003  2.324 -0.87 ]
[fjt] err=[0. 0. 0. 0. 0. 0. 0.]
[fjt] names=['panda_joint1', 'panda_joint2', 'panda_joint3', 'panda_joint4', 'panda_joint5', 'panda_joint6', 'panda_joint7'] pts=1
[fjt] times[0..2]=[0.  1.5] times[-3:]=[0.  1.5]
[fjt] goal=[ 0.096 -0.016 -0.184 -2.339 -0.003  2.324 -0.87 ]
[fjt] final=[ 0.096 -0.016 -0.184 -2.339 -0.003  2.324 -0.87 ]
[fjt] err=[0. 0. 0. 0. 0. 0. 0.]
[fjt] names=['panda_joint1', 'panda_joint2', 'panda_joint3', 'panda_joint4', 'panda_joint5', 'panda_joint6', 'panda_joint7'] pts=1
[fjt] times[0..2]=[0.  1.5] times[-3:]=[0.  1.5]
[fjt] goal=[ 0.096 -0.016 -0.184 -2.339 -0.003  2.324 -0.87 ]
[fjt] final=[ 0.096 -0.016 -0.184 -2.339 -0.003  2.324 -0.87 ]
[fjt] err=[-0.  0. -0.  0.  0.  0.  0.]
[fjt] names=['panda_joint1', 'panda_joint2', 'panda_joint3', 'panda_joint4', 'panda_joint5', 'panda_joint6', 'panda_joint7'] pts=1
[fjt] times[0..2]=[0.  1.5] times[-3:]=[0.  1.5]
[fjt] goal=[ 0.096 -0.016 -0.184 -2.339 -0.003  2.324 -0.87 ]
[fjt] final=[ 0.096 -0.016 -0.184 -2.339 -0.003  2.324 -0.87 ]
[fjt] err=[ 0. -0.  0. -0. -0. -0. -0.]
[fjt] names=['panda_joint1', 'panda_joint2', 'panda_joint3', 'panda_joint4', 'panda_joint5', 'panda_joint6', 'panda_joint7'] pts=1
[fjt] times[0..2]=[0.  1.5] times[-3:]=[0.  1.5]
[fjt] goal=[ 0.096 -0.016 -0.184 -2.339 -0.003  2.324 -0.87 ]
[fjt] final=[ 0.096 -0.016 -0.184 -2.339 -0.003  2.324 -0.87 ]
[fjt] err=[ 0. -0.  0.  0. -0.  0.  0.]
[fjt] names=['panda_joint1', 'panda_joint2', 'panda_joint3', 'panda_joint4', 'panda_joint5', 'panda_joint6', 'panda_joint7'] pts=1
[fjt] times[0..2]=[0.  1.5] times[-3:]=[0.  1.5]
[fjt] goal=[ 0.096 -0.016 -0.184 -2.339 -0.003  2.324 -0.87 ]
[fjt] final=[ 0.096 -0.016 -0.184 -2.339 -0.003  2.324 -0.87 ]
[fjt] err=[ 0. -0.  0.  0. -0.  0.  0.]
[fjt] names=['panda_joint1', 'panda_joint2', 'panda_joint3', 'panda_joint4', 'panda_joint5', 'panda_joint6', 'panda_joint7'] pts=1
[fjt] times[0..2]=[0.  1.5] times[-3:]=[0.  1.5]
[fjt] goal=[ 0.096 -0.016 -0.184 -2.339 -0.003  2.324 -0.87 ]
[fjt] final=[ 0.096 -0.016 -0.184 -2.339 -0.003  2.324 -0.87 ]
[fjt] err=[ 0. -0.  0.  0. -0.  0.  0.]
[fjt] names=['panda_joint1', 'panda_joint2', 'panda_joint3', 'panda_joint4', 'panda_joint5', 'panda_joint6', 'panda_joint7'] pts=1
[fjt] times[0..2]=[0.  1.5] times[-3:]=[0.  1.5]
[fjt] goal=[ 0.096 -0.016 -0.184 -2.339 -0.003  2.324 -0.87 ]
[fjt] final=[ 0.096 -0.016 -0.184 -2.339 -0.003  2.324 -0.87 ]
[fjt] err=[0. 0. 0. 0. 0. 0. 0.]
[fjt] names=['panda_joint1', 'panda_joint2', 'panda_joint3', 'panda_joint4', 'panda_joint5', 'panda_joint6', 'panda_joint7'] pts=1
[fjt] times[0..2]=[0.  1.5] times[-3:]=[0.  1.5]
[fjt] goal=[ 0.096 -0.016 -0.184 -2.339 -0.003  2.324 -0.87 ]
[fjt] final=[ 0.096 -0.016 -0.184 -2.339 -0.003  2.324 -0.87 ]
[fjt] err=[0. 0. 0. 0. 0. 0. 0.]
[fjt] names=['panda_joint1', 'panda_joint2', 'panda_joint3', 'panda_joint4', 'panda_joint5', 'panda_joint6', 'panda_joint7'] pts=1
[fjt] times[0..2]=[0.  1.5] times[-3:]=[0.  1.5]
[fjt] goal=[ 0.096 -0.016 -0.184 -2.339 -0.003  2.324 -0.87 ]
[fjt] final=[ 0.096 -0.016 -0.184 -2.339 -0.003  2.324 -0.87 ]
[fjt] err=[0. 0. 0. 0. 0. 0. 0.]
[fjt] names=['panda_joint1', 'panda_joint2', 'panda_joint3', 'panda_joint4', 'panda_joint5', 'panda_joint6', 'panda_joint7'] pts=1
[fjt] times[0..2]=[0.  1.5] times[-3:]=[0.  1.5]
[fjt] goal=[ 0.096 -0.016 -0.184 -2.339 -0.003  2.324 -0.87 ]
[fjt] final=[ 0.096 -0.016 -0.184 -2.339 -0.003  2.324 -0.87 ]
[fjt] err=[0. 0. 0. 0. 0. 0. 0.]
[fjt] names=['panda_joint1', 'panda_joint2', 'panda_joint3', 'panda_joint4', 'panda_joint5', 'panda_joint6', 'panda_joint7'] pts=1
[fjt] times[0..2]=[0.  1.5] times[-3:]=[0.  1.5]
[fjt] goal=[ 0.096 -0.016 -0.184 -2.339 -0.003  2.324 -0.87 ]
[fjt] final=[ 0.096 -0.016 -0.184 -2.339 -0.003  2.324 -0.87 ]
[fjt] err=[0. 0. 0. 0. 0. 0. 0.]
[fjt] names=['panda_joint1', 'panda_joint2', 'panda_joint3', 'panda_joint4', 'panda_joint5', 'panda_joint6', 'panda_joint7'] pts=1
[fjt] times[0..2]=[0.  1.5] times[-3:]=[0.  1.5]
[fjt] goal=[ 0.096 -0.016 -0.184 -2.339 -0.003  2.324 -0.87 ]
[fjt] final=[ 0.096 -0.016 -0.184 -2.339 -0.003  2.324 -0.87 ]
[fjt] err=[0. 0. 0. 0. 0. 0. 0.]
[fjt] names=['panda_joint1', 'panda_joint2', 'panda_joint3', 'panda_joint4', 'panda_joint5', 'panda_joint6', 'panda_joint7'] pts=1
[fjt] times[0..2]=[0.  1.5] times[-3:]=[0.  1.5]
[fjt] goal=[ 0.096 -0.016 -0.184 -2.339 -0.003  2.324 -0.87 ]
[fjt] final=[ 0.096 -0.016 -0.184 -2.339 -0.003  2.324 -0.87 ]
[fjt] err=[0. 0. 0. 0. 0. 0. 0.]
[fjt] names=['panda_joint1', 'panda_joint2', 'panda_joint3', 'panda_joint4', 'panda_joint5', 'panda_joint6', 'panda_joint7'] pts=1
[fjt] times[0..2]=[0.  1.5] times[-3:]=[0.  1.5]
[fjt] goal=[ 0.096 -0.016 -0.184 -2.339 -0.003  2.324 -0.87 ]
[fjt] final=[ 0.096 -0.016 -0.184 -2.339 -0.003  2.324 -0.87 ]
[fjt] err=[0. 0. 0. 0. 0. 0. 0.]
[fjt] names=['panda_joint1', 'panda_joint2', 'panda_joint3', 'panda_joint4', 'panda_joint5', 'panda_joint6', 'panda_joint7'] pts=1
[fjt] times[0..2]=[0.  1.5] times[-3:]=[0.  1.5]
[fjt] goal=[ 0.096 -0.016 -0.184 -2.339 -0.003  2.324 -0.87 ]
[fjt] final=[ 0.096 -0.016 -0.184 -2.339 -0.003  2.324 -0.87 ]
[fjt] err=[0. 0. 0. 0. 0. 0. 0.]
[fjt] names=['panda_joint1', 'panda_joint2', 'panda_joint3', 'panda_joint4', 'panda_joint5', 'panda_joint6', 'panda_joint7'] pts=1
[fjt] times[0..2]=[0.  1.5] times[-3:]=[0.  1.5]
[fjt] goal=[ 0.096 -0.016 -0.184 -2.339 -0.003  2.324 -0.87 ]
[fjt] final=[ 0.096 -0.016 -0.184 -2.339 -0.003  2.324 -0.87 ]
[fjt] err=[0. 0. 0. 0. 0. 0. 0.]
[fjt] names=['panda_joint1', 'panda_joint2', 'panda_joint3', 'panda_joint4', 'panda_joint5', 'panda_joint6', 'panda_joint7'] pts=1
[fjt] times[0..2]=[0.  1.5] times[-3:]=[0.  1.5]
[fjt] goal=[ 0.096 -0.016 -0.184 -2.339 -0.003  2.324 -0.87 ]
[fjt] final=[ 0.096 -0.016 -0.184 -2.339 -0.003  2.324 -0.87 ]
[fjt] err=[0. 0. 0. 0. 0. 0. 0.]
[fjt] names=['panda_joint1', 'panda_joint2', 'panda_joint3', 'panda_joint4', 'panda_joint5', 'panda_joint6', 'panda_joint7'] pts=1
[fjt] times[0..2]=[0.  1.5] times[-3:]=[0.  1.5]
[fjt] goal=[ 0.096 -0.016 -0.184 -2.339 -0.003  2.324 -0.87 ]
[fjt] final=[ 0.096 -0.016 -0.184 -2.339 -0.003  2.324 -0.87 ]
[fjt] err=[0. 0. 0. 0. 0. 0. 0.]
[fjt] names=['panda_joint1', 'panda_joint2', 'panda_joint3', 'panda_joint4', 'panda_joint5', 'panda_joint6', 'panda_joint7'] pts=1
[fjt] times[0..2]=[0.  1.5] times[-3:]=[0.  1.5]
[fjt] goal=[ 0.096 -0.016 -0.184 -2.339 -0.003  2.324 -0.87 ]
[fjt] final=[ 0.096 -0.016 -0.184 -2.339 -0.003  2.324 -0.87 ]
[fjt] err=[0. 0. 0. 0. 0. 0. 0.]
[fjt] names=['panda_joint1', 'panda_joint2', 'panda_joint3', 'panda_joint4', 'panda_joint5', 'panda_joint6', 'panda_joint7'] pts=1
[fjt] times[0..2]=[0.  1.5] times[-3:]=[0.  1.5]
[fjt] goal=[ 0.096 -0.016 -0.184 -2.339 -0.003  2.324 -0.87 ]
[fjt] final=[ 0.096 -0.016 -0.184 -2.339 -0.003  2.324 -0.87 ]
[fjt] err=[0. 0. 0. 0. 0. 0. 0.]
[fjt] names=['panda_joint1', 'panda_joint2', 'panda_joint3', 'panda_joint4', 'panda_joint5', 'panda_joint6', 'panda_joint7'] pts=1
[fjt] times[0..2]=[0.  1.5] times[-3:]=[0.  1.5]
[fjt] goal=[ 0.096 -0.016 -0.184 -2.339 -0.003  2.324 -0.87 ]
[fjt] final=[ 0.096 -0.016 -0.184 -2.339 -0.003  2.324 -0.87 ]
[fjt] err=[0. 0. 0. 0. 0. 0. 0.]
[fjt] names=['panda_joint1', 'panda_joint2', 'panda_joint3', 'panda_joint4', 'panda_joint5', 'panda_joint6', 'panda_joint7'] pts=1
[fjt] times[0..2]=[0.  1.5] times[-3:]=[0.  1.5]
[fjt] goal=[ 0.096 -0.016 -0.184 -2.339 -0.003  2.324 -0.87 ]
[fjt] final=[ 0.096 -0.016 -0.184 -2.339 -0.003  2.324 -0.87 ]
[fjt] err=[0. 0. 0. 0. 0. 0. 0.]
[fjt] names=['panda_joint1', 'panda_joint2', 'panda_joint3', 'panda_joint4', 'panda_joint5', 'panda_joint6', 'panda_joint7'] pts=1
[fjt] times[0..2]=[0.  1.5] times[-3:]=[0.  1.5]
[fjt] goal=[ 0.096 -0.016 -0.184 -2.339 -0.003  2.324 -0.87 ]
[fjt] final=[ 0.096 -0.016 -0.184 -2.339 -0.003  2.324 -0.87 ]
[fjt] err=[0. 0. 0. 0. 0. 0. 0.]
[fjt] names=['panda_joint1', 'panda_joint2', 'panda_joint3', 'panda_joint4', 'panda_joint5', 'panda_joint6', 'panda_joint7'] pts=1
[fjt] times[0..2]=[0.  1.5] times[-3:]=[0.  1.5]
[fjt] goal=[ 0.096 -0.016 -0.184 -2.339 -0.003  2.324 -0.87 ]
[fjt] final=[ 0.096 -0.016 -0.184 -2.339 -0.003  2.324 -0.87 ]
[fjt] err=[0. 0. 0. 0. 0. 0. 0.]
[fjt] names=['panda_joint1', 'panda_joint2', 'panda_joint3', 'panda_joint4', 'panda_joint5', 'panda_joint6', 'panda_joint7'] pts=1
[fjt] times[0..2]=[0.  1.5] times[-3:]=[0.  1.5]
[fjt] goal=[ 0.096 -0.016 -0.184 -2.339 -0.003  2.324 -0.87 ]
[fjt] final=[ 0.096 -0.016 -0.184 -2.339 -0.003  2.324 -0.87 ]
[fjt] err=[0. 0. 0. 0. 0. 0. 0.]
[fjt] names=['panda_joint1', 'panda_joint2', 'panda_joint3', 'panda_joint4', 'panda_joint5', 'panda_joint6', 'panda_joint7'] pts=1
[fjt] times[0..2]=[0.  1.5] times[-3:]=[0.  1.5]
[fjt] goal=[ 0.096 -0.016 -0.184 -2.339 -0.003  2.324 -0.87 ]
[fjt] final=[ 0.096 -0.016 -0.184 -2.339 -0.003  2.324 -0.87 ]
[fjt] err=[0. 0. 0. 0. 0. 0. 0.]
[fjt] names=['panda_joint1', 'panda_joint2', 'panda_joint3', 'panda_joint4', 'panda_joint5', 'panda_joint6', 'panda_joint7'] pts=1
[fjt] times[0..2]=[0.  1.5] times[-3:]=[0.  1.5]
[fjt] goal=[ 0.096 -0.016 -0.184 -2.339 -0.003  2.324 -0.87 ]
[fjt] final=[ 0.096 -0.016 -0.184 -2.339 -0.003  2.324 -0.87 ]
[fjt] err=[0. 0. 0. 0. 0. 0. 0.]
[fjt] names=['panda_joint1', 'panda_joint2', 'panda_joint3', 'panda_joint4', 'panda_joint5', 'panda_joint6', 'panda_joint7'] pts=1
[fjt] times[0..2]=[0.  1.5] times[-3:]=[0.  1.5]
[fjt] goal=[ 0.096 -0.016 -0.184 -2.339 -0.003  2.324 -0.87 ]
[fjt] final=[ 0.096 -0.016 -0.184 -2.339 -0.003  2.324 -0.87 ]
[fjt] err=[0. 0. 0. 0. 0. 0. 0.]
[fjt] names=['panda_joint1', 'panda_joint2', 'panda_joint3', 'panda_joint4', 'panda_joint5', 'panda_joint6', 'panda_joint7'] pts=1
[fjt] times[0..2]=[0.  1.5] times[-3:]=[0.  1.5]
[fjt] goal=[ 0.096 -0.016 -0.184 -2.339 -0.003  2.324 -0.87 ]
[fjt] final=[ 0.096 -0.016 -0.184 -2.339 -0.003  2.324 -0.87 ]
[fjt] err=[0. 0. 0. 0. 0. 0. 0.]
[fjt] names=['panda_joint1', 'panda_joint2', 'panda_joint3', 'panda_joint4', 'panda_joint5', 'panda_joint6', 'panda_joint7'] pts=1
[fjt] times[0..2]=[0.  1.5] times[-3:]=[0.  1.5]
[fjt] goal=[ 0.096 -0.016 -0.184 -2.339 -0.003  2.324 -0.87 ]
[fjt] final=[ 0.096 -0.016 -0.184 -2.339 -0.003  2.324 -0.87 ]
[fjt] err=[0. 0. 0. 0. 0. 0. 0.]
[fjt] names=['panda_joint1', 'panda_joint2', 'panda_joint3', 'panda_joint4', 'panda_joint5', 'panda_joint6', 'panda_joint7'] pts=1
[fjt] times[0..2]=[0.  1.5] times[-3:]=[0.  1.5]
[fjt] goal=[ 0.096 -0.016 -0.184 -2.339 -0.003  2.324 -0.87 ]
[fjt] final=[ 0.096 -0.016 -0.184 -2.339 -0.003  2.324 -0.87 ]
[fjt] err=[0. 0. 0. 0. 0. 0. 0.]
[fjt] names=['panda_joint1', 'panda_joint2', 'panda_joint3', 'panda_joint4', 'panda_joint5', 'panda_joint6', 'panda_joint7'] pts=1
[fjt] times[0..2]=[0.  1.5] times[-3:]=[0.  1.5]
[fjt] goal=[ 0.096 -0.016 -0.184 -2.339 -0.003  2.324 -0.87 ]
[fjt] final=[ 0.096 -0.016 -0.184 -2.339 -0.003  2.324 -0.87 ]
[fjt] err=[0. 0. 0. 0. 0. 0. 0.]
[fjt] names=['panda_joint1', 'panda_joint2', 'panda_joint3', 'panda_joint4', 'panda_joint5', 'panda_joint6', 'panda_joint7'] pts=1
[fjt] times[0..2]=[0.  1.5] times[-3:]=[0.  1.5]
[fjt] goal=[ 0.096 -0.016 -0.184 -2.339 -0.003  2.324 -0.87 ]
[fjt] final=[ 0.096 -0.016 -0.184 -2.339 -0.003  2.324 -0.87 ]
[fjt] err=[0. 0. 0. 0. 0. 0. 0.]
[fjt] names=['panda_joint1', 'panda_joint2', 'panda_joint3', 'panda_joint4', 'panda_joint5', 'panda_joint6', 'panda_joint7'] pts=1
[fjt] times[0..2]=[0.  1.5] times[-3:]=[0.  1.5]
[fjt] goal=[ 0.096 -0.016 -0.184 -2.339 -0.003  2.324 -0.87 ]
[fjt] final=[ 0.096 -0.016 -0.184 -2.339 -0.003  2.324 -0.87 ]
[fjt] err=[0. 0. 0. 0. 0. 0. 0.]
[fjt] names=['panda_joint1', 'panda_joint2', 'panda_joint3', 'panda_joint4', 'panda_joint5', 'panda_joint6', 'panda_joint7'] pts=1
[fjt] times[0..2]=[0.  1.5] times[-3:]=[0.  1.5]
[fjt] goal=[ 0.096 -0.016 -0.184 -2.339 -0.003  2.324 -0.87 ]
[fjt] final=[ 0.096 -0.016 -0.184 -2.339 -0.003  2.324 -0.87 ]
[fjt] err=[0. 0. 0. 0. 0. 0. 0.]
[fjt] names=['panda_joint1', 'panda_joint2', 'panda_joint3', 'panda_joint4', 'panda_joint5', 'panda_joint6', 'panda_joint7'] pts=1
[fjt] times[0..2]=[0.  1.5] times[-3:]=[0.  1.5]
[fjt] goal=[ 0.096 -0.016 -0.184 -2.339 -0.003  2.324 -0.87 ]
[fjt] final=[ 0.096 -0.016 -0.184 -2.339 -0.003  2.324 -0.87 ]
[fjt] err=[0. 0. 0. 0. 0. 0. 0.]
[fjt] names=['panda_joint1', 'panda_joint2', 'panda_joint3', 'panda_joint4', 'panda_joint5', 'panda_joint6', 'panda_joint7'] pts=1
[fjt] times[0..2]=[0.  1.5] times[-3:]=[0.  1.5]
[fjt] goal=[ 0.096 -0.016 -0.184 -2.339 -0.003  2.324 -0.87 ]
[fjt] final=[ 0.096 -0.016 -0.184 -2.339 -0.003  2.324 -0.87 ]
[fjt] err=[0. 0. 0. 0. 0. 0. 0.]
[fjt] names=['panda_joint1', 'panda_joint2', 'panda_joint3', 'panda_joint4', 'panda_joint5', 'panda_joint6', 'panda_joint7'] pts=1
[fjt] times[0..2]=[0.  1.5] times[-3:]=[0.  1.5]
[fjt] goal=[ 0.096 -0.016 -0.184 -2.339 -0.003  2.324 -0.87 ]
[fjt] final=[ 0.096 -0.016 -0.184 -2.339 -0.003  2.324 -0.87 ]
[fjt] err=[0. 0. 0. 0. 0. 0. 0.]
[fjt] names=['panda_joint1', 'panda_joint2', 'panda_joint3', 'panda_joint4', 'panda_joint5', 'panda_joint6', 'panda_joint7'] pts=1
[fjt] times[0..2]=[0.  2.5] times[-3:]=[0.  2.5]
[fjt] goal=[ 0.117  0.3   -0.139 -2.288  0.078  2.584 -0.032]
[fjt] final=[ 0.117  0.299 -0.139 -2.288  0.075  2.582 -0.373]
[fjt] err=[-0.    -0.001 -0.    -0.001 -0.003 -0.002 -0.341]
[fjt] names=['panda_joint1', 'panda_joint2', 'panda_joint3', 'panda_joint4', 'panda_joint5', 'panda_joint6', 'panda_joint7'] pts=1
[fjt] times[0..2]=[0.  2.5] times[-3:]=[0.  2.5]
[fjt] goal=[ 0.117  0.3   -0.139 -2.288  0.078  2.584 -0.032]
[fjt] final=[ 0.117  0.3   -0.139 -2.288  0.076  2.582 -0.034]
[fjt] err=[-0.    -0.001 -0.    -0.001 -0.001 -0.002 -0.002]
[fjt] names=['panda_joint1', 'panda_joint2', 'panda_joint3', 'panda_joint4', 'panda_joint5', 'panda_joint6', 'panda_joint7'] pts=1
[fjt] times[0..2]=[0.  1.2] times[-3:]=[0.  1.2]
[fjt] goal=[ 0.11   0.371 -0.128 -2.283  0.098  2.649 -0.046]
[fjt] final=[ 0.11   0.37  -0.129 -2.283  0.096  2.647 -0.044]
[fjt] err=[ 0.    -0.001 -0.001 -0.001 -0.002 -0.002  0.002]
[fjt] names=['panda_joint1', 'panda_joint2', 'panda_joint3', 'panda_joint4', 'panda_joint5', 'panda_joint6', 'panda_joint7'] pts=1
[fjt] times[0..2]=[0.  1.2] times[-3:]=[0.  1.2]
[fjt] goal=[ 0.103  0.42  -0.118 -2.275  0.11   2.69  -0.055]
[fjt] final=[ 0.103  0.419 -0.119 -2.276  0.109  2.688 -0.053]
[fjt] err=[ 0.    -0.001 -0.001 -0.001 -0.002 -0.002  0.002]
[fjt] names=['panda_joint1', 'panda_joint2', 'panda_joint3', 'panda_joint4', 'panda_joint5', 'panda_joint6', 'panda_joint7'] pts=1
[fjt] times[0..2]=[0.  1.2] times[-3:]=[0.  1.2]
[fjt] goal=[ 0.096  0.458 -0.11  -2.267  0.119  2.72  -0.062]
[fjt] final=[ 0.097  0.457 -0.111 -2.268  0.117  2.718 -0.059]
[fjt] err=[ 0.    -0.001 -0.001 -0.001 -0.002 -0.002  0.002]
[fjt] names=['panda_joint1', 'panda_joint2', 'panda_joint3', 'panda_joint4', 'panda_joint5', 'panda_joint6', 'panda_joint7'] pts=1
[fjt] times[0..2]=[0.  1.2] times[-3:]=[0.  1.2]
[fjt] goal=[ 0.09   0.496 -0.102 -2.258  0.127  2.749 -0.067]
[fjt] final=[ 0.09   0.495 -0.103 -2.259  0.125  2.747 -0.065]
[fjt] err=[ 0.    -0.001 -0.001 -0.001 -0.002 -0.002  0.002]
[fjt] names=['panda_joint1', 'panda_joint2', 'panda_joint3', 'panda_joint4', 'panda_joint5', 'panda_joint6', 'panda_joint7'] pts=1
[fjt] times[0..2]=[0.  1.2] times[-3:]=[0.  1.2]
[fjt] goal=[ 0.085  0.522 -0.096 -2.251  0.131  2.768 -0.071]
[fjt] final=[ 0.085  0.521 -0.097 -2.251  0.129  2.766 -0.068]
[fjt] err=[ 0.    -0.001 -0.001 -0.001 -0.002 -0.002  0.003]
[fjt] names=['panda_joint1', 'panda_joint2', 'panda_joint3', 'panda_joint4', 'panda_joint5', 'panda_joint6', 'panda_joint7'] pts=1
[fjt] times[0..2]=[0.  1.2] times[-3:]=[0.  1.2]
[fjt] goal=[ 0.08   0.548 -0.09  -2.243  0.135  2.786 -0.073]
[fjt] final=[ 0.08   0.533 -0.094 -2.245  0.132  2.779 -0.068]
[fjt] err=[ 0.    -0.015 -0.004 -0.002 -0.002 -0.007  0.005]
[fjt] names=['panda_joint1', 'panda_joint2', 'panda_joint3', 'panda_joint4', 'panda_joint5', 'panda_joint6', 'panda_joint7'] pts=1
[fjt] times[0..2]=[0.  1.2] times[-3:]=[0.  1.2]
[fjt] goal=[ 0.08   0.548 -0.09  -2.243  0.135  2.786 -0.073]
[fjt] final=[ 0.08   0.535 -0.093 -2.244  0.132  2.781 -0.069]
[fjt] err=[ 0.    -0.013 -0.003 -0.001 -0.002 -0.005  0.004]
[fjt] names=['panda_joint1', 'panda_joint2', 'panda_joint3', 'panda_joint4', 'panda_joint5', 'panda_joint6', 'panda_joint7'] pts=1
[fjt] times[0..2]=[0.  1.2] times[-3:]=[0.  1.2]
[fjt] goal=[ 0.08   0.548 -0.09  -2.243  0.135  2.786 -0.073]
[fjt] final=[ 0.08   0.536 -0.092 -2.243  0.133  2.782 -0.07 ]
[fjt] err=[ 0.    -0.012 -0.002  0.    -0.002 -0.004  0.004]
[fjt] names=['panda_joint1', 'panda_joint2', 'panda_joint3', 'panda_joint4', 'panda_joint5', 'panda_joint6', 'panda_joint7'] pts=1
[fjt] times[0..2]=[0.  1.2] times[-3:]=[0.  1.2]
[fjt] goal=[ 0.078  0.559 -0.085 -2.248  0.137  2.803 -0.074]
[fjt] final=[ 0.078  0.538 -0.089 -2.246  0.134  2.798 -0.071]
[fjt] err=[ 0.001 -0.021 -0.003  0.002 -0.002 -0.005  0.003]
[fjt] names=['panda_joint1', 'panda_joint2', 'panda_joint3', 'panda_joint4', 'panda_joint5', 'panda_joint6', 'panda_joint7'] pts=1
[fjt] times[0..2]=[0.  1.2] times[-3:]=[0.  1.2]
[fjt] goal=[ 0.078  0.559 -0.085 -2.248  0.137  2.803 -0.074]
[fjt] final=[ 0.078  0.538 -0.088 -2.246  0.134  2.799 -0.071]
[fjt] err=[ 0.001 -0.021 -0.003  0.003 -0.002 -0.004  0.003]
[fjt] names=['panda_joint1', 'panda_joint2', 'panda_joint3', 'panda_joint4', 'panda_joint5', 'panda_joint6', 'panda_joint7'] pts=1
[fjt] times[0..2]=[0.  1.2] times[-3:]=[0.  1.2]
[fjt] goal=[ 0.078  0.559 -0.085 -2.248  0.137  2.803 -0.074]
[fjt] final=[ 0.078  0.539 -0.088 -2.245  0.134  2.8   -0.071]
[fjt] err=[ 0.001 -0.021 -0.003  0.004 -0.002 -0.003  0.003]
[fjt] names=['panda_joint1', 'panda_joint2', 'panda_joint3', 'panda_joint4', 'panda_joint5', 'panda_joint6', 'panda_joint7'] pts=1
[fjt] times[0..2]=[0.  1.5] times[-3:]=[0.  1.5]
[fjt] goal=[ 0.078  0.539 -0.088 -2.245  0.134  2.8   -0.071]
[fjt] final=[ 0.078  0.537 -0.088 -2.245  0.134  2.799 -0.071]
[fjt] err=[ 0.    -0.002 -0.    -0.001 -0.    -0.    -0.   ]
[fjt] names=['panda_joint1', 'panda_joint2', 'panda_joint3', 'panda_joint4', 'panda_joint5', 'panda_joint6', 'panda_joint7'] pts=1
[fjt] times[0..2]=[0.  1.5] times[-3:]=[0.  1.5]
[fjt] goal=[ 0.078  0.536 -0.088 -2.245  0.134  2.799 -0.071]
[fjt] final=[ 0.078  0.534 -0.089 -2.245  0.134  2.799 -0.071]
[fjt] err=[-0.    -0.002 -0.001  0.     0.     0.     0.   ]
[fjt] names=['panda_joint1', 'panda_joint2', 'panda_joint3', 'panda_joint4', 'panda_joint5', 'panda_joint6', 'panda_joint7'] pts=1
[fjt] times[0..2]=[0.  1.5] times[-3:]=[0.  1.5]
[fjt] goal=[ 0.078  0.534 -0.089 -2.245  0.134  2.799 -0.071]
[fjt] final=[ 0.078  0.531 -0.091 -2.245  0.134  2.8   -0.071]
[fjt] err=[-0.    -0.003 -0.001  0.     0.     0.     0.   ]
[fjt] names=['panda_joint1', 'panda_joint2', 'panda_joint3', 'panda_joint4', 'panda_joint5', 'panda_joint6', 'panda_joint7'] pts=1
[fjt] times[0..2]=[0.  1.5] times[-3:]=[0.  1.5]
[fjt] goal=[ 0.078  0.531 -0.091 -2.245  0.134  2.8   -0.071]
[fjt] final=[ 0.078  0.529 -0.092 -2.245  0.134  2.8   -0.071]
[fjt] err=[-0.    -0.002 -0.001  0.    -0.     0.     0.   ]
[fjt] names=['panda_joint1', 'panda_joint2', 'panda_joint3', 'panda_joint4', 'panda_joint5', 'panda_joint6', 'panda_joint7'] pts=1
[fjt] times[0..2]=[0.  1.5] times[-3:]=[0.  1.5]
[fjt] goal=[ 0.078  0.529 -0.092 -2.245  0.134  2.8   -0.071]
[fjt] final=[ 0.078  0.527 -0.094 -2.244  0.134  2.8   -0.071]
[fjt] err=[-0.    -0.002 -0.002  0.    -0.     0.     0.   ]
[fjt] names=['panda_joint1', 'panda_joint2', 'panda_joint3', 'panda_joint4', 'panda_joint5', 'panda_joint6', 'panda_joint7'] pts=1
[fjt] times[0..2]=[0.  1.5] times[-3:]=[0.  1.5]
[fjt] goal=[ 0.078  0.527 -0.094 -2.244  0.134  2.8   -0.071]
[fjt] final=[ 0.078  0.526 -0.095 -2.244  0.134  2.8   -0.071]
[fjt] err=[-0.    -0.001 -0.001  0.    -0.     0.    -0.   ]
[fjt] names=['panda_joint1', 'panda_joint2', 'panda_joint3', 'panda_joint4', 'panda_joint5', 'panda_joint6', 'panda_joint7'] pts=1
[fjt] times[0..2]=[0.  1.5] times[-3:]=[0.  1.5]
[fjt] goal=[ 0.078  0.526 -0.095 -2.244  0.134  2.8   -0.071]
[fjt] final=[ 0.078  0.525 -0.095 -2.243  0.134  2.8   -0.071]
[fjt] err=[-0.    -0.    -0.001  0.    -0.     0.    -0.   ]
[fjt] names=['panda_joint1', 'panda_joint2', 'panda_joint3', 'panda_joint4', 'panda_joint5', 'panda_joint6', 'panda_joint7'] pts=1
[fjt] times[0..2]=[0.  1.5] times[-3:]=[0.  1.5]
[fjt] goal=[ 0.078  0.525 -0.095 -2.243  0.134  2.8   -0.071]
[fjt] final=[ 0.078  0.525 -0.096 -2.243  0.134  2.8   -0.071]
[fjt] err=[-0.    -0.    -0.001  0.    -0.     0.    -0.   ]
[fjt] names=['panda_joint1', 'panda_joint2', 'panda_joint3', 'panda_joint4', 'panda_joint5', 'panda_joint6', 'panda_joint7'] pts=1
[fjt] times[0..2]=[0.  1.5] times[-3:]=[0.  1.5]
[fjt] goal=[ 0.078  0.525 -0.096 -2.243  0.134  2.8   -0.071]
[fjt] final=[ 0.078  0.525 -0.096 -2.243  0.134  2.8   -0.071]
[fjt] err=[-0.    -0.    -0.001  0.001 -0.     0.    -0.   ]
[fjt] names=['panda_joint1', 'panda_joint2', 'panda_joint3', 'panda_joint4', 'panda_joint5', 'panda_joint6', 'panda_joint7'] pts=1
[fjt] times[0..2]=[0.  1.5] times[-3:]=[0.  1.5]
[fjt] goal=[ 0.078  0.525 -0.096 -2.243  0.134  2.8   -0.071]
[fjt] final=[ 0.078  0.525 -0.097 -2.242  0.134  2.8   -0.071]
[fjt] err=[-0.    -0.    -0.001  0.001 -0.     0.    -0.   ]
[fjt] names=['panda_joint1', 'panda_joint2', 'panda_joint3', 'panda_joint4', 'panda_joint5', 'panda_joint6', 'panda_joint7'] pts=1
[fjt] times[0..2]=[0.  1.5] times[-3:]=[0.  1.5]
[fjt] goal=[ 0.078  0.525 -0.097 -2.242  0.134  2.8   -0.071]
[fjt] final=[ 0.078  0.525 -0.097 -2.242  0.134  2.8   -0.071]
[fjt] err=[-0.    -0.    -0.001  0.    -0.     0.    -0.   ]
[fjt] names=['panda_joint1', 'panda_joint2', 'panda_joint3', 'panda_joint4', 'panda_joint5', 'panda_joint6', 'panda_joint7'] pts=1
[fjt] times[0..2]=[0.  1.5] times[-3:]=[0.  1.5]
[fjt] goal=[ 0.078  0.525 -0.097 -2.242  0.134  2.8   -0.071]
[fjt] final=[ 0.078  0.525 -0.098 -2.241  0.134  2.8   -0.071]
[fjt] err=[-0.    -0.    -0.001  0.    -0.     0.    -0.   ]
[fjt] names=['panda_joint1', 'panda_joint2', 'panda_joint3', 'panda_joint4', 'panda_joint5', 'panda_joint6', 'panda_joint7'] pts=1
[fjt] times[0..2]=[0.  1.5] times[-3:]=[0.  1.5]
[fjt] goal=[ 0.078  0.525 -0.098 -2.241  0.134  2.8   -0.071]
[fjt] final=[ 0.078  0.525 -0.099 -2.24   0.134  2.8   -0.072]
[fjt] err=[-0.    -0.    -0.001  0.001 -0.     0.    -0.   ]
[fjt] names=['panda_joint1', 'panda_joint2', 'panda_joint3', 'panda_joint4', 'panda_joint5', 'panda_joint6', 'panda_joint7'] pts=1
[fjt] times[0..2]=[0.  1.5] times[-3:]=[0.  1.5]
[fjt] goal=[ 0.078  0.525 -0.099 -2.24   0.134  2.8   -0.072]
[fjt] final=[ 0.078  0.524 -0.1   -2.24   0.133  2.8   -0.072]
[fjt] err=[-0.    -0.    -0.001  0.001 -0.    -0.    -0.   ]
[fjt] names=['panda_joint1', 'panda_joint2', 'panda_joint3', 'panda_joint4', 'panda_joint5', 'panda_joint6', 'panda_joint7'] pts=1
[fjt] times[0..2]=[0.  1.5] times[-3:]=[0.  1.5]
[fjt] goal=[ 0.078  0.524 -0.1   -2.24   0.133  2.8   -0.072]
[fjt] final=[ 0.078  0.524 -0.1   -2.239  0.133  2.8   -0.072]
[fjt] err=[-0.     0.    -0.001  0.    -0.     0.    -0.   ]
[fjt] names=['panda_joint1', 'panda_joint2', 'panda_joint3', 'panda_joint4', 'panda_joint5', 'panda_joint6', 'panda_joint7'] pts=1
[fjt] times[0..2]=[0.  1.5] times[-3:]=[0.  1.5]
[fjt] goal=[ 0.078  0.524 -0.1   -2.239  0.133  2.8   -0.072]
[fjt] final=[ 0.078  0.525 -0.1   -2.239  0.133  2.8   -0.072]
[fjt] err=[-0.  0. -0.  0. -0.  0. -0.]
[fjt] names=['panda_joint1', 'panda_joint2', 'panda_joint3', 'panda_joint4', 'panda_joint5', 'panda_joint6', 'panda_joint7'] pts=1
[fjt] times[0..2]=[0.  1.5] times[-3:]=[0.  1.5]
[fjt] goal=[ 0.078  0.525 -0.1   -2.239  0.133  2.8   -0.072]
[fjt] final=[ 0.078  0.525 -0.1   -2.239  0.133  2.8   -0.072]
[fjt] err=[-0.  0. -0.  0. -0.  0. -0.]
[fjt] names=['panda_joint1', 'panda_joint2', 'panda_joint3', 'panda_joint4', 'panda_joint5', 'panda_joint6', 'panda_joint7'] pts=1
[fjt] times[0..2]=[0.  1.5] times[-3:]=[0.  1.5]
[fjt] goal=[ 0.078  0.525 -0.1   -2.239  0.133  2.8   -0.072]
[fjt] final=[ 0.078  0.525 -0.101 -2.239  0.133  2.801 -0.072]
[fjt] err=[-0.  0. -0.  0. -0.  0. -0.]
[fjt] names=['panda_joint1', 'panda_joint2', 'panda_joint3', 'panda_joint4', 'panda_joint5', 'panda_joint6', 'panda_joint7'] pts=1
[fjt] times[0..2]=[0.  1.5] times[-3:]=[0.  1.5]
[fjt] goal=[ 0.078  0.525 -0.101 -2.239  0.133  2.801 -0.072]
[fjt] final=[ 0.078  0.525 -0.101 -2.239  0.132  2.801 -0.072]
[fjt] err=[-0.  0. -0.  0. -0.  0. -0.]
[fjt] names=['panda_joint1', 'panda_joint2', 'panda_joint3', 'panda_joint4', 'panda_joint5', 'panda_joint6', 'panda_joint7'] pts=1
[fjt] times[0..2]=[0.  1.5] times[-3:]=[0.  1.5]
[fjt] goal=[ 0.078  0.525 -0.101 -2.239  0.132  2.801 -0.072]
[fjt] final=[ 0.078  0.525 -0.101 -2.239  0.132  2.801 -0.072]
[fjt] err=[-0.  0. -0.  0. -0.  0. -0.]
[fjt] names=['panda_joint1', 'panda_joint2', 'panda_joint3', 'panda_joint4', 'panda_joint5', 'panda_joint6', 'panda_joint7'] pts=1
[fjt] times[0..2]=[0.  1.5] times[-3:]=[0.  1.5]
[fjt] goal=[ 0.087  0.506 -0.099 -2.255  0.128  2.757 -0.068]
[fjt] final=[ 0.087  0.508 -0.1   -2.254  0.129  2.759 -0.071]
[fjt] err=[-0.     0.001 -0.001  0.001  0.002  0.002 -0.003]
[fjt] names=['panda_joint1', 'panda_joint2', 'panda_joint3', 'panda_joint4', 'panda_joint5', 'panda_joint6', 'panda_joint7'] pts=1
[fjt] times[0..2]=[0.  1.5] times[-3:]=[0.  1.5]
[fjt] goal=[ 0.087  0.508 -0.1   -2.254  0.129  2.759 -0.071]
[fjt] final=[ 0.087  0.508 -0.1   -2.254  0.129  2.759 -0.071]
[fjt] err=[-0.  0. -0. -0.  0. -0.  0.]
[fjt] names=['panda_joint1', 'panda_joint2', 'panda_joint3', 'panda_joint4', 'panda_joint5', 'panda_joint6', 'panda_joint7'] pts=1
[fjt] times[0..2]=[0. 2.] times[-3:]=[0. 2.]
[fjt] goal=[ 0.148  0.193 -0.174 -2.28   0.053  2.469 -0.015]
[fjt] final=[ 0.147  0.195 -0.173 -2.28   0.055  2.471 -0.017]
[fjt] err=[-0.001  0.002  0.001 -0.     0.002  0.002 -0.002]
[fjt] names=['panda_joint1', 'panda_joint2', 'panda_joint3', 'panda_joint4', 'panda_joint5', 'panda_joint6', 'panda_joint7'] pts=1
[fjt] times[0..2]=[0.  1.5] times[-3:]=[0.  1.5]
[fjt] goal=[ 0.147  0.195 -0.173 -2.28   0.055  2.471 -0.017]
[fjt] final=[ 0.147  0.196 -0.173 -2.281  0.055  2.471 -0.017]
[fjt] err=[ 0.     0.001  0.    -0.001  0.    -0.     0.   ]
[fjt] names=['panda_joint1', 'panda_joint2', 'panda_joint3', 'panda_joint4', 'panda_joint5', 'panda_joint6', 'panda_joint7'] pts=1
[fjt] times[0..2]=[0. 2.] times[-3:]=[0. 2.]
[fjt] goal=[ 0.04  -0.017 -0.13  -2.339 -0.003  2.322 -0.873]
[fjt] final=[ 4.100e-02 -1.500e-02 -1.310e-01 -2.340e+00 -1.000e-03  2.324e+00
 -4.400e-01]
[fjt] err=[ 0.     0.002 -0.001 -0.001  0.002  0.002  0.433]
[fjt] names=['panda_joint1', 'panda_joint2', 'panda_joint3', 'panda_joint4', 'panda_joint5', 'panda_joint6', 'panda_joint7'] pts=1
[fjt] times[0..2]=[0. 2.] times[-3:]=[0. 2.]
[fjt] goal=[ 0.04  -0.017 -0.13  -2.339 -0.003  2.322 -0.873]
[fjt] final=[ 4.100e-02 -1.600e-02 -1.310e-01 -2.341e+00 -1.000e-03  2.324e+00
 -8.490e-01]
[fjt] err=[ 0.     0.001 -0.001 -0.001  0.002  0.002  0.024]
[fjt] names=['panda_joint1', 'panda_joint2', 'panda_joint3', 'panda_joint4', 'panda_joint5', 'panda_joint6', 'panda_joint7'] pts=1
[fjt] times[0..2]=[0. 2.] times[-3:]=[0. 2.]
[fjt] goal=[ 0.04  -0.017 -0.13  -2.339 -0.003  2.322 -0.873]
[fjt] final=[ 4.100e-02 -1.600e-02 -1.300e-01 -2.342e+00 -2.000e-03  2.324e+00
 -8.710e-01]
[fjt] err=[ 0.     0.001 -0.001 -0.002  0.001  0.001  0.002]
[fjt] names=['panda_joint1', 'panda_joint2', 'panda_joint3', 'panda_joint4', 'panda_joint5', 'panda_joint6', 'panda_joint7'] pts=1
[fjt] times[0..2]=[0. 3.] times[-3:]=[0. 3.]
[fjt] goal=[ 0.143  0.082  0.004 -2.279 -0.886  2.014 -0.094]
[fjt] final=[ 0.143  0.082  0.004 -2.282 -0.588  2.018 -0.279]
[fjt] err=[-0.     0.    -0.    -0.003  0.298  0.004 -0.185]
[fjt] names=['panda_joint1', 'panda_joint2', 'panda_joint3', 'panda_joint4', 'panda_joint5', 'panda_joint6', 'panda_joint7'] pts=1
[fjt] times[0..2]=[0. 3.] times[-3:]=[0. 3.]
[fjt] goal=[ 0.143  0.082  0.004 -2.279 -0.886  2.014 -0.094]
[fjt] final=[ 0.143  0.083  0.004 -2.281 -0.884  2.017 -0.097]
[fjt] err=[-0.     0.001 -0.    -0.002  0.002  0.003 -0.002]
[fjt] names=['panda_joint1', 'panda_joint2', 'panda_joint3', 'panda_joint4', 'panda_joint5', 'panda_joint6', 'panda_joint7'] pts=1
[fjt] times[0..2]=[0. 3.] times[-3:]=[0. 3.]
[fjt] goal=[ 0.292  0.417  0.061 -2.143 -1.289  1.362  0.238]
[fjt] final=[ 0.292  0.418  0.061 -2.145 -1.286  1.473  0.236]
[fjt] err=[-0.     0.    -0.    -0.002  0.003  0.11  -0.002]
[fjt] names=['panda_joint1', 'panda_joint2', 'panda_joint3', 'panda_joint4', 'panda_joint5', 'panda_joint6', 'panda_joint7'] pts=1
[fjt] times[0..2]=[0. 3.] times[-3:]=[0. 3.]
[fjt] goal=[ 0.292  0.417  0.061 -2.143 -1.289  1.362  0.238]
[fjt] final=[ 0.292  0.418  0.061 -2.144 -1.287  1.366  0.236]
[fjt] err=[-0.     0.001 -0.    -0.002  0.002  0.004 -0.002]
[fjt] names=['panda_joint1', 'panda_joint2', 'panda_joint3', 'panda_joint4', 'panda_joint5', 'panda_joint6', 'panda_joint7'] pts=1
[fjt] times[0..2]=[0. 3.] times[-3:]=[0. 3.]
[fjt] goal=[ 0.185  0.606 -0.033 -1.981 -1.427  1.504  0.234]
[fjt] final=[ 0.185  0.606 -0.032 -1.983 -1.424  1.504  0.236]
[fjt] err=[ 0.     0.     0.001 -0.002  0.002 -0.     0.002]
[fjt] names=['panda_joint1', 'panda_joint2', 'panda_joint3', 'panda_joint4', 'panda_joint5', 'panda_joint6', 'panda_joint7'] pts=1
[fjt] times[0..2]=[0. 3.] times[-3:]=[0. 3.]
[fjt] goal=[ 0.079  0.823 -0.103 -1.745 -1.523  1.63   0.207]
[fjt] final=[ 0.079  0.823 -0.102 -1.747 -1.52   1.63   0.21 ]
[fjt] err=[ 0.     0.     0.001 -0.002  0.002 -0.     0.003]
[fjt] names=['panda_joint1', 'panda_joint2', 'panda_joint3', 'panda_joint4', 'panda_joint5', 'panda_joint6', 'panda_joint7'] pts=1
[fjt] times[0..2]=[0.  1.2] times[-3:]=[0.  1.2]
[fjt] goal=[ 0.076  0.893 -0.1   -1.703 -1.519  1.631  0.236]
[fjt] final=[ 0.076  0.894 -0.1   -1.705 -1.52   1.631  0.234]
[fjt] err=[ 0.     0.     0.    -0.002 -0.     0.    -0.002]
[fjt] names=['panda_joint1', 'panda_joint2', 'panda_joint3', 'panda_joint4', 'panda_joint5', 'panda_joint6', 'panda_joint7'] pts=1
[fjt] times[0..2]=[0.  1.2] times[-3:]=[0.  1.2]
[fjt] goal=[ 0.073  0.942 -0.098 -1.672 -1.517  1.631  0.253]
[fjt] final=[ 0.074  0.942 -0.098 -1.674 -1.518  1.632  0.251]
[fjt] err=[ 0.     0.     0.    -0.002 -0.     0.    -0.002]
[fjt] names=['panda_joint1', 'panda_joint2', 'panda_joint3', 'panda_joint4', 'panda_joint5', 'panda_joint6', 'panda_joint7'] pts=1
[fjt] times[0..2]=[0.  1.2] times[-3:]=[0.  1.2]
[fjt] goal=[ 0.072  0.967 -0.097 -1.655 -1.516  1.632  0.261]
[fjt] final=[ 0.073  0.967 -0.097 -1.657 -1.516  1.632  0.259]
[fjt] err=[ 0.     0.     0.    -0.002 -0.     0.001 -0.002]
[fjt] names=['panda_joint1', 'panda_joint2', 'panda_joint3', 'panda_joint4', 'panda_joint5', 'panda_joint6', 'panda_joint7'] pts=1
[fjt] times[0..2]=[0.  1.2] times[-3:]=[0.  1.2]
[fjt] goal=[ 0.071  0.992 -0.096 -1.637 -1.515  1.632  0.268]
[fjt] final=[ 0.072  0.992 -0.096 -1.639 -1.515  1.633  0.266]
[fjt] err=[ 0.     0.     0.    -0.002 -0.     0.001 -0.002]
[fjt] names=['panda_joint1', 'panda_joint2', 'panda_joint3', 'panda_joint4', 'panda_joint5', 'panda_joint6', 'panda_joint7'] pts=1
[fjt] times[0..2]=[0.  1.2] times[-3:]=[0.  1.2]
[fjt] goal=[ 0.071  1.005 -0.096 -1.628 -1.514  1.632  0.272]
[fjt] final=[ 0.071  1.005 -0.096 -1.63  -1.515  1.633  0.27 ]
[fjt] err=[ 0.     0.     0.    -0.002 -0.     0.001 -0.002]
[fjt] names=['panda_joint1', 'panda_joint2', 'panda_joint3', 'panda_joint4', 'panda_joint5', 'panda_joint6', 'panda_joint7'] pts=1
[fjt] times[0..2]=[0.  1.2] times[-3:]=[0.  1.2]
[fjt] goal=[ 0.071  1.017 -0.096 -1.619 -1.514  1.632  0.275]
[fjt] final=[ 0.071  1.018 -0.096 -1.62  -1.514  1.633  0.273]
[fjt] err=[ 0.     0.     0.    -0.002 -0.     0.001 -0.002]
[fjt] names=['panda_joint1', 'panda_joint2', 'panda_joint3', 'panda_joint4', 'panda_joint5', 'panda_joint6', 'panda_joint7'] pts=1
[fjt] times[0..2]=[0.  1.2] times[-3:]=[0.  1.2]
[fjt] goal=[ 0.07   1.03  -0.095 -1.609 -1.513  1.632  0.278]
[fjt] final=[ 0.07   1.031 -0.095 -1.611 -1.513  1.633  0.276]
[fjt] err=[ 0.     0.     0.    -0.002 -0.     0.001 -0.002]
[fjt] names=['panda_joint1', 'panda_joint2', 'panda_joint3', 'panda_joint4', 'panda_joint5', 'panda_joint6', 'panda_joint7'] pts=1
[fjt] times[0..2]=[0.  1.2] times[-3:]=[0.  1.2]
[fjt] goal=[ 0.07   1.043 -0.095 -1.599 -1.512  1.632  0.281]
[fjt] final=[ 0.071  1.036 -0.094 -1.607 -1.511  1.628  0.277]
[fjt] err=[ 0.001 -0.007  0.001 -0.007  0.001 -0.004 -0.005]
[fjt] names=['panda_joint1', 'panda_joint2', 'panda_joint3', 'panda_joint4', 'panda_joint5', 'panda_joint6', 'panda_joint7'] pts=1
[fjt] times[0..2]=[0.  1.2] times[-3:]=[0.  1.2]
[fjt] goal=[ 0.068  1.052 -0.094 -1.588 -1.512  1.632  0.28 ]
[fjt] final=[ 0.071  1.039 -0.093 -1.603 -1.508  1.619  0.276]
[fjt] err=[ 0.002 -0.013  0.001 -0.015  0.004 -0.013 -0.004]
[fjt] names=['panda_joint1', 'panda_joint2', 'panda_joint3', 'panda_joint4', 'panda_joint5', 'panda_joint6', 'panda_joint7'] pts=1
[fjt] times[0..2]=[0.  1.2] times[-3:]=[0.  1.2]
[fjt] goal=[ 0.068  1.052 -0.094 -1.588 -1.512  1.632  0.28 ]
[fjt] final=[ 0.071  1.039 -0.093 -1.603 -1.508  1.619  0.276]
[fjt] err=[ 0.002 -0.013  0.001 -0.014  0.004 -0.013 -0.004]
[fjt] names=['panda_joint1', 'panda_joint2', 'panda_joint3', 'panda_joint4', 'panda_joint5', 'panda_joint6', 'panda_joint7'] pts=1
[fjt] times[0..2]=[0.  1.2] times[-3:]=[0.  1.2]
[fjt] goal=[ 0.068  1.052 -0.094 -1.588 -1.512  1.632  0.28 ]
[fjt] final=[ 0.071  1.039 -0.093 -1.603 -1.508  1.619  0.276]
[fjt] err=[ 0.002 -0.013  0.001 -0.014  0.004 -0.013 -0.004]
[fjt] names=['panda_joint1', 'panda_joint2', 'panda_joint3', 'panda_joint4', 'panda_joint5', 'panda_joint6', 'panda_joint7'] pts=1
[fjt] times[0..2]=[0.  1.5] times[-3:]=[0.  1.5]
[fjt] goal=[ 0.071  1.039 -0.093 -1.603 -1.508  1.619  0.276]
[fjt] final=[ 0.071  1.039 -0.093 -1.603 -1.508  1.619  0.276]
[fjt] err=[ 0. -0.  0.  0. -0.  0. -0.]
[fjt] names=['panda_joint1', 'panda_joint2', 'panda_joint3', 'panda_joint4', 'panda_joint5', 'panda_joint6', 'panda_joint7'] pts=1
[fjt] times[0..2]=[0. 2.] times[-3:]=[0. 2.]
[fjt] goal=[ 0.072  0.942 -0.097 -1.672 -1.518  1.63   0.253]
[fjt] final=[ 0.072  0.943 -0.095 -1.672 -1.516  1.629  0.255]
[fjt] err=[-0.     0.002  0.001 -0.     0.002 -0.001  0.002]
[fjt] names=['panda_joint1', 'panda_joint2', 'panda_joint3', 'panda_joint4', 'panda_joint5', 'panda_joint6', 'panda_joint7'] pts=1
[fjt] times[0..2]=[0. 2.] times[-3:]=[0. 2.]
[fjt] goal=[ 0.082  0.711 -0.107 -1.801 -1.529  1.626  0.151]
[fjt] final=[ 0.082  0.713 -0.106 -1.801 -1.526  1.629  0.154]
[fjt] err=[-0.001  0.002  0.001  0.     0.002  0.003  0.003]
[fjt] names=['panda_joint1', 'panda_joint2', 'panda_joint3', 'panda_joint4', 'panda_joint5', 'panda_joint6', 'panda_joint7'] pts=1
[fjt] times[0..2]=[0. 3.] times[-3:]=[0. 3.]
[fjt] goal=[ 0.298  0.438  0.013 -1.968 -1.342  1.361  0.075]
[fjt] final=[ 0.297  0.44   0.012 -1.968 -1.342  1.365  0.078]
[fjt] err=[-0.     0.002 -0.001 -0.    -0.     0.004  0.003]
[fjt] names=['panda_joint1', 'panda_joint2', 'panda_joint3', 'panda_joint4', 'panda_joint5', 'panda_joint6', 'panda_joint7'] pts=1
[fjt] times[0..2]=[0. 3.] times[-3:]=[0. 3.]
[fjt] goal=[ 0.129  0.678 -0.11  -1.859 -1.496  1.603  0.175]
[fjt] final=[ 0.129  0.678 -0.109 -1.861 -1.494  1.603  0.173]
[fjt] err=[ 0.     0.     0.001 -0.002  0.002 -0.    -0.002]
[fjt] names=['panda_joint1', 'panda_joint2', 'panda_joint3', 'panda_joint4', 'panda_joint5', 'panda_joint6', 'panda_joint7'] pts=1
[fjt] times[0..2]=[0. 2.] times[-3:]=[0. 2.]
[fjt] goal=[ 0.12   0.863 -0.102 -1.763 -1.486  1.611  0.263]
[fjt] final=[ 0.12   0.863 -0.102 -1.765 -1.486  1.611  0.261]
[fjt] err=[ 0.     0.    -0.    -0.002 -0.     0.    -0.002]
[fjt] names=['panda_joint1', 'panda_joint2', 'panda_joint3', 'panda_joint4', 'panda_joint5', 'panda_joint6', 'panda_joint7'] pts=1
[fjt] times[0..2]=[0.  1.2] times[-3:]=[0.  1.2]
[fjt] goal=[ 0.119  0.887 -0.101 -1.748 -1.484  1.612  0.272]
[fjt] final=[ 0.119  0.888 -0.101 -1.749 -1.485  1.612  0.271]
[fjt] err=[ 0.     0.    -0.    -0.002 -0.     0.    -0.002]
[fjt] names=['panda_joint1', 'panda_joint2', 'panda_joint3', 'panda_joint4', 'panda_joint5', 'panda_joint6', 'panda_joint7'] pts=1
[fjt] times[0..2]=[0.  1.2] times[-3:]=[0.  1.2]
[fjt] goal=[ 0.118  0.912 -0.1   -1.732 -1.483  1.612  0.281]
[fjt] final=[ 0.118  0.912 -0.1   -1.733 -1.484  1.613  0.279]
[fjt] err=[ 0.    -0.     0.    -0.001 -0.001  0.    -0.002]
[fjt] names=['panda_joint1', 'panda_joint2', 'panda_joint3', 'panda_joint4', 'panda_joint5', 'panda_joint6', 'panda_joint7'] pts=1
[fjt] times[0..2]=[0.  1.2] times[-3:]=[0.  1.2]
[fjt] goal=[ 0.117  0.924 -0.099 -1.724 -1.482  1.613  0.285]
[fjt] final=[ 0.119  0.922 -0.097 -1.722 -1.484  1.613  0.282]
[fjt] err=[ 0.001 -0.002  0.002  0.001 -0.001 -0.    -0.003]
[fjt] names=['panda_joint1', 'panda_joint2', 'panda_joint3', 'panda_joint4', 'panda_joint5', 'panda_joint6', 'panda_joint7'] pts=1
[fjt] times[0..2]=[0.  1.2] times[-3:]=[0.  1.2]
[fjt] goal=[ 0.115  0.925 -0.1   -1.728 -1.485  1.615  0.29 ]
[fjt] final=[ 0.117  0.922 -0.097 -1.723 -1.485  1.613  0.286]
[fjt] err=[ 0.002 -0.002  0.003  0.004 -0.    -0.002 -0.004]
[fjt] names=['panda_joint1', 'panda_joint2', 'panda_joint3', 'panda_joint4', 'panda_joint5', 'panda_joint6', 'panda_joint7'] pts=1
[fjt] times[0..2]=[0.  1.2] times[-3:]=[0.  1.2]
[fjt] goal=[ 0.116  0.934 -0.097 -1.717 -1.483  1.612  0.289]
[fjt] final=[ 0.117  0.932 -0.095 -1.716 -1.485  1.613  0.286]
[fjt] err=[ 0.002 -0.002  0.002  0.001 -0.002  0.001 -0.002]
[fjt] names=['panda_joint1', 'panda_joint2', 'panda_joint3', 'panda_joint4', 'panda_joint5', 'panda_joint6', 'panda_joint7'] pts=1
[fjt] times[0..2]=[0.  1.2] times[-3:]=[0.  1.2]
[fjt] goal=[ 0.113  0.934 -0.098 -1.722 -1.485  1.615  0.294]
[fjt] final=[ 0.115  0.932 -0.095 -1.717 -1.487  1.613  0.291]
[fjt] err=[ 0.002 -0.002  0.003  0.006 -0.001 -0.002 -0.003]
[fjt] names=['panda_joint1', 'panda_joint2', 'panda_joint3', 'panda_joint4', 'panda_joint5', 'panda_joint6', 'panda_joint7'] pts=1
[fjt] times[0..2]=[0.  1.5] times[-3:]=[0.  1.5]
[fjt] goal=[ 0.136  0.935 -0.079 -1.713 -1.462  1.584  0.287]
[fjt] final=[ 0.136  0.934 -0.081 -1.712 -1.466  1.586  0.289]
[fjt] err=[-0.    -0.001 -0.002  0.    -0.003  0.002  0.002]
[fjt] names=['panda_joint1', 'panda_joint2', 'panda_joint3', 'panda_joint4', 'panda_joint5', 'panda_joint6', 'panda_joint7'] pts=1
[fjt] times[0..2]=[0.  1.5] times[-3:]=[0.  1.5]
[fjt] goal=[ 0.158  0.938 -0.063 -1.706 -1.441  1.558  0.284]
[fjt] final=[ 0.158  0.938 -0.064 -1.706 -1.443  1.56   0.286]
[fjt] err=[-0.    -0.    -0.001 -0.001 -0.002  0.003  0.002]
[fjt] names=['panda_joint1', 'panda_joint2', 'panda_joint3', 'panda_joint4', 'panda_joint5', 'panda_joint6', 'panda_joint7'] pts=1
[fjt] times[0..2]=[0.  1.5] times[-3:]=[0.  1.5]
[fjt] goal=[ 0.191  0.945 -0.04  -1.689 -1.409  1.517  0.279]
[fjt] final=[ 0.188  0.941 -0.046 -1.689 -1.409  1.522  0.28 ]
[fjt] err=[-0.003 -0.004 -0.006 -0.001 -0.001  0.005  0.001]
[fjt] names=['panda_joint1', 'panda_joint2', 'panda_joint3', 'panda_joint4', 'panda_joint5', 'panda_joint6', 'panda_joint7'] pts=1
[fjt] times[0..2]=[0.  1.5] times[-3:]=[0.  1.5]
[fjt] goal=[ 0.198  0.951 -0.039 -1.686 -1.402  1.513  0.282]
[fjt] final=[ 0.197  0.95  -0.04  -1.687 -1.404  1.516  0.28 ]
[fjt] err=[-0.    -0.001 -0.001 -0.001 -0.001  0.002 -0.002]
[fjt] names=['panda_joint1', 'panda_joint2', 'panda_joint3', 'panda_joint4', 'panda_joint5', 'panda_joint6', 'panda_joint7'] pts=1
[fjt] times[0..2]=[0. 2.] times[-3:]=[0. 2.]
[fjt] goal=[ 0.201  0.691 -0.048 -1.831 -1.419  1.5    0.168]
[fjt] final=[ 0.201  0.691 -0.047 -1.83  -1.418  1.502  0.17 ]
[fjt] err=[-0.     0.001  0.001  0.001  0.001  0.001  0.002]
[fjt] names=['panda_joint1', 'panda_joint2', 'panda_joint3', 'panda_joint4', 'panda_joint5', 'panda_joint6', 'panda_joint7'] pts=1
[fjt] times[0..2]=[0. 3.] times[-3:]=[0. 3.]
[fjt] goal=[ 0.372  0.372  0.065 -2.067 -1.246  1.279  0.135]
[fjt] final=[ 0.372  0.373  0.064 -2.066 -1.247  1.281  0.137]
[fjt] err=[-0.     0.001 -0.001  0.001 -0.001  0.002  0.002]
