[INFO] [launch]: All log files can be found below /root/.ros/log/2026-09-13-05-41-57-970766-f769460a7b4e-186
[INFO] [launch]: Default logging verbosity is set to INFO
[INFO] [robot_state_publisher-1]: process started with pid [189]
[INFO] [move_group-2]: process started with pid [190]
[robot_state_publisher-1] [WARN] [1789278118.170646354] [kdl_parser]: The root link panda_link0 has an inertia specified in the URDF, but KDL does not support a root link with an inertia.  As a workaround, you can add an extra dummy link to your URDF.
[robot_state_publisher-1] [INFO] [1789278118.170765522] [robot_state_publisher]: Robot initialized
[move_group-2] [INFO] [1789278118.205786380] [move_group.moveit.moveit.ros.rdf_loader]: Loaded robot model in 0 seconds
[move_group-2] [INFO] [1789278118.205922508] [move_group.moveit.moveit.core.robot_model]: Loading robot model 'panda'...
[move_group-2] [WARN] [1789278118.211387327] [kdl_parser]: The root link panda_link0 has an inertia specified in the URDF, but KDL does not support a root link with an inertia.  As a workaround, you can add an extra dummy link to your URDF.
[move_group-2] [INFO] [1789278118.211480223] [move_group.moveit.moveit.kinematics.kdl_kinematics_plugin]: Joint weights for group 'panda_arm': 1 1 1 1 1 1 1
[move_group-2] [INFO] [1789278118.235277554] [move_group.moveit.moveit.ros.planning_scene_monitor]: Publishing maintained planning scene on 'monitored_planning_scene'
[move_group-2] [INFO] [1789278118.235489171] [move_group.moveit.moveit.ros.moveit_cpp]: Listening to 'joint_states' for joint states
[move_group-2] [INFO] [1789278118.236603190] [move_group.moveit.moveit.ros.current_state_monitor]: Listening to joint states on topic 'joint_states'
[move_group-2] [INFO] [1789278118.236976024] [move_group.moveit.moveit.ros.planning_scene_monitor]: Listening to '/attached_collision_object' for attached collision objects
[move_group-2] [INFO] [1789278118.236995992] [move_group.moveit.moveit.ros.planning_scene_monitor]: Stopping existing planning scene publisher.
[move_group-2] [INFO] [1789278118.237105048] [move_group.moveit.moveit.ros.planning_scene_monitor]: Stopped publishing maintained planning scene.
[move_group-2] [INFO] [1789278118.237421657] [move_group.moveit.moveit.ros.planning_scene_monitor]: Publishing maintained planning scene on 'monitored_planning_scene'
[move_group-2] [INFO] [1789278118.237522074] [move_group.moveit.moveit.ros.planning_scene_monitor]: Starting planning scene monitor
[move_group-2] [INFO] [1789278118.238170204] [move_group.moveit.moveit.ros.planning_scene_monitor]: Listening to '/planning_scene'
[move_group-2] [INFO] [1789278118.238190076] [move_group.moveit.moveit.ros.planning_scene_monitor]: Starting world geometry update monitor for collision objects, attached objects, octomap updates.
[move_group-2] [INFO] [1789278118.238488413] [move_group.moveit.moveit.ros.planning_scene_monitor]: Listening to 'collision_object'
[move_group-2] [INFO] [1789278118.238806078] [move_group.moveit.moveit.ros.planning_scene_monitor]: Listening to 'planning_scene_world' for planning scene world geometry
[move_group-2] [WARN] [1789278118.238946335] [move_group.moveit.moveit.ros.occupancy_map_monitor]: Resolution not specified for Octomap. Assuming resolution = 0.1 instead
[move_group-2] [ERROR] [1789278118.238970303] [move_group.moveit.moveit.ros.occupancy_map_monitor]: No 3D sensor plugin(s) defined for octomap updates
[move_group-2] [INFO] [1789278118.243628207] [move_group.moveit.moveit.ros.planning_pipeline]: Successfully loaded planner 'CHOMP'
[move_group-2] [INFO] [1789278118.244286545] [move_group]: Try loading adapter 'default_planning_request_adapters/ResolveConstraintFrames'
[move_group-2] [INFO] [1789278118.244832275] [move_group]: Loaded adapter 'default_planning_request_adapters/ResolveConstraintFrames'
[move_group-2] [INFO] [1789278118.244855955] [move_group]: Try loading adapter 'default_planning_request_adapters/ValidateWorkspaceBounds'
[move_group-2] [INFO] [1789278118.244978835] [move_group]: Loaded adapter 'default_planning_request_adapters/ValidateWorkspaceBounds'
[move_group-2] [INFO] [1789278118.244992084] [move_group]: Try loading adapter 'default_planning_request_adapters/CheckStartStateBounds'
[move_group-2] [INFO] [1789278118.245011444] [move_group]: Loaded adapter 'default_planning_request_adapters/CheckStartStateBounds'
[move_group-2] [INFO] [1789278118.245016980] [move_group]: Try loading adapter 'default_planning_request_adapters/CheckStartStateCollision'
[move_group-2] [INFO] [1789278118.245031124] [move_group]: Loaded adapter 'default_planning_request_adapters/CheckStartStateCollision'
[move_group-2] [INFO] [1789278118.245634198] [move_group]: Try loading adapter 'default_planning_response_adapters/AddTimeOptimalParameterization'
[move_group-2] [INFO] [1789278118.247026299] [move_group]: Loaded adapter 'default_planning_response_adapters/AddTimeOptimalParameterization'
[move_group-2] [INFO] [1789278118.257484831] [move_group.moveit.moveit.ros.planning_pipeline]: Successfully loaded planner 'OMPL'
[move_group-2] [INFO] [1789278118.258189281] [move_group]: Try loading adapter 'default_planning_request_adapters/ResolveConstraintFrames'
[move_group-2] [INFO] [1789278118.258269410] [move_group]: Loaded adapter 'default_planning_request_adapters/ResolveConstraintFrames'
[move_group-2] [INFO] [1789278118.258281506] [move_group]: Try loading adapter 'default_planning_request_adapters/ValidateWorkspaceBounds'
[move_group-2] [INFO] [1789278118.258399074] [move_group]: Loaded adapter 'default_planning_request_adapters/ValidateWorkspaceBounds'
[move_group-2] [INFO] [1789278118.258413058] [move_group]: Try loading adapter 'default_planning_request_adapters/CheckStartStateBounds'
[move_group-2] [INFO] [1789278118.258431330] [move_group]: Loaded adapter 'default_planning_request_adapters/CheckStartStateBounds'
[move_group-2] [INFO] [1789278118.258438370] [move_group]: Try loading adapter 'default_planning_request_adapters/CheckStartStateCollision'
[move_group-2] [INFO] [1789278118.258451522] [move_group]: Loaded adapter 'default_planning_request_adapters/CheckStartStateCollision'
[move_group-2] [INFO] [1789278118.259041988] [move_group]: Try loading adapter 'default_planning_response_adapters/AddTimeOptimalParameterization'
[move_group-2] [INFO] [1789278118.259298149] [move_group]: Loaded adapter 'default_planning_response_adapters/AddTimeOptimalParameterization'
[move_group-2] [INFO] [1789278118.259315941] [move_group]: Try loading adapter 'default_planning_response_adapters/ValidateSolution'
[move_group-2] [INFO] [1789278118.260963307] [move_group]: Loaded adapter 'default_planning_response_adapters/ValidateSolution'
[move_group-2] [INFO] [1789278118.260989483] [move_group]: Try loading adapter 'default_planning_response_adapters/DisplayMotionPath'
[move_group-2] [INFO] [1789278118.261455405] [move_group]: Loaded adapter 'default_planning_response_adapters/DisplayMotionPath'
[move_group-2] [INFO] [1789278118.263351219] [move_group.moveit.moveit.planners.pilz.joint_limits_aggregator]: Reading limits from namespace robot_description_planning
[move_group-2] [WARN] [1789278118.263900629] [move_group.moveit.moveit.planners.pilz.joint_limits_aggregator]: Multi-DOF-Joint 'virtual_joint' not supported.
[move_group-2] [WARN] [1789278118.263933621] [move_group.moveit.moveit.planners.pilz.joint_limits_aggregator]: Multi-DOF-Joint 'virtual_joint' not supported.
[move_group-2] [INFO] [1789278118.266605278] [move_group.moveit.moveit.planners.pilz.command_planner]: Available plugins: pilz_industrial_motion_planner/PlanningContextLoaderCIRC pilz_industrial_motion_planner/PlanningContextLoaderLIN pilz_industrial_motion_planner/PlanningContextLoaderPTP 
[move_group-2] [INFO] [1789278118.266638047] [move_group.moveit.moveit.planners.pilz.command_planner]: About to load: pilz_industrial_motion_planner/PlanningContextLoaderCIRC
[move_group-2] [INFO] [1789278118.267623490] [move_group.moveit.moveit.planners.pilz.command_planner]: Registered Algorithm [CIRC]
[move_group-2] [INFO] [1789278118.267655650] [move_group.moveit.moveit.planners.pilz.command_planner]: About to load: pilz_industrial_motion_planner/PlanningContextLoaderLIN
[move_group-2] [INFO] [1789278118.268284708] [move_group.moveit.moveit.planners.pilz.command_planner]: Registered Algorithm [LIN]
[move_group-2] [INFO] [1789278118.268315588] [move_group.moveit.moveit.planners.pilz.command_planner]: About to load: pilz_industrial_motion_planner/PlanningContextLoaderPTP
[move_group-2] [INFO] [1789278118.268874214] [move_group.moveit.moveit.planners.pilz.command_planner]: Registered Algorithm [PTP]
[move_group-2] [INFO] [1789278118.268906502] [move_group.moveit.moveit.ros.planning_pipeline]: Successfully loaded planner 'Pilz Industrial Motion Planner'
[move_group-2] [INFO] [1789278118.269540329] [move_group]: Try loading adapter 'default_planning_request_adapters/ValidateWorkspaceBounds'
[move_group-2] [INFO] [1789278118.269750793] [move_group]: Loaded adapter 'default_planning_request_adapters/ValidateWorkspaceBounds'
[move_group-2] [INFO] [1789278118.269768905] [move_group]: Try loading adapter 'default_planning_request_adapters/CheckStartStateBounds'
[move_group-2] [INFO] [1789278118.269791786] [move_group]: Loaded adapter 'default_planning_request_adapters/CheckStartStateBounds'
[move_group-2] [INFO] [1789278118.269800554] [move_group]: Try loading adapter 'default_planning_request_adapters/CheckStartStateCollision'
[move_group-2] [INFO] [1789278118.269816586] [move_group]: Loaded adapter 'default_planning_request_adapters/CheckStartStateCollision'
[move_group-2] [WARN] [1789278118.269823626] [move_group.moveit.moveit.ros.planning_pipeline]: No planning response adapter names specified.
[move_group-2] [INFO] [1789278118.272027505] [move_group.moveit.moveit.ros.planning_pipeline]: Successfully loaded planner 'STOMP'
[move_group-2] [INFO] [1789278118.272645523] [move_group]: Try loading adapter 'default_planning_request_adapters/ResolveConstraintFrames'
[move_group-2] [INFO] [1789278118.272714964] [move_group]: Loaded adapter 'default_planning_request_adapters/ResolveConstraintFrames'
[move_group-2] [INFO] [1789278118.272727092] [move_group]: Try loading adapter 'default_planning_request_adapters/ValidateWorkspaceBounds'
[move_group-2] [INFO] [1789278118.272873684] [move_group]: Loaded adapter 'default_planning_request_adapters/ValidateWorkspaceBounds'
[move_group-2] [INFO] [1789278118.272891444] [move_group]: Try loading adapter 'default_planning_request_adapters/CheckStartStateBounds'
[move_group-2] [INFO] [1789278118.272913620] [move_group]: Loaded adapter 'default_planning_request_adapters/CheckStartStateBounds'
[move_group-2] [INFO] [1789278118.272920500] [move_group]: Try loading adapter 'default_planning_request_adapters/CheckStartStateCollision'
[move_group-2] [INFO] [1789278118.272932916] [move_group]: Loaded adapter 'default_planning_request_adapters/CheckStartStateCollision'
[move_group-2] [INFO] [1789278118.273521334] [move_group]: Try loading adapter 'default_planning_response_adapters/AddTimeOptimalParameterization'
[move_group-2] [INFO] [1789278118.273832535] [move_group]: Loaded adapter 'default_planning_response_adapters/AddTimeOptimalParameterization'
[move_group-2] [INFO] [1789278118.273851096] [move_group]: Try loading adapter 'default_planning_response_adapters/ValidateSolution'
[move_group-2] [INFO] [1789278118.274183353] [move_group]: Loaded adapter 'default_planning_response_adapters/ValidateSolution'
[move_group-2] [INFO] [1789278118.274201913] [move_group]: Try loading adapter 'default_planning_response_adapters/DisplayMotionPath'
[move_group-2] [INFO] [1789278118.274463290] [move_group]: Loaded adapter 'default_planning_response_adapters/DisplayMotionPath'
[move_group-2] [INFO] [1789278118.308955985] [move_group.moveit.moveit.plugins.simple_controller_manager]: Added FollowJointTrajectory controller for panda_arm_controller
[move_group-2] [INFO] [1789278118.309007761] [move_group.moveit.moveit.plugins.simple_controller_manager]: panda_hand_controller will command a max effort of: 0
[move_group-2] [ERROR] [1789278118.311438938] [move_group.moveit.moveit.plugins.simple_controller_manager]: Parallel Gripper requires exactly two joints, 1 are specified
[move_group-2] [INFO] [1789278118.314232292] [move_group.moveit.moveit.plugins.simple_controller_manager]: Returned 1 controllers in list
[move_group-2] [INFO] [1789278118.314274372] [move_group.moveit.moveit.plugins.simple_controller_manager]: Returned 1 controllers in list
[move_group-2] [INFO] [1789278118.314806246] [move_group.moveit.moveit.ros.trajectory_execution_manager]: Trajectory execution is managing controllers
[move_group-2] [INFO] [1789278118.314835750] [move_group]: MoveGroup debug mode is ON
[move_group-2] [INFO] [1789278118.330945982] [move_group.moveit.moveit.planners.pilz.move_group_sequence_action]: initialize move group sequence action
[move_group-2] [INFO] [1789278118.333431334] [move_group.moveit.moveit.planners.pilz.joint_limits_aggregator]: Reading limits from namespace robot_description_planning
[move_group-2] [WARN] [1789278118.333485830] [move_group.moveit.moveit.planners.pilz.joint_limits_aggregator]: Multi-DOF-Joint 'virtual_joint' not supported.
[move_group-2] [WARN] [1789278118.333504422] [move_group.moveit.moveit.planners.pilz.joint_limits_aggregator]: Multi-DOF-Joint 'virtual_joint' not supported.
[move_group-2] [INFO] [1789278118.333639847] [move_group.moveit.moveit.planners.pilz.joint_limits_aggregator]: Reading limits from namespace robot_description_planning
[move_group-2] [WARN] [1789278118.333669127] [move_group.moveit.moveit.planners.pilz.joint_limits_aggregator]: Multi-DOF-Joint 'virtual_joint' not supported.
[move_group-2] [WARN] [1789278118.333685447] [move_group.moveit.moveit.planners.pilz.joint_limits_aggregator]: Multi-DOF-Joint 'virtual_joint' not supported.
[move_group-2] [INFO] [1789278118.334377257] [move_group.moveit.moveit.ros.move_group.executable]: 
[move_group-2] 
[move_group-2] ********************************************************
[move_group-2] * MoveGroup using: 
[move_group-2] *     - apply_planning_scene_service
[move_group-2] *     - clear_octomap_service
[move_group-2] *     - get_group_urdf
[move_group-2] *     - load_geometry_from_file
[move_group-2] *     - CartesianPathService
[move_group-2] *     - execute_trajectory_action
[move_group-2] *     - get_planning_scene_service
[move_group-2] *     - kinematics_service
[move_group-2] *     - move_action
[move_group-2] *     - motion_plan_service
[move_group-2] *     - query_planners_service
[move_group-2] *     - state_validation_service
[move_group-2] *     - save_geometry_to_file
[move_group-2] *     - SequenceAction
[move_group-2] *     - SequenceService
[move_group-2] ********************************************************
[move_group-2] 
[move_group-2] [INFO] [1789278118.334429738] [move_group.moveit.moveit.ros.move_group.context]: MoveGroup context using pipeline ompl
[move_group-2] [INFO] [1789278118.334441866] [move_group.moveit.moveit.ros.move_group.context]: MoveGroup context initialization complete
[move_group-2] [ERROR] [1789278137.032030734] [move_group.moveit.moveit.core.robot_model]: Group '' not found in model 'panda'
[move_group-2] [INFO] [1789279868.765276507] [move_group.moveit.moveit.ros.move_group.move_action]: MoveGroupMoveAction: Received request
[move_group-2] [INFO] [1789279868.765838717] [move_group.moveit.moveit.ros.move_group.move_action]: executing..
[move_group-2] [INFO] [1789279868.766082046] [move_group.moveit.moveit.ros.move_group.move_action]: Planning request received for MoveGroup action. Forwarding to planning pipeline.
[move_group-2] [INFO] [1789279868.766374623] [move_group]: Calling PlanningRequestAdapter 'ResolveConstraintFrames'
[move_group-2] [INFO] [1789279868.766427423] [move_group]: Calling PlanningRequestAdapter 'ValidateWorkspaceBounds'
[move_group-2] [WARN] [1789279868.766436959] [move_group.moveit.moveit.ros.validate_workspace_bounds]: It looks like the planning volume was not specified. Using default values.
[move_group-2] [INFO] [1789279868.766455071] [move_group]: Calling PlanningRequestAdapter 'CheckStartStateBounds'
[move_group-2] [INFO] [1789279868.766496639] [move_group]: Calling PlanningRequestAdapter 'CheckStartStateCollision'
[move_group-2] [INFO] [1789279868.767164866] [move_group.moveit.moveit.planners.ompl.model_based_planning_context]: Planner configuration 'panda_arm' will use planner 'geometric::RRTConnect'. Additional configuration parameters will be set when the planner is constructed.
[move_group-2] [INFO] [1789279868.767325762] [move_group]: Calling Planner 'OMPL'
[move_group-2] [INFO] [1789279868.770250604] [move_group]: Calling PlanningResponseAdapter 'AddTimeOptimalParameterization'
[move_group-2] [INFO] [1789279868.777031556] [move_group]: Calling PlanningResponseAdapter 'ValidateSolution'
[move_group-2] [INFO] [1789279868.777724582] [move_group]: Calling PlanningResponseAdapter 'DisplayMotionPath'
[move_group-2] [WARN] [1789279868.777841735] [move_group.moveit.moveit.ros.planning_pipeline]: The planner plugin did not fill out the 'planner_id' field of the MotionPlanResponse. Setting it to the planner ID name of the MotionPlanRequest assuming that the planner plugin does warn you if it does not use the requested planner.
[move_group-2] [INFO] [1789279868.777933799] [move_group.moveit.moveit.ros.move_group.move_action]: Motion plan was computed successfully.
[move_group-2] [INFO] [1789279958.264884342] [move_group.moveit.moveit.ros.move_group.cartesian_path_service_capability]: Received request to compute Cartesian path
[move_group-2] [INFO] [1789279958.265125655] [move_group.moveit.moveit.ros.move_group.cartesian_path_service_capability]: Attempting to follow 1 waypoints for link 'panda_hand' using a step of 0.010000 m and jump threshold 0.000000 (in global reference frame)
[move_group-2] [INFO] [1789279958.267077278] [move_group.moveit.moveit.ros.move_group.cartesian_path_service_capability]: Computed Cartesian path with 12 points (followed 100.000000% of requested trajectory)
[move_group-2] [WARN] [1789280015.022883461] [move_group.moveit.moveit.core.planning_scene]: Tried to remove world object 'white_mug', but it does not exist in this scene.
[move_group-2] [INFO] [1789280018.265277378] [move_group.moveit.moveit.ros.move_group.cartesian_path_service_capability]: Received request to compute Cartesian path
[move_group-2] [INFO] [1789280018.265591587] [move_group.moveit.moveit.ros.move_group.cartesian_path_service_capability]: Attempting to follow 1 waypoints for link 'panda_hand' using a step of 0.010000 m and jump threshold 0.000000 (in global reference frame)
[move_group-2] [INFO] [1789280018.267923211] [move_group.moveit.moveit.ros.move_group.cartesian_path_service_capability]: Computed Cartesian path with 14 points (followed 100.000000% of requested trajectory)
[move_group-2] [WARN] [1789280080.771803797] [move_group.moveit.moveit.core.planning_scene]: Tried to remove world object 'white_mug', but it does not exist in this scene.
[move_group-2] [INFO] [1789280102.264636753] [move_group.moveit.moveit.ros.move_group.move_action]: MoveGroupMoveAction: Received request
[move_group-2] [INFO] [1789280102.264953970] [move_group.moveit.moveit.ros.move_group.move_action]: executing..
[move_group-2] [INFO] [1789280102.265190739] [move_group.moveit.moveit.ros.move_group.move_action]: Planning request received for MoveGroup action. Forwarding to planning pipeline.
[move_group-2] [INFO] [1789280102.265308467] [move_group]: Calling PlanningRequestAdapter 'ResolveConstraintFrames'
[move_group-2] [INFO] [1789280102.265336339] [move_group]: Calling PlanningRequestAdapter 'ValidateWorkspaceBounds'
[move_group-2] [WARN] [1789280102.265344755] [move_group.moveit.moveit.ros.validate_workspace_bounds]: It looks like the planning volume was not specified. Using default values.
[move_group-2] [INFO] [1789280102.265363220] [move_group]: Calling PlanningRequestAdapter 'CheckStartStateBounds'
[move_group-2] [INFO] [1789280102.265391220] [move_group]: Calling PlanningRequestAdapter 'CheckStartStateCollision'
[move_group-2] [INFO] [1789280102.265821333] [move_group.moveit.moveit.planners.ompl.model_based_planning_context]: Planner configuration 'panda_arm' will use planner 'geometric::RRTConnect'. Additional configuration parameters will be set when the planner is constructed.
[move_group-2] [INFO] [1789280102.265906869] [move_group]: Calling Planner 'OMPL'
[move_group-2] [INFO] [1789280102.278476673] [move_group]: Calling PlanningResponseAdapter 'AddTimeOptimalParameterization'
[move_group-2] [INFO] [1789280102.283471378] [move_group]: Calling PlanningResponseAdapter 'ValidateSolution'
[move_group-2] [INFO] [1789280102.284257588] [move_group]: Calling PlanningResponseAdapter 'DisplayMotionPath'
[move_group-2] [WARN] [1789280102.284352085] [move_group.moveit.moveit.ros.planning_pipeline]: The planner plugin did not fill out the 'planner_id' field of the MotionPlanResponse. Setting it to the planner ID name of the MotionPlanRequest assuming that the planner plugin does warn you if it does not use the requested planner.
[move_group-2] [INFO] [1789280102.284423285] [move_group.moveit.moveit.ros.move_group.move_action]: Motion plan was computed successfully.
[move_group-2] [INFO] [1789280103.264925250] [move_group.moveit.moveit.ros.move_group.move_action]: MoveGroupMoveAction: Received request
[move_group-2] [INFO] [1789280103.265298211] [move_group.moveit.moveit.ros.move_group.move_action]: executing..
[move_group-2] [INFO] [1789280103.265504164] [move_group.moveit.moveit.ros.move_group.move_action]: Planning request received for MoveGroup action. Forwarding to planning pipeline.
[move_group-2] [INFO] [1789280103.265622148] [move_group]: Calling PlanningRequestAdapter 'ResolveConstraintFrames'
[move_group-2] [INFO] [1789280103.265648164] [move_group]: Calling PlanningRequestAdapter 'ValidateWorkspaceBounds'
[move_group-2] [WARN] [1789280103.265656068] [move_group.moveit.moveit.ros.validate_workspace_bounds]: It looks like the planning volume was not specified. Using default values.
[move_group-2] [INFO] [1789280103.265674852] [move_group]: Calling PlanningRequestAdapter 'CheckStartStateBounds'
[move_group-2] [INFO] [1789280103.265704484] [move_group]: Calling PlanningRequestAdapter 'CheckStartStateCollision'
[move_group-2] [INFO] [1789280103.266065893] [move_group.moveit.moveit.planners.ompl.model_based_planning_context]: Planner configuration 'panda_arm' will use planner 'geometric::RRTConnect'. Additional configuration parameters will be set when the planner is constructed.
[move_group-2] [INFO] [1789280103.266150694] [move_group]: Calling Planner 'OMPL'
[move_group-2] [INFO] [1789280103.278314480] [move_group]: Calling PlanningResponseAdapter 'AddTimeOptimalParameterization'
[move_group-2] [INFO] [1789280103.282384990] [move_group]: Calling PlanningResponseAdapter 'ValidateSolution'
[move_group-2] [INFO] [1789280103.283088992] [move_group]: Calling PlanningResponseAdapter 'DisplayMotionPath'
[move_group-2] [WARN] [1789280103.283171648] [move_group.moveit.moveit.ros.planning_pipeline]: The planner plugin did not fill out the 'planner_id' field of the MotionPlanResponse. Setting it to the planner ID name of the MotionPlanRequest assuming that the planner plugin does warn you if it does not use the requested planner.
[move_group-2] [INFO] [1789280103.283240257] [move_group.moveit.moveit.ros.move_group.move_action]: Motion plan was computed successfully.
[move_group-2] [WARN] [1789280758.770973556] [move_group.moveit.moveit.core.planning_scene]: Tried to remove world object 'white_mug', but it does not exist in this scene.
[move_group-2] [INFO] [1789280796.764769869] [move_group.moveit.moveit.ros.move_group.cartesian_path_service_capability]: Received request to compute Cartesian path
[move_group-2] [INFO] [1789280796.765065294] [move_group.moveit.moveit.ros.move_group.cartesian_path_service_capability]: Attempting to follow 1 waypoints for link 'panda_hand' using a step of 0.010000 m and jump threshold 0.000000 (in global reference frame)
[move_group-2] [INFO] [1789280796.766198034] [move_group.moveit.moveit.ros.move_group.cartesian_path_service_capability]: Computed Cartesian path with 7 points (followed 100.000000% of requested trajectory)
[move_group-2] [INFO] [1789280803.764702650] [move_group.moveit.moveit.ros.move_group.move_action]: MoveGroupMoveAction: Received request
[move_group-2] [INFO] [1789280803.765008571] [move_group.moveit.moveit.ros.move_group.move_action]: executing..
[move_group-2] [INFO] [1789280803.765214364] [move_group.moveit.moveit.ros.move_group.move_action]: Planning request received for MoveGroup action. Forwarding to planning pipeline.
[move_group-2] [INFO] [1789280803.765427324] [move_group]: Calling PlanningRequestAdapter 'ResolveConstraintFrames'
[move_group-2] [INFO] [1789280803.765459869] [move_group]: Calling PlanningRequestAdapter 'ValidateWorkspaceBounds'
[move_group-2] [WARN] [1789280803.765468253] [move_group.moveit.moveit.ros.validate_workspace_bounds]: It looks like the planning volume was not specified. Using default values.
[move_group-2] [INFO] [1789280803.765487965] [move_group]: Calling PlanningRequestAdapter 'CheckStartStateBounds'
[move_group-2] [INFO] [1789280803.765518013] [move_group]: Calling PlanningRequestAdapter 'CheckStartStateCollision'
[move_group-2] [INFO] [1789280803.765868734] [move_group.moveit.moveit.planners.ompl.model_based_planning_context]: Planner configuration 'panda_arm' will use planner 'geometric::RRTConnect'. Additional configuration parameters will be set when the planner is constructed.
[move_group-2] [INFO] [1789280803.765952318] [move_group]: Calling Planner 'OMPL'
[move_group-2] [INFO] [1789280803.778008616] [move_group]: Calling PlanningResponseAdapter 'AddTimeOptimalParameterization'
[move_group-2] [INFO] [1789280803.779440397] [move_group]: Calling PlanningResponseAdapter 'ValidateSolution'
[move_group-2] [INFO] [1789280803.779707214] [move_group]: Calling PlanningResponseAdapter 'DisplayMotionPath'
[move_group-2] [WARN] [1789280803.779763214] [move_group.moveit.moveit.ros.planning_pipeline]: The planner plugin did not fill out the 'planner_id' field of the MotionPlanResponse. Setting it to the planner ID name of the MotionPlanRequest assuming that the planner plugin does warn you if it does not use the requested planner.
[move_group-2] [INFO] [1789280803.779811342] [move_group.moveit.moveit.ros.move_group.move_action]: Motion plan was computed successfully.
[move_group-2] [INFO] [1789280846.264933728] [move_group.moveit.moveit.ros.move_group.move_action]: MoveGroupMoveAction: Received request
[move_group-2] [INFO] [1789280846.265301602] [move_group.moveit.moveit.ros.move_group.move_action]: executing..
[move_group-2] [INFO] [1789280846.265477954] [move_group.moveit.moveit.ros.move_group.move_action]: Planning request received for MoveGroup action. Forwarding to planning pipeline.
[move_group-2] [INFO] [1789280846.265697347] [move_group]: Calling PlanningRequestAdapter 'ResolveConstraintFrames'
[move_group-2] [INFO] [1789280846.265730723] [move_group]: Calling PlanningRequestAdapter 'ValidateWorkspaceBounds'
[move_group-2] [WARN] [1789280846.265738243] [move_group.moveit.moveit.ros.validate_workspace_bounds]: It looks like the planning volume was not specified. Using default values.
[move_group-2] [INFO] [1789280846.265755299] [move_group]: Calling PlanningRequestAdapter 'CheckStartStateBounds'
[move_group-2] [INFO] [1789280846.265783875] [move_group]: Calling PlanningRequestAdapter 'CheckStartStateCollision'
[move_group-2] [INFO] [1789280846.266120708] [move_group.moveit.moveit.planners.ompl.model_based_planning_context]: Planner configuration 'panda_arm' will use planner 'geometric::RRTConnect'. Additional configuration parameters will be set when the planner is constructed.
[move_group-2] [INFO] [1789280846.266201733] [move_group]: Calling Planner 'OMPL'
[move_group-2] [INFO] [1789280846.278538767] [move_group]: Calling PlanningResponseAdapter 'AddTimeOptimalParameterization'
[move_group-2] [INFO] [1789280846.282680701] [move_group]: Calling PlanningResponseAdapter 'ValidateSolution'
[move_group-2] [INFO] [1789280846.283129215] [move_group]: Calling PlanningResponseAdapter 'DisplayMotionPath'
[move_group-2] [WARN] [1789280846.283213375] [move_group.moveit.moveit.ros.planning_pipeline]: The planner plugin did not fill out the 'planner_id' field of the MotionPlanResponse. Setting it to the planner ID name of the MotionPlanRequest assuming that the planner plugin does warn you if it does not use the requested planner.
[move_group-2] [INFO] [1789280846.283279295] [move_group.moveit.moveit.ros.move_group.move_action]: Motion plan was computed successfully.
[move_group-2] [INFO] [1789280847.264809007] [move_group.moveit.moveit.ros.move_group.move_action]: MoveGroupMoveAction: Received request
[move_group-2] [INFO] [1789280847.265126673] [move_group.moveit.moveit.ros.move_group.move_action]: executing..
[move_group-2] [INFO] [1789280847.265312177] [move_group.moveit.moveit.ros.move_group.move_action]: Planning request received for MoveGroup action. Forwarding to planning pipeline.
[move_group-2] [INFO] [1789280847.265456882] [move_group]: Calling PlanningRequestAdapter 'ResolveConstraintFrames'
[move_group-2] [INFO] [1789280847.265484754] [move_group]: Calling PlanningRequestAdapter 'ValidateWorkspaceBounds'
[move_group-2] [WARN] [1789280847.265492402] [move_group.moveit.moveit.ros.validate_workspace_bounds]: It looks like the planning volume was not specified. Using default values.
[move_group-2] [INFO] [1789280847.265510930] [move_group]: Calling PlanningRequestAdapter 'CheckStartStateBounds'
[move_group-2] [INFO] [1789280847.265541202] [move_group]: Calling PlanningRequestAdapter 'CheckStartStateCollision'
[move_group-2] [INFO] [1789280847.265886099] [move_group.moveit.moveit.planners.ompl.model_based_planning_context]: Planner configuration 'panda_arm' will use planner 'geometric::RRTConnect'. Additional configuration parameters will be set when the planner is constructed.
[move_group-2] [INFO] [1789280847.265971923] [move_group]: Calling Planner 'OMPL'
[move_group-2] [INFO] [1789280847.279253857] [move_group]: Calling PlanningResponseAdapter 'AddTimeOptimalParameterization'
[move_group-2] [INFO] [1789280847.292863600] [move_group]: Calling PlanningResponseAdapter 'ValidateSolution'
[move_group-2] [INFO] [1789280847.293843123] [move_group]: Calling PlanningResponseAdapter 'DisplayMotionPath'
[move_group-2] [WARN] [1789280847.294009780] [move_group.moveit.moveit.ros.planning_pipeline]: The planner plugin did not fill out the 'planner_id' field of the MotionPlanResponse. Setting it to the planner ID name of the MotionPlanRequest assuming that the planner plugin does warn you if it does not use the requested planner.
[move_group-2] [INFO] [1789280847.294136180] [move_group.moveit.moveit.ros.move_group.move_action]: Motion plan was computed successfully.
[move_group-2] [WARN] [1789281007.771756343] [move_group.moveit.moveit.core.planning_scene]: Tried to remove world object 'white_mug', but it does not exist in this scene.
[move_group-2] [INFO] [1789281037.263965495] [move_group.moveit.moveit.ros.move_group.cartesian_path_service_capability]: Received request to compute Cartesian path
[move_group-2] [INFO] [1789281037.264129687] [move_group.moveit.moveit.ros.move_group.cartesian_path_service_capability]: Attempting to follow 1 waypoints for link 'panda_hand' using a step of 0.010000 m and jump threshold 0.000000 (in global reference frame)
[move_group-2] [INFO] [1789281037.266195230] [move_group.moveit.moveit.ros.move_group.cartesian_path_service_capability]: Computed Cartesian path with 13 points (followed 100.000000% of requested trajectory)
[move_group-2] [INFO] [1789281046.764277595] [move_group.moveit.moveit.ros.move_group.move_action]: MoveGroupMoveAction: Received request
[move_group-2] [INFO] [1789281046.764599933] [move_group.moveit.moveit.ros.move_group.move_action]: executing..
[move_group-2] [INFO] [1789281046.764777469] [move_group.moveit.moveit.ros.move_group.move_action]: Planning request received for MoveGroup action. Forwarding to planning pipeline.
[move_group-2] [INFO] [1789281046.764883934] [move_group]: Calling PlanningRequestAdapter 'ResolveConstraintFrames'
[move_group-2] [INFO] [1789281046.764915230] [move_group]: Calling PlanningRequestAdapter 'ValidateWorkspaceBounds'
[move_group-2] [WARN] [1789281046.764924318] [move_group.moveit.moveit.ros.validate_workspace_bounds]: It looks like the planning volume was not specified. Using default values.
[move_group-2] [INFO] [1789281046.764941822] [move_group]: Calling PlanningRequestAdapter 'CheckStartStateBounds'
[move_group-2] [INFO] [1789281046.764965310] [move_group]: Calling PlanningRequestAdapter 'CheckStartStateCollision'
[move_group-2] [INFO] [1789281046.765346463] [move_group.moveit.moveit.planners.ompl.model_based_planning_context]: Planner configuration 'panda_arm' will use planner 'geometric::RRTConnect'. Additional configuration parameters will be set when the planner is constructed.
[move_group-2] [INFO] [1789281046.765428159] [move_group]: Calling Planner 'OMPL'
[move_group-2] [INFO] [1789281046.778108779] [move_group]: Calling PlanningResponseAdapter 'AddTimeOptimalParameterization'
[move_group-2] [INFO] [1789281046.782690619] [move_group]: Calling PlanningResponseAdapter 'ValidateSolution'
[move_group-2] [INFO] [1789281046.783198525] [move_group]: Calling PlanningResponseAdapter 'DisplayMotionPath'
[move_group-2] [WARN] [1789281046.783281469] [move_group.moveit.moveit.ros.planning_pipeline]: The planner plugin did not fill out the 'planner_id' field of the MotionPlanResponse. Setting it to the planner ID name of the MotionPlanRequest assuming that the planner plugin does warn you if it does not use the requested planner.
[move_group-2] [INFO] [1789281046.783345149] [move_group.moveit.moveit.ros.move_group.move_action]: Motion plan was computed successfully.
[move_group-2] [INFO] [1789281047.764250955] [move_group.moveit.moveit.ros.move_group.move_action]: MoveGroupMoveAction: Received request
[move_group-2] [INFO] [1789281047.764560556] [move_group.moveit.moveit.ros.move_group.move_action]: executing..
[move_group-2] [INFO] [1789281047.764734125] [move_group.moveit.moveit.ros.move_group.move_action]: Planning request received for MoveGroup action. Forwarding to planning pipeline.
[move_group-2] [INFO] [1789281047.764847629] [move_group]: Calling PlanningRequestAdapter 'ResolveConstraintFrames'
[move_group-2] [INFO] [1789281047.764869389] [move_group]: Calling PlanningRequestAdapter 'ValidateWorkspaceBounds'
[move_group-2] [WARN] [1789281047.764877485] [move_group.moveit.moveit.ros.validate_workspace_bounds]: It looks like the planning volume was not specified. Using default values.
[move_group-2] [INFO] [1789281047.764894861] [move_group]: Calling PlanningRequestAdapter 'CheckStartStateBounds'
[move_group-2] [INFO] [1789281047.764921677] [move_group]: Calling PlanningRequestAdapter 'CheckStartStateCollision'
[move_group-2] [INFO] [1789281047.765207022] [move_group.moveit.moveit.planners.ompl.model_based_planning_context]: Planner configuration 'panda_arm' will use planner 'geometric::RRTConnect'. Additional configuration parameters will be set when the planner is constructed.
[move_group-2] [INFO] [1789281047.765277262] [move_group]: Calling Planner 'OMPL'
[move_group-2] [INFO] [1789281047.777696217] [move_group]: Calling PlanningResponseAdapter 'AddTimeOptimalParameterization'
[move_group-2] [INFO] [1789281047.782792555] [move_group]: Calling PlanningResponseAdapter 'ValidateSolution'
[move_group-2] [INFO] [1789281047.783346381] [move_group]: Calling PlanningResponseAdapter 'DisplayMotionPath'
[move_group-2] [WARN] [1789281047.783435373] [move_group.moveit.moveit.ros.planning_pipeline]: The planner plugin did not fill out the 'planner_id' field of the MotionPlanResponse. Setting it to the planner ID name of the MotionPlanRequest assuming that the planner plugin does warn you if it does not use the requested planner.
[move_group-2] [INFO] [1789281047.783502893] [move_group.moveit.moveit.ros.move_group.move_action]: Motion plan was computed successfully.
[move_group-2] [INFO] [1789281404.265023239] [move_group.moveit.moveit.ros.move_group.cartesian_path_service_capability]: Received request to compute Cartesian path
[move_group-2] [INFO] [1789281404.265227783] [move_group.moveit.moveit.ros.move_group.cartesian_path_service_capability]: Attempting to follow 1 waypoints for link 'panda_hand' using a step of 0.010000 m and jump threshold 0.000000 (in global reference frame)
[move_group-2] [INFO] [1789281404.265965354] [move_group.moveit.moveit.ros.move_group.cartesian_path_service_capability]: Computed Cartesian path with 5 points (followed 100.000000% of requested trajectory)
[move_group-2] [INFO] [1789281412.264710465] [move_group.moveit.moveit.ros.move_group.cartesian_path_service_capability]: Received request to compute Cartesian path
[move_group-2] [INFO] [1789281412.264875361] [move_group.moveit.moveit.ros.move_group.cartesian_path_service_capability]: Attempting to follow 1 waypoints for link 'panda_hand' using a step of 0.010000 m and jump threshold 0.000000 (in global reference frame)
[move_group-2] [INFO] [1789281412.266459111] [move_group.moveit.moveit.ros.move_group.cartesian_path_service_capability]: Computed Cartesian path with 12 points (followed 100.000000% of requested trajectory)
[move_group-2] [INFO] [1789281546.264665636] [move_group.moveit.moveit.ros.move_group.move_action]: MoveGroupMoveAction: Received request
[move_group-2] [INFO] [1789281546.265007877] [move_group.moveit.moveit.ros.move_group.move_action]: executing..
[move_group-2] [INFO] [1789281546.265223046] [move_group.moveit.moveit.ros.move_group.move_action]: Planning request received for MoveGroup action. Forwarding to planning pipeline.
[move_group-2] [INFO] [1789281546.265377542] [move_group]: Calling PlanningRequestAdapter 'ResolveConstraintFrames'
[move_group-2] [INFO] [1789281546.265409351] [move_group]: Calling PlanningRequestAdapter 'ValidateWorkspaceBounds'
[move_group-2] [WARN] [1789281546.265418119] [move_group.moveit.moveit.ros.validate_workspace_bounds]: It looks like the planning volume was not specified. Using default values.
[move_group-2] [INFO] [1789281546.265435591] [move_group]: Calling PlanningRequestAdapter 'CheckStartStateBounds'
[move_group-2] [INFO] [1789281546.265460391] [move_group]: Calling PlanningRequestAdapter 'CheckStartStateCollision'
[move_group-2] [INFO] [1789281546.265789672] [move_group.moveit.moveit.planners.ompl.model_based_planning_context]: Planner configuration 'panda_arm' will use planner 'geometric::RRTConnect'. Additional configuration parameters will be set when the planner is constructed.
[move_group-2] [INFO] [1789281546.265874376] [move_group]: Calling Planner 'OMPL'
[move_group-2] [INFO] [1789281546.279814264] [move_group]: Calling PlanningResponseAdapter 'AddTimeOptimalParameterization'
[move_group-2] [INFO] [1789281546.284592297] [move_group]: Calling PlanningResponseAdapter 'ValidateSolution'
[move_group-2] [INFO] [1789281546.285268427] [move_group]: Calling PlanningResponseAdapter 'DisplayMotionPath'
[move_group-2] [WARN] [1789281546.285352684] [move_group.moveit.moveit.ros.planning_pipeline]: The planner plugin did not fill out the 'planner_id' field of the MotionPlanResponse. Setting it to the planner ID name of the MotionPlanRequest assuming that the planner plugin does warn you if it does not use the requested planner.
[move_group-2] [INFO] [1789281546.285417900] [move_group.moveit.moveit.ros.move_group.move_action]: Motion plan was computed successfully.
[move_group-2] [INFO] [1789281595.265010922] [move_group.moveit.moveit.ros.move_group.cartesian_path_service_capability]: Received request to compute Cartesian path
[move_group-2] [INFO] [1789281595.265168043] [move_group.moveit.moveit.ros.move_group.cartesian_path_service_capability]: Attempting to follow 1 waypoints for link 'panda_hand' using a step of 0.010000 m and jump threshold 0.000000 (in global reference frame)
[move_group-2] [INFO] [1789281595.266453807] [move_group.moveit.moveit.ros.move_group.cartesian_path_service_capability]: Computed Cartesian path with 9 points (followed 100.000000% of requested trajectory)
[move_group-2] [INFO] [1789281638.265585469] [move_group.moveit.moveit.ros.move_group.cartesian_path_service_capability]: Received request to compute Cartesian path
[move_group-2] [INFO] [1789281638.265741854] [move_group.moveit.moveit.ros.move_group.cartesian_path_service_capability]: Attempting to follow 1 waypoints for link 'panda_hand' using a step of 0.010000 m and jump threshold 0.000000 (in global reference frame)
[move_group-2] [INFO] [1789281638.266689537] [move_group.moveit.moveit.ros.move_group.cartesian_path_service_capability]: Computed Cartesian path with 6 points (followed 100.000000% of requested trajectory)
[move_group-2] [INFO] [1789281760.264840438] [move_group.moveit.moveit.ros.move_group.move_action]: MoveGroupMoveAction: Received request
[move_group-2] [INFO] [1789281760.265210903] [move_group.moveit.moveit.ros.move_group.move_action]: executing..
[move_group-2] [INFO] [1789281760.265421720] [move_group.moveit.moveit.ros.move_group.move_action]: Planning request received for MoveGroup action. Forwarding to planning pipeline.
[move_group-2] [INFO] [1789281760.265545304] [move_group]: Calling PlanningRequestAdapter 'ResolveConstraintFrames'
[move_group-2] [INFO] [1789281760.265577720] [move_group]: Calling PlanningRequestAdapter 'ValidateWorkspaceBounds'
[move_group-2] [WARN] [1789281760.265585848] [move_group.moveit.moveit.ros.validate_workspace_bounds]: It looks like the planning volume was not specified. Using default values.
[move_group-2] [INFO] [1789281760.265603448] [move_group]: Calling PlanningRequestAdapter 'CheckStartStateBounds'
[move_group-2] [INFO] [1789281760.265629176] [move_group]: Calling PlanningRequestAdapter 'CheckStartStateCollision'
[move_group-2] [ERROR] [1789281760.265771385] [move_group]: PlanningRequestAdapter 'CheckStartStateCollision' failed, because '2 contact(s) detected : panda_leftfinger - white_mug, panda_rightfinger - white_mug, '. Aborting planning pipeline.
[move_group-2] [ERROR] [1789281760.265831225] [move_group.moveit.moveit.ros.move_group.move_action]: Generating a plan with planning pipeline failed.
[move_group-2] [INFO] [1789281760.265872601] [move_group.moveit.moveit.ros.move_group.move_action]: FAILURE
[move_group-2] [INFO] [1789281761.264364183] [move_group.moveit.moveit.ros.move_group.cartesian_path_service_capability]: Received request to compute Cartesian path
[move_group-2] [INFO] [1789281761.264468984] [move_group.moveit.moveit.ros.move_group.cartesian_path_service_capability]: Attempting to follow 1 waypoints for link 'panda_hand' using a step of 0.010000 m and jump threshold 0.000000 (in global reference frame)
[move_group-2] [INFO] [1789281761.286432932] [move_group.moveit.moveit.ros.move_group.cartesian_path_service_capability]: Computed Cartesian path with 76 points (followed 100.000000% of requested trajectory)
[move_group-2] [INFO] [1789281821.264897859] [move_group.moveit.moveit.ros.move_group.cartesian_path_service_capability]: Received request to compute Cartesian path
[move_group-2] [INFO] [1789281821.265034628] [move_group.moveit.moveit.ros.move_group.cartesian_path_service_capability]: Attempting to follow 1 waypoints for link 'panda_hand' using a step of 0.010000 m and jump threshold 0.000000 (in global reference frame)
[move_group-2] [INFO] [1789281821.265939367] [move_group.moveit.moveit.ros.move_group.cartesian_path_service_capability]: Computed Cartesian path with 6 points (followed 100.000000% of requested trajectory)
[move_group-2] [INFO] [1789282032.265208939] [move_group.moveit.moveit.ros.move_group.cartesian_path_service_capability]: Received request to compute Cartesian path
[move_group-2] [INFO] [1789282032.265364460] [move_group.moveit.moveit.ros.move_group.cartesian_path_service_capability]: Attempting to follow 1 waypoints for link 'panda_hand' using a step of 0.010000 m and jump threshold 0.000000 (in global reference frame)
[move_group-2] [INFO] [1789282032.269171193] [move_group.moveit.moveit.ros.move_group.cartesian_path_service_capability]: Computed Cartesian path with 28 points (followed 100.000000% of requested trajectory)
[move_group-2] [INFO] [1789282190.265601900] [move_group.moveit.moveit.ros.move_group.move_action]: MoveGroupMoveAction: Received request
[move_group-2] [INFO] [1789282190.265949581] [move_group.moveit.moveit.ros.move_group.move_action]: executing..
[move_group-2] [INFO] [1789282190.266222830] [move_group.moveit.moveit.ros.move_group.move_action]: Planning request received for MoveGroup action. Forwarding to planning pipeline.
[move_group-2] [INFO] [1789282190.266411183] [move_group]: Calling PlanningRequestAdapter 'ResolveConstraintFrames'
[move_group-2] [INFO] [1789282190.266446191] [move_group]: Calling PlanningRequestAdapter 'ValidateWorkspaceBounds'
[move_group-2] [WARN] [1789282190.266454735] [move_group.moveit.moveit.ros.validate_workspace_bounds]: It looks like the planning volume was not specified. Using default values.
[move_group-2] [INFO] [1789282190.266471567] [move_group]: Calling PlanningRequestAdapter 'CheckStartStateBounds'
[move_group-2] [INFO] [1789282190.266500015] [move_group]: Calling PlanningRequestAdapter 'CheckStartStateCollision'
[move_group-2] [INFO] [1789282190.266841264] [move_group.moveit.moveit.planners.ompl.model_based_planning_context]: Planner configuration 'panda_arm' will use planner 'geometric::RRTConnect'. Additional configuration parameters will be set when the planner is constructed.
[move_group-2] [INFO] [1789282190.266922161] [move_group]: Calling Planner 'OMPL'
[move_group-2] [INFO] [1789282190.279018522] [move_group]: Calling PlanningResponseAdapter 'AddTimeOptimalParameterization'
[move_group-2] [INFO] [1789282190.281866308] [move_group]: Calling PlanningResponseAdapter 'ValidateSolution'
[move_group-2] [INFO] [1789282190.282246277] [move_group]: Calling PlanningResponseAdapter 'DisplayMotionPath'
[move_group-2] [WARN] [1789282190.282316998] [move_group.moveit.moveit.ros.planning_pipeline]: The planner plugin did not fill out the 'planner_id' field of the MotionPlanResponse. Setting it to the planner ID name of the MotionPlanRequest assuming that the planner plugin does warn you if it does not use the requested planner.
[move_group-2] [INFO] [1789282190.282376262] [move_group.moveit.moveit.ros.move_group.move_action]: Motion plan was computed successfully.
[move_group-2] [INFO] [1789282214.765322731] [move_group.moveit.moveit.ros.move_group.cartesian_path_service_capability]: Received request to compute Cartesian path
[move_group-2] [INFO] [1789282214.765474795] [move_group.moveit.moveit.ros.move_group.cartesian_path_service_capability]: Attempting to follow 1 waypoints for link 'panda_hand' using a step of 0.010000 m and jump threshold 0.000000 (in global reference frame)
[move_group-2] [INFO] [1789282214.766703791] [move_group.moveit.moveit.ros.move_group.cartesian_path_service_capability]: Computed Cartesian path with 9 points (followed 100.000000% of requested trajectory)
[move_group-2] [INFO] [1789282223.765113787] [move_group.moveit.moveit.ros.move_group.cartesian_path_service_capability]: Received request to compute Cartesian path
[move_group-2] [INFO] [1789282223.765286107] [move_group.moveit.moveit.ros.move_group.cartesian_path_service_capability]: Attempting to follow 1 waypoints for link 'panda_hand' using a step of 0.010000 m and jump threshold 0.000000 (in global reference frame)
[move_group-2] [INFO] [1789282223.766228767] [move_group.moveit.moveit.ros.move_group.cartesian_path_service_capability]: Computed Cartesian path with 6 points (followed 100.000000% of requested trajectory)
[move_group-2] [INFO] [1789282253.265497506] [move_group.moveit.moveit.ros.move_group.cartesian_path_service_capability]: Received request to compute Cartesian path
[move_group-2] [INFO] [1789282253.265673282] [move_group.moveit.moveit.ros.move_group.cartesian_path_service_capability]: Attempting to follow 8 waypoints for link 'panda_hand' using a step of 0.005000 m and jump threshold 0.000000 (in global reference frame)
[move_group-2] [INFO] [1789282253.269558032] [move_group.moveit.moveit.ros.move_group.cartesian_path_service_capability]: Computed Cartesian path with 33 points (followed 100.000000% of requested trajectory)
[move_group-2] [INFO] [1789282469.264892084] [move_group.moveit.moveit.ros.move_group.cartesian_path_service_capability]: Received request to compute Cartesian path
[move_group-2] [INFO] [1789282469.265041013] [move_group.moveit.moveit.ros.move_group.cartesian_path_service_capability]: Attempting to follow 12 waypoints for link 'panda_hand' using a step of 0.005000 m and jump threshold 0.000000 (in global reference frame)
[move_group-2] [INFO] [1789282469.273357042] [move_group.moveit.moveit.ros.move_group.cartesian_path_service_capability]: Computed Cartesian path with 61 points (followed 100.000000% of requested trajectory)
[move_group-2] [INFO] [1789282620.264748445] [move_group.moveit.moveit.ros.move_group.cartesian_path_service_capability]: Received request to compute Cartesian path
[move_group-2] [INFO] [1789282620.264906973] [move_group.moveit.moveit.ros.move_group.cartesian_path_service_capability]: Attempting to follow 1 waypoints for link 'panda_hand' using a step of 0.010000 m and jump threshold 0.000000 (in global reference frame)
[move_group-2] [INFO] [1789282620.265823649] [move_group.moveit.moveit.ros.move_group.cartesian_path_service_capability]: Computed Cartesian path with 6 points (followed 100.000000% of requested trajectory)
[move_group-2] [INFO] [1789282627.765242007] [move_group.moveit.moveit.ros.move_group.cartesian_path_service_capability]: Received request to compute Cartesian path
[move_group-2] [INFO] [1789282627.765392600] [move_group.moveit.moveit.ros.move_group.cartesian_path_service_capability]: Attempting to follow 18 waypoints for link 'panda_hand' using a step of 0.010000 m and jump threshold 0.000000 (in global reference frame)
[move_group-2] [INFO] [1789282627.771832910] [move_group.moveit.moveit.ros.move_group.cartesian_path_service_capability]: Computed Cartesian path with 37 points (followed 100.000000% of requested trajectory)
[move_group-2] [INFO] [1789282868.265017642] [move_group.moveit.moveit.ros.move_group.cartesian_path_service_capability]: Received request to compute Cartesian path
[move_group-2] [INFO] [1789282868.265182923] [move_group.moveit.moveit.ros.move_group.cartesian_path_service_capability]: Attempting to follow 1 waypoints for link 'panda_hand' using a step of 0.010000 m and jump threshold 0.000000 (in global reference frame)
[move_group-2] [INFO] [1789282868.266223823] [move_group.moveit.moveit.ros.move_group.cartesian_path_service_capability]: Computed Cartesian path with 8 points (followed 100.000000% of requested trajectory)
[move_group-2] [INFO] [1789282875.764597538] [move_group.moveit.moveit.ros.move_group.cartesian_path_service_capability]: Received request to compute Cartesian path
[move_group-2] [INFO] [1789282875.764718338] [move_group.moveit.moveit.ros.move_group.cartesian_path_service_capability]: Attempting to follow 1 waypoints for link 'panda_hand' using a step of 0.010000 m and jump threshold 0.000000 (in global reference frame)
[move_group-2] [INFO] [1789282875.769389874] [move_group.moveit.moveit.ros.move_group.cartesian_path_service_capability]: Computed Cartesian path with 21 points (followed 100.000000% of requested trajectory)
[move_group-2] [INFO] [1789282928.764427116] [move_group.moveit.moveit.ros.move_group.cartesian_path_service_capability]: Received request to compute Cartesian path
[move_group-2] [INFO] [1789282928.764552492] [move_group.moveit.moveit.ros.move_group.cartesian_path_service_capability]: Attempting to follow 1 waypoints for link 'panda_hand' using a step of 0.010000 m and jump threshold 0.000000 (in global reference frame)
[move_group-2] [INFO] [1789282928.765604560] [move_group.moveit.moveit.ros.move_group.cartesian_path_service_capability]: Computed Cartesian path with 7 points (followed 100.000000% of requested trajectory)
[move_group-2] [INFO] [1789282936.265531080] [move_group.moveit.moveit.ros.move_group.cartesian_path_service_capability]: Received request to compute Cartesian path
[move_group-2] [INFO] [1789282936.265655273] [move_group.moveit.moveit.ros.move_group.cartesian_path_service_capability]: Attempting to follow 18 waypoints for link 'panda_hand' using a step of 0.010000 m and jump threshold 0.000000 (in global reference frame)
[move_group-2] [INFO] [1789282936.271375292] [move_group.moveit.moveit.ros.move_group.cartesian_path_service_capability]: Computed Cartesian path with 37 points (followed 100.000000% of requested trajectory)
[move_group-2] [INFO] [1789282981.764615319] [move_group.moveit.moveit.ros.move_group.cartesian_path_service_capability]: Received request to compute Cartesian path
[move_group-2] [INFO] [1789282981.764760535] [move_group.moveit.moveit.ros.move_group.cartesian_path_service_capability]: Attempting to follow 1 waypoints for link 'panda_hand' using a step of 0.010000 m and jump threshold 0.000000 (in global reference frame)
[move_group-2] [INFO] [1789282981.765743387] [move_group.moveit.moveit.ros.move_group.cartesian_path_service_capability]: Computed Cartesian path with 7 points (followed 100.000000% of requested trajectory)
[move_group-2] [INFO] [1789282988.765137364] [move_group.moveit.moveit.ros.move_group.cartesian_path_service_capability]: Received request to compute Cartesian path
[move_group-2] [INFO] [1789282988.765288980] [move_group.moveit.moveit.ros.move_group.cartesian_path_service_capability]: Attempting to follow 1 waypoints for link 'panda_hand' using a step of 0.010000 m and jump threshold 0.000000 (in global reference frame)
[move_group-2] [INFO] [1789282988.766570649] [move_group.moveit.moveit.ros.move_group.cartesian_path_service_capability]: Computed Cartesian path with 10 points (followed 100.000000% of requested trajectory)
[move_group-2] [INFO] [1789283516.765510827] [move_group.moveit.moveit.ros.move_group.move_action]: MoveGroupMoveAction: Received request
[move_group-2] [INFO] [1789283516.765821964] [move_group.moveit.moveit.ros.move_group.move_action]: executing..
[move_group-2] [INFO] [1789283516.766012557] [move_group.moveit.moveit.ros.move_group.move_action]: Planning request received for MoveGroup action. Forwarding to planning pipeline.
[move_group-2] [INFO] [1789283516.766223214] [move_group]: Calling PlanningRequestAdapter 'ResolveConstraintFrames'
[move_group-2] [INFO] [1789283516.766254126] [move_group]: Calling PlanningRequestAdapter 'ValidateWorkspaceBounds'
[move_group-2] [WARN] [1789283516.766262510] [move_group.moveit.moveit.ros.validate_workspace_bounds]: It looks like the planning volume was not specified. Using default values.
[move_group-2] [INFO] [1789283516.766279278] [move_group]: Calling PlanningRequestAdapter 'CheckStartStateBounds'
[move_group-2] [INFO] [1789283516.766310190] [move_group]: Calling PlanningRequestAdapter 'CheckStartStateCollision'
[move_group-2] [INFO] [1789283516.766651631] [move_group.moveit.moveit.planners.ompl.model_based_planning_context]: Planner configuration 'panda_arm' will use planner 'geometric::RRTConnect'. Additional configuration parameters will be set when the planner is constructed.
[move_group-2] [INFO] [1789283516.766743184] [move_group]: Calling Planner 'OMPL'
[move_group-2] [INFO] [1789283516.779509180] [move_group]: Calling PlanningResponseAdapter 'AddTimeOptimalParameterization'
[move_group-2] [INFO] [1789283516.786908501] [move_group]: Calling PlanningResponseAdapter 'ValidateSolution'
[move_group-2] [INFO] [1789283516.787674040] [move_group]: Calling PlanningResponseAdapter 'DisplayMotionPath'
[move_group-2] [WARN] [1789283516.787816344] [move_group.moveit.moveit.ros.planning_pipeline]: The planner plugin did not fill out the 'planner_id' field of the MotionPlanResponse. Setting it to the planner ID name of the MotionPlanRequest assuming that the planner plugin does warn you if it does not use the requested planner.
[move_group-2] [INFO] [1789283516.787911289] [move_group.moveit.moveit.ros.move_group.move_action]: Motion plan was computed successfully.
[move_group-2] [INFO] [1789283574.264713972] [move_group.moveit.moveit.ros.move_group.cartesian_path_service_capability]: Received request to compute Cartesian path
[move_group-2] [INFO] [1789283574.264885748] [move_group.moveit.moveit.ros.move_group.cartesian_path_service_capability]: Attempting to follow 1 waypoints for link 'panda_hand' using a step of 0.010000 m and jump threshold 0.000000 (in global reference frame)
[move_group-2] [INFO] [1789283574.266160665] [move_group.moveit.moveit.ros.move_group.cartesian_path_service_capability]: Computed Cartesian path with 9 points (followed 100.000000% of requested trajectory)
[move_group-2] [INFO] [1789283583.264732929] [move_group.moveit.moveit.ros.move_group.cartesian_path_service_capability]: Received request to compute Cartesian path
[move_group-2] [INFO] [1789283583.264911553] [move_group.moveit.moveit.ros.move_group.cartesian_path_service_capability]: Attempting to follow 1 waypoints for link 'panda_hand' using a step of 0.010000 m and jump threshold 0.000000 (in global reference frame)
[move_group-2] [INFO] [1789283583.265678724] [move_group.moveit.moveit.ros.move_group.cartesian_path_service_capability]: Computed Cartesian path with 4 points (followed 100.000000% of requested trajectory)
[move_group-2] [INFO] [1789283667.264973911] [move_group.moveit.moveit.ros.move_group.cartesian_path_service_capability]: Received request to compute Cartesian path
[move_group-2] [INFO] [1789283667.265172952] [move_group.moveit.moveit.ros.move_group.cartesian_path_service_capability]: Attempting to follow 1 waypoints for link 'panda_hand' using a step of 0.010000 m and jump threshold 0.000000 (in global reference frame)
[move_group-2] [INFO] [1789283667.266478588] [move_group.moveit.moveit.ros.move_group.cartesian_path_service_capability]: Computed Cartesian path with 9 points (followed 100.000000% of requested trajectory)
[move_group-2] [INFO] [1789283667.765147859] [move_group.moveit.moveit.ros.move_group.cartesian_path_service_capability]: Received request to compute Cartesian path
[move_group-2] [INFO] [1789283667.765327380] [move_group.moveit.moveit.ros.move_group.cartesian_path_service_capability]: Attempting to follow 5 waypoints for link 'panda_hand' using a step of 0.010000 m and jump threshold 0.000000 (in global reference frame)
[move_group-2] [INFO] [1789283667.835264005] [move_group.moveit.moveit.ros.move_group.cartesian_path_service_capability]: Computed Cartesian path with 81 points (followed 76.470588% of requested trajectory)
[move_group-2] [INFO] [1789284138.264990411] [move_group.moveit.moveit.ros.move_group.cartesian_path_service_capability]: Received request to compute Cartesian path
[move_group-2] [INFO] [1789284138.265169739] [move_group.moveit.moveit.ros.move_group.cartesian_path_service_capability]: Attempting to follow 1 waypoints for link 'panda_hand' using a step of 0.010000 m and jump threshold 0.000000 (in global reference frame)
[move_group-2] [INFO] [1789284138.266226703] [move_group.moveit.moveit.ros.move_group.cartesian_path_service_capability]: Computed Cartesian path with 7 points (followed 100.000000% of requested trajectory)
[move_group-2] [INFO] [1789284145.264893193] [move_group.moveit.moveit.ros.move_group.cartesian_path_service_capability]: Received request to compute Cartesian path
[move_group-2] [INFO] [1789284145.265074250] [move_group.moveit.moveit.ros.move_group.cartesian_path_service_capability]: Attempting to follow 1 waypoints for link 'panda_hand' using a step of 0.010000 m and jump threshold 0.000000 (in global reference frame)
[move_group-2] [INFO] [1789284145.272640068] [move_group.moveit.moveit.ros.move_group.cartesian_path_service_capability]: Computed Cartesian path with 44 points (followed 100.000000% of requested trajectory)
[move_group-2] [INFO] [1789284166.264150916] [move_group.moveit.moveit.ros.move_group.cartesian_path_service_capability]: Received request to compute Cartesian path
[move_group-2] [INFO] [1789284166.264292901] [move_group.moveit.moveit.ros.move_group.cartesian_path_service_capability]: Attempting to follow 1 waypoints for link 'panda_hand' using a step of 0.010000 m and jump threshold 0.000000 (in global reference frame)
[move_group-2] [INFO] [1789284166.265763626] [move_group.moveit.moveit.ros.move_group.cartesian_path_service_capability]: Computed Cartesian path with 9 points (followed 100.000000% of requested trajectory)
[move_group-2] [INFO] [1789284176.764338820] [move_group.moveit.moveit.ros.move_group.cartesian_path_service_capability]: Received request to compute Cartesian path
[move_group-2] [INFO] [1789284176.764476644] [move_group.moveit.moveit.ros.move_group.cartesian_path_service_capability]: Attempting to follow 1 waypoints for link 'panda_hand' using a step of 0.010000 m and jump threshold 0.000000 (in global reference frame)
[move_group-2] [INFO] [1789284176.765686856] [move_group.moveit.moveit.ros.move_group.cartesian_path_service_capability]: Computed Cartesian path with 8 points (followed 100.000000% of requested trajectory)
[move_group-2] [INFO] [1789284184.264418942] [move_group.moveit.moveit.ros.move_group.cartesian_path_service_capability]: Received request to compute Cartesian path
[move_group-2] [INFO] [1789284184.264564639] [move_group.moveit.moveit.ros.move_group.cartesian_path_service_capability]: Attempting to follow 1 waypoints for link 'panda_hand' using a step of 0.010000 m and jump threshold 0.000000 (in global reference frame)
[move_group-2] [INFO] [1789284184.265799555] [move_group.moveit.moveit.ros.move_group.cartesian_path_service_capability]: Computed Cartesian path with 8 points (followed 100.000000% of requested trajectory)
[move_group-2] [INFO] [1789284251.765604926] [move_group.moveit.moveit.ros.move_group.move_action]: MoveGroupMoveAction: Received request
[move_group-2] [INFO] [1789284251.765912799] [move_group.moveit.moveit.ros.move_group.move_action]: executing..
[move_group-2] [INFO] [1789284251.766150272] [move_group.moveit.moveit.ros.move_group.move_action]: Planning request received for MoveGroup action. Forwarding to planning pipeline.
[move_group-2] [INFO] [1789284251.766490785] [move_group]: Calling PlanningRequestAdapter 'ResolveConstraintFrames'
[move_group-2] [INFO] [1789284251.766525217] [move_group]: Calling PlanningRequestAdapter 'ValidateWorkspaceBounds'
[move_group-2] [WARN] [1789284251.766533057] [move_group.moveit.moveit.ros.validate_workspace_bounds]: It looks like the planning volume was not specified. Using default values.
[move_group-2] [INFO] [1789284251.766549089] [move_group]: Calling PlanningRequestAdapter 'CheckStartStateBounds'
[move_group-2] [INFO] [1789284251.766576513] [move_group]: Calling PlanningRequestAdapter 'CheckStartStateCollision'
[move_group-2] [INFO] [1789284251.766952930] [move_group.moveit.moveit.planners.ompl.model_based_planning_context]: Planner configuration 'panda_arm' will use planner 'geometric::RRTConnect'. Additional configuration parameters will be set when the planner is constructed.
[move_group-2] [INFO] [1789284251.767033634] [move_group]: Calling Planner 'OMPL'
[move_group-2] [INFO] [1789284251.781245778] [move_group]: Calling PlanningResponseAdapter 'AddTimeOptimalParameterization'
[move_group-2] [INFO] [1789284251.785511265] [move_group]: Calling PlanningResponseAdapter 'ValidateSolution'
[move_group-2] [INFO] [1789284251.786135171] [move_group]: Calling PlanningResponseAdapter 'DisplayMotionPath'
[move_group-2] [WARN] [1789284251.786215939] [move_group.moveit.moveit.ros.planning_pipeline]: The planner plugin did not fill out the 'planner_id' field of the MotionPlanResponse. Setting it to the planner ID name of the MotionPlanRequest assuming that the planner plugin does warn you if it does not use the requested planner.
[move_group-2] [INFO] [1789284251.786280739] [move_group.moveit.moveit.ros.move_group.move_action]: Motion plan was computed successfully.
[move_group-2] [INFO] [1789284279.764989642] [move_group.moveit.moveit.ros.move_group.cartesian_path_service_capability]: Received request to compute Cartesian path
[move_group-2] [INFO] [1789284279.765159594] [move_group.moveit.moveit.ros.move_group.cartesian_path_service_capability]: Attempting to follow 1 waypoints for link 'panda_hand' using a step of 0.010000 m and jump threshold 0.000000 (in global reference frame)
[move_group-2] [INFO] [1789284279.766546031] [move_group.moveit.moveit.ros.move_group.cartesian_path_service_capability]: Computed Cartesian path with 9 points (followed 100.000000% of requested trajectory)
[move_group-2] [INFO] [1789284289.265349303] [move_group.moveit.moveit.ros.move_group.cartesian_path_service_capability]: Received request to compute Cartesian path
[move_group-2] [INFO] [1789284289.265518999] [move_group.moveit.moveit.ros.move_group.cartesian_path_service_capability]: Attempting to follow 1 waypoints for link 'panda_hand' using a step of 0.010000 m and jump threshold 0.000000 (in global reference frame)
[move_group-2] [INFO] [1789284289.266291610] [move_group.moveit.moveit.ros.move_group.cartesian_path_service_capability]: Computed Cartesian path with 4 points (followed 100.000000% of requested trajectory)
[move_group-2] [INFO] [1789284328.764759074] [move_group.moveit.moveit.ros.move_group.cartesian_path_service_capability]: Received request to compute Cartesian path
[move_group-2] [INFO] [1789284328.764931395] [move_group.moveit.moveit.ros.move_group.cartesian_path_service_capability]: Attempting to follow 4 waypoints for link 'panda_hand' using a step of 0.010000 m and jump threshold 0.000000 (in global reference frame)
[move_group-2] [INFO] [1789284328.815176332] [move_group.moveit.moveit.ros.move_group.cartesian_path_service_capability]: Computed Cartesian path with 1 points (followed 0.000000% of requested trajectory)
[move_group-2] [INFO] [1789284389.263988279] [move_group.moveit.moveit.ros.move_group.cartesian_path_service_capability]: Received request to compute Cartesian path
[move_group-2] [INFO] [1789284389.264162776] [move_group.moveit.moveit.ros.move_group.cartesian_path_service_capability]: Attempting to follow 1 waypoints for link 'panda_hand' using a step of 0.010000 m and jump threshold 0.000000 (in global reference frame)
[move_group-2] [INFO] [1789284389.265604605] [move_group.moveit.moveit.ros.move_group.cartesian_path_service_capability]: Computed Cartesian path with 9 points (followed 100.000000% of requested trajectory)
[move_group-2] [INFO] [1789284401.765843046] [move_group.moveit.moveit.ros.move_group.cartesian_path_service_capability]: Received request to compute Cartesian path
[move_group-2] [INFO] [1789284401.765979719] [move_group.moveit.moveit.ros.move_group.cartesian_path_service_capability]: Attempting to follow 5 waypoints for link 'panda_hand' using a step of 0.010000 m and jump threshold 0.000000 (in global reference frame)
[move_group-2] [INFO] [1789284401.772729885] [move_group.moveit.moveit.ros.move_group.cartesian_path_service_capability]: Computed Cartesian path with 36 points (followed 100.000000% of requested trajectory)
[move_group-2] [INFO] [1789284402.265221497] [move_group.moveit.moveit.ros.move_group.cartesian_path_service_capability]: Received request to compute Cartesian path
[move_group-2] [INFO] [1789284402.265347641] [move_group.moveit.moveit.ros.move_group.cartesian_path_service_capability]: Attempting to follow 5 waypoints for link 'panda_hand' using a step of 0.010000 m and jump threshold 0.000000 (in global reference frame)
[move_group-2] [INFO] [1789284402.325877669] [move_group.moveit.moveit.ros.move_group.cartesian_path_service_capability]: Computed Cartesian path with 32 points (followed 76.666667% of requested trajectory)
[move_group-2] [INFO] [1789284418.265041491] [move_group.moveit.moveit.ros.move_group.cartesian_path_service_capability]: Received request to compute Cartesian path
[move_group-2] [INFO] [1789284418.265602805] [move_group.moveit.moveit.ros.move_group.cartesian_path_service_capability]: Attempting to follow 1 waypoints for link 'panda_hand' using a step of 0.010000 m and jump threshold 0.000000 (in global reference frame)
[move_group-2] [INFO] [1789284418.267267130] [move_group.moveit.moveit.ros.move_group.cartesian_path_service_capability]: Computed Cartesian path with 11 points (followed 100.000000% of requested trajectory)
[move_group-2] [INFO] [1789284426.265305985] [move_group.moveit.moveit.ros.move_group.cartesian_path_service_capability]: Received request to compute Cartesian path
[move_group-2] [INFO] [1789284426.265476865] [move_group.moveit.moveit.ros.move_group.cartesian_path_service_capability]: Attempting to follow 1 waypoints for link 'panda_hand' using a step of 0.010000 m and jump threshold 0.000000 (in global reference frame)
[move_group-2] [INFO] [1789284426.266478117] [move_group.moveit.moveit.ros.move_group.cartesian_path_service_capability]: Computed Cartesian path with 5 points (followed 100.000000% of requested trajectory)
[move_group-2] [WARN] [1789284467.266403856] [move_group.moveit.moveit.core.planning_scene]: Tried to remove world object 'white_mug', but it does not exist in this scene.
[move_group-2] [INFO] [1789284467.763945917] [move_group.moveit.moveit.ros.move_group.cartesian_path_service_capability]: Received request to compute Cartesian path
[move_group-2] [INFO] [1789284467.764098845] [move_group.moveit.moveit.ros.move_group.cartesian_path_service_capability]: Attempting to follow 1 waypoints for link 'panda_hand' using a step of 0.010000 m and jump threshold 0.000000 (in global reference frame)
[move_group-2] [INFO] [1789284467.764686943] [move_group.moveit.moveit.ros.move_group.cartesian_path_service_capability]: Computed Cartesian path with 3 points (followed 100.000000% of requested trajectory)
[move_group-2] [INFO] [1789284473.265183046] [move_group.moveit.moveit.ros.move_group.cartesian_path_service_capability]: Received request to compute Cartesian path
[move_group-2] [INFO] [1789284473.265347174] [move_group.moveit.moveit.ros.move_group.cartesian_path_service_capability]: Attempting to follow 1 waypoints for link 'panda_hand' using a step of 0.010000 m and jump threshold 0.000000 (in global reference frame)
[move_group-2] [INFO] [1789284473.268070736] [move_group.moveit.moveit.ros.move_group.cartesian_path_service_capability]: Computed Cartesian path with 19 points (followed 100.000000% of requested trajectory)
[move_group-2] [INFO] [1789284526.764427735] [move_group.moveit.moveit.ros.move_group.cartesian_path_service_capability]: Received request to compute Cartesian path
[move_group-2] [INFO] [1789284526.764593240] [move_group.moveit.moveit.ros.move_group.cartesian_path_service_capability]: Attempting to follow 1 waypoints for link 'panda_hand' using a step of 0.010000 m and jump threshold 0.000000 (in global reference frame)
[move_group-2] [INFO] [1789284526.765350747] [move_group.moveit.moveit.ros.move_group.cartesian_path_service_capability]: Computed Cartesian path with 4 points (followed 100.000000% of requested trajectory)
[move_group-2] [INFO] [1789284534.764758278] [move_group.moveit.moveit.ros.move_group.cartesian_path_service_capability]: Received request to compute Cartesian path
[move_group-2] [INFO] [1789284534.764901478] [move_group.moveit.moveit.ros.move_group.cartesian_path_service_capability]: Attempting to follow 1 waypoints for link 'panda_hand' using a step of 0.010000 m and jump threshold 0.000000 (in global reference frame)
[move_group-2] [INFO] [1789284534.767194638] [move_group.moveit.moveit.ros.move_group.cartesian_path_service_capability]: Computed Cartesian path with 18 points (followed 100.000000% of requested trajectory)
[move_group-2] [INFO] [1789284745.808502703] [move_group.moveit.moveit.ros.move_group.cartesian_path_service_capability]: Received request to compute Cartesian path
[move_group-2] [INFO] [1789284745.808609071] [move_group.moveit.moveit.ros.move_group.cartesian_path_service_capability]: Attempting to follow 30 waypoints for link 'panda_hand' using a step of 0.010000 m and jump threshold 0.000000 (in global reference frame)
[move_group-2] [INFO] [1789284745.851301183] [move_group.moveit.moveit.ros.move_group.cartesian_path_service_capability]: Computed Cartesian path with 48 points (followed 80.000000% of requested trajectory)
[move_group-2] [INFO] [1789284746.279655555] [move_group.moveit.moveit.ros.move_group.cartesian_path_service_capability]: Received request to compute Cartesian path
[move_group-2] [INFO] [1789284746.279736899] [move_group.moveit.moveit.ros.move_group.cartesian_path_service_capability]: Attempting to follow 30 waypoints for link 'panda_hand' using a step of 0.010000 m and jump threshold 0.000000 (in global reference frame)
[move_group-2] [INFO] [1789284746.325397501] [move_group.moveit.moveit.ros.move_group.cartesian_path_service_capability]: Computed Cartesian path with 49 points (followed 80.000000% of requested trajectory)
[move_group-2] [INFO] [1789284746.820437793] [move_group.moveit.moveit.ros.move_group.cartesian_path_service_capability]: Received request to compute Cartesian path
[move_group-2] [INFO] [1789284746.820524865] [move_group.moveit.moveit.ros.move_group.cartesian_path_service_capability]: Attempting to follow 30 waypoints for link 'panda_hand' using a step of 0.010000 m and jump threshold 0.000000 (in global reference frame)
[move_group-2] [INFO] [1789284746.857397885] [move_group.moveit.moveit.ros.move_group.cartesian_path_service_capability]: Computed Cartesian path with 48 points (followed 80.000000% of requested trajectory)
[move_group-2] [INFO] [1789284747.296649925] [move_group.moveit.moveit.ros.move_group.cartesian_path_service_capability]: Received request to compute Cartesian path
[move_group-2] [INFO] [1789284747.296728358] [move_group.moveit.moveit.ros.move_group.cartesian_path_service_capability]: Attempting to follow 30 waypoints for link 'panda_hand' using a step of 0.010000 m and jump threshold 0.000000 (in global reference frame)
[move_group-2] [INFO] [1789284747.333836739] [move_group.moveit.moveit.ros.move_group.cartesian_path_service_capability]: Computed Cartesian path with 49 points (followed 80.000000% of requested trajectory)
[move_group-2] [INFO] [1789284747.779782369] [move_group.moveit.moveit.ros.move_group.cartesian_path_service_capability]: Received request to compute Cartesian path
[move_group-2] [INFO] [1789284747.779856962] [move_group.moveit.moveit.ros.move_group.cartesian_path_service_capability]: Attempting to follow 30 waypoints for link 'panda_hand' using a step of 0.010000 m and jump threshold 0.000000 (in global reference frame)
[move_group-2] [INFO] [1789284747.808490050] [move_group.moveit.moveit.ros.move_group.cartesian_path_service_capability]: Computed Cartesian path with 45 points (followed 51.666667% of requested trajectory)
[move_group-2] [INFO] [1789284748.284478694] [move_group.moveit.moveit.ros.move_group.cartesian_path_service_capability]: Received request to compute Cartesian path
[move_group-2] [INFO] [1789284748.284558982] [move_group.moveit.moveit.ros.move_group.cartesian_path_service_capability]: Attempting to follow 30 waypoints for link 'panda_hand' using a step of 0.010000 m and jump threshold 0.000000 (in global reference frame)
[move_group-2] [INFO] [1789284748.327065014] [move_group.moveit.moveit.ros.move_group.cartesian_path_service_capability]: Computed Cartesian path with 54 points (followed 80.000000% of requested trajectory)
[move_group-2] [INFO] [1789284748.790011118] [move_group.moveit.moveit.ros.move_group.cartesian_path_service_capability]: Received request to compute Cartesian path
[move_group-2] [INFO] [1789284748.790104942] [move_group.moveit.moveit.ros.move_group.cartesian_path_service_capability]: Attempting to follow 30 waypoints for link 'panda_hand' using a step of 0.010000 m and jump threshold 0.000000 (in global reference frame)
[move_group-2] [INFO] [1789284748.839895254] [move_group.moveit.moveit.ros.move_group.cartesian_path_service_capability]: Computed Cartesian path with 58 points (followed 80.000000% of requested trajectory)
[move_group-2] [INFO] [1789284749.293640527] [move_group.moveit.moveit.ros.move_group.cartesian_path_service_capability]: Received request to compute Cartesian path
[move_group-2] [INFO] [1789284749.293737071] [move_group.moveit.moveit.ros.move_group.cartesian_path_service_capability]: Attempting to follow 30 waypoints for link 'panda_hand' using a step of 0.010000 m and jump threshold 0.000000 (in global reference frame)
[move_group-2] [INFO] [1789284749.327290304] [move_group.moveit.moveit.ros.move_group.cartesian_path_service_capability]: Computed Cartesian path with 58 points (followed 80.000000% of requested trajectory)
[move_group-2] [INFO] [1789284749.788300337] [move_group.moveit.moveit.ros.move_group.cartesian_path_service_capability]: Received request to compute Cartesian path
[move_group-2] [INFO] [1789284749.788380018] [move_group.moveit.moveit.ros.move_group.cartesian_path_service_capability]: Attempting to follow 30 waypoints for link 'panda_hand' using a step of 0.010000 m and jump threshold 0.000000 (in global reference frame)
[move_group-2] [INFO] [1789284749.818837848] [move_group.moveit.moveit.ros.move_group.cartesian_path_service_capability]: Computed Cartesian path with 59 points (followed 80.000000% of requested trajectory)
[move_group-2] [INFO] [1789284750.295445150] [move_group.moveit.moveit.ros.move_group.cartesian_path_service_capability]: Received request to compute Cartesian path
[move_group-2] [INFO] [1789284750.295530015] [move_group.moveit.moveit.ros.move_group.cartesian_path_service_capability]: Attempting to follow 30 waypoints for link 'panda_hand' using a step of 0.010000 m and jump threshold 0.000000 (in global reference frame)
[move_group-2] [INFO] [1789284750.327076425] [move_group.moveit.moveit.ros.move_group.cartesian_path_service_capability]: Computed Cartesian path with 62 points (followed 80.000000% of requested trajectory)
[move_group-2] [INFO] [1789284750.778119545] [move_group.moveit.moveit.ros.move_group.cartesian_path_service_capability]: Received request to compute Cartesian path
[move_group-2] [INFO] [1789284750.778203225] [move_group.moveit.moveit.ros.move_group.cartesian_path_service_capability]: Attempting to follow 30 waypoints for link 'panda_hand' using a step of 0.010000 m and jump threshold 0.000000 (in global reference frame)
[move_group-2] [INFO] [1789284750.836872095] [move_group.moveit.moveit.ros.move_group.cartesian_path_service_capability]: Computed Cartesian path with 51 points (followed 80.000000% of requested trajectory)
[move_group-2] [INFO] [1789284751.296044074] [move_group.moveit.moveit.ros.move_group.cartesian_path_service_capability]: Received request to compute Cartesian path
[move_group-2] [INFO] [1789284751.296128618] [move_group.moveit.moveit.ros.move_group.cartesian_path_service_capability]: Attempting to follow 30 waypoints for link 'panda_hand' using a step of 0.010000 m and jump threshold 0.000000 (in global reference frame)
[move_group-2] [INFO] [1789284751.352632297] [move_group.moveit.moveit.ros.move_group.cartesian_path_service_capability]: Computed Cartesian path with 53 points (followed 80.000000% of requested trajectory)
[move_group-2] [INFO] [1789284799.775304136] [move_group.moveit.moveit.ros.move_group.cartesian_path_service_capability]: Received request to compute Cartesian path
[move_group-2] [INFO] [1789284799.775411880] [move_group.moveit.moveit.ros.move_group.cartesian_path_service_capability]: Attempting to follow 9 waypoints for link 'panda_hand' using a step of 0.010000 m and jump threshold 0.000000 (in global reference frame)
[move_group-2] [INFO] [1789284799.779090869] [move_group.moveit.moveit.ros.move_group.cartesian_path_service_capability]: Computed Cartesian path with 18 points (followed 100.000000% of requested trajectory)
[move_group-2] [INFO] [1789284801.798258857] [move_group.moveit.moveit.ros.move_group.cartesian_path_service_capability]: Received request to compute Cartesian path
[move_group-2] [INFO] [1789284801.798367433] [move_group.moveit.moveit.ros.move_group.cartesian_path_service_capability]: Attempting to follow 23 waypoints for link 'panda_hand' using a step of 0.010000 m and jump threshold 0.000000 (in global reference frame)
[move_group-2] [INFO] [1789284801.817165992] [move_group.moveit.moveit.ros.move_group.cartesian_path_service_capability]: Computed Cartesian path with 46 points (followed 100.000000% of requested trajectory)
[move_group-2] [WARN] [1789284897.727898522] [move_group.moveit.moveit.core.planning_scene]: Tried to remove world object 'mw_door', but it does not exist in this scene.
[move_group-2] [INFO] [1789284897.740017923] [move_group.moveit.moveit.ros.move_group.cartesian_path_service_capability]: Received request to compute Cartesian path
[move_group-2] [INFO] [1789284897.740112643] [move_group.moveit.moveit.ros.move_group.cartesian_path_service_capability]: Attempting to follow 23 waypoints for link 'panda_hand' using a step of 0.010000 m and jump threshold 0.000000 (in global reference frame)
[move_group-2] [INFO] [1789284897.761530123] [move_group.moveit.moveit.ros.move_group.cartesian_path_service_capability]: Computed Cartesian path with 46 points (followed 100.000000% of requested trajectory)
[move_group-2] [INFO] [1789284897.779846761] [move_group.moveit.moveit.ros.move_group.cartesian_path_service_capability]: Received request to compute Cartesian path
[move_group-2] [INFO] [1789284897.779922633] [move_group.moveit.moveit.ros.move_group.cartesian_path_service_capability]: Attempting to follow 23 waypoints for link 'panda_hand' using a step of 0.010000 m and jump threshold 0.000000 (in global reference frame)
[move_group-2] [INFO] [1789284897.792228883] [move_group.moveit.moveit.ros.move_group.cartesian_path_service_capability]: Computed Cartesian path with 46 points (followed 100.000000% of requested trajectory)
[move_group-2] [INFO] [1789284897.801781491] [move_group.moveit.moveit.ros.move_group.cartesian_path_service_capability]: Received request to compute Cartesian path
[move_group-2] [INFO] [1789284897.801853139] [move_group.moveit.moveit.ros.move_group.cartesian_path_service_capability]: Attempting to follow 23 waypoints for link 'panda_hand' using a step of 0.010000 m and jump threshold 0.000000 (in global reference frame)
[move_group-2] [INFO] [1789284897.815862082] [move_group.moveit.moveit.ros.move_group.cartesian_path_service_capability]: Computed Cartesian path with 46 points (followed 100.000000% of requested trajectory)
[move_group-2] [INFO] [1789284897.888635127] [move_group.moveit.moveit.ros.move_group.cartesian_path_service_capability]: Received request to compute Cartesian path
[move_group-2] [INFO] [1789284897.888711928] [move_group.moveit.moveit.ros.move_group.cartesian_path_service_capability]: Attempting to follow 23 waypoints for link 'panda_hand' using a step of 0.010000 m and jump threshold 0.000000 (in global reference frame)
[move_group-2] [INFO] [1789284897.900986945] [move_group.moveit.moveit.ros.move_group.cartesian_path_service_capability]: Computed Cartesian path with 46 points (followed 100.000000% of requested trajectory)
[move_group-2] [INFO] [1789284897.912191143] [move_group.moveit.moveit.ros.move_group.cartesian_path_service_capability]: Received request to compute Cartesian path
[move_group-2] [INFO] [1789284897.912261191] [move_group.moveit.moveit.ros.move_group.cartesian_path_service_capability]: Attempting to follow 23 waypoints for link 'panda_hand' using a step of 0.010000 m and jump threshold 0.000000 (in global reference frame)
[move_group-2] [INFO] [1789284897.927859516] [move_group.moveit.moveit.ros.move_group.cartesian_path_service_capability]: Computed Cartesian path with 46 points (followed 100.000000% of requested trajectory)
[move_group-2] [INFO] [1789284897.932446187] [move_group.moveit.moveit.ros.move_group.cartesian_path_service_capability]: Received request to compute Cartesian path
[move_group-2] [INFO] [1789284897.932518027] [move_group.moveit.moveit.ros.move_group.cartesian_path_service_capability]: Attempting to follow 23 waypoints for link 'panda_hand' using a step of 0.010000 m and jump threshold 0.000000 (in global reference frame)
[move_group-2] [INFO] [1789284897.949442852] [move_group.moveit.moveit.ros.move_group.cartesian_path_service_capability]: Computed Cartesian path with 46 points (followed 100.000000% of requested trajectory)
[move_group-2] [WARN] [1789284910.414553751] [move_group.moveit.moveit.core.planning_scene]: Tried to remove world object 'mw_door', but it does not exist in this scene.
[move_group-2] [INFO] [1789284910.432668084] [move_group.moveit.moveit.ros.move_group.cartesian_path_service_capability]: Received request to compute Cartesian path
[move_group-2] [INFO] [1789284910.432753941] [move_group.moveit.moveit.ros.move_group.cartesian_path_service_capability]: Attempting to follow 14 waypoints for link 'panda_hand' using a step of 0.010000 m and jump threshold 0.000000 (in global reference frame)
[move_group-2] [INFO] [1789284910.440005869] [move_group.moveit.moveit.ros.move_group.cartesian_path_service_capability]: Computed Cartesian path with 28 points (followed 100.000000% of requested trajectory)
[move_group-2] [INFO] [1789284910.454830783] [move_group.moveit.moveit.ros.move_group.cartesian_path_service_capability]: Received request to compute Cartesian path
[move_group-2] [INFO] [1789284910.454907775] [move_group.moveit.moveit.ros.move_group.cartesian_path_service_capability]: Attempting to follow 14 waypoints for link 'panda_hand' using a step of 0.010000 m and jump threshold 0.000000 (in global reference frame)
[move_group-2] [INFO] [1789284910.464115038] [move_group.moveit.moveit.ros.move_group.cartesian_path_service_capability]: Computed Cartesian path with 28 points (followed 100.000000% of requested trajectory)
[move_group-2] [INFO] [1789284910.482448028] [move_group.moveit.moveit.ros.move_group.cartesian_path_service_capability]: Received request to compute Cartesian path
[move_group-2] [INFO] [1789284910.482525820] [move_group.moveit.moveit.ros.move_group.cartesian_path_service_capability]: Attempting to follow 14 waypoints for link 'panda_hand' using a step of 0.010000 m and jump threshold 0.000000 (in global reference frame)
[move_group-2] [INFO] [1789284910.489258099] [move_group.moveit.moveit.ros.move_group.cartesian_path_service_capability]: Computed Cartesian path with 28 points (followed 100.000000% of requested trajectory)
[move_group-2] [INFO] [1789284910.537339637] [move_group.moveit.moveit.ros.move_group.cartesian_path_service_capability]: Received request to compute Cartesian path
[move_group-2] [INFO] [1789284910.537411253] [move_group.moveit.moveit.ros.move_group.cartesian_path_service_capability]: Attempting to follow 14 waypoints for link 'panda_hand' using a step of 0.010000 m and jump threshold 0.000000 (in global reference frame)
[move_group-2] [INFO] [1789284910.545537233] [move_group.moveit.moveit.ros.move_group.cartesian_path_service_capability]: Computed Cartesian path with 28 points (followed 100.000000% of requested trajectory)
[move_group-2] [WARN] [1789284911.971338805] [move_group.moveit.moveit.core.planning_scene]: Tried to remove world object 'mw_door', but it does not exist in this scene.
[move_group-2] [INFO] [1789284911.985500581] [move_group.moveit.moveit.ros.move_group.cartesian_path_service_capability]: Received request to compute Cartesian path
[move_group-2] [INFO] [1789284911.985580741] [move_group.moveit.moveit.ros.move_group.cartesian_path_service_capability]: Attempting to follow 11 waypoints for link 'panda_hand' using a step of 0.010000 m and jump threshold 0.000000 (in global reference frame)
[move_group-2] [INFO] [1789284911.989900628] [move_group.moveit.moveit.ros.move_group.cartesian_path_service_capability]: Computed Cartesian path with 22 points (followed 100.000000% of requested trajectory)
[move_group-2] [INFO] [1789284911.994629284] [move_group.moveit.moveit.ros.move_group.cartesian_path_service_capability]: Received request to compute Cartesian path
[move_group-2] [INFO] [1789284911.994704868] [move_group.moveit.moveit.ros.move_group.cartesian_path_service_capability]: Attempting to follow 11 waypoints for link 'panda_hand' using a step of 0.010000 m and jump threshold 0.000000 (in global reference frame)
[move_group-2] [INFO] [1789284911.998954290] [move_group.moveit.moveit.ros.move_group.cartesian_path_service_capability]: Computed Cartesian path with 22 points (followed 100.000000% of requested trajectory)
[move_group-2] [INFO] [1789284912.024124295] [move_group.moveit.moveit.ros.move_group.cartesian_path_service_capability]: Received request to compute Cartesian path
[move_group-2] [INFO] [1789284912.024200199] [move_group.moveit.moveit.ros.move_group.cartesian_path_service_capability]: Attempting to follow 11 waypoints for link 'panda_hand' using a step of 0.010000 m and jump threshold 0.000000 (in global reference frame)
[move_group-2] [INFO] [1789284912.028445110] [move_group.moveit.moveit.ros.move_group.cartesian_path_service_capability]: Computed Cartesian path with 22 points (followed 100.000000% of requested trajectory)
[move_group-2] [INFO] [1789284912.040616479] [move_group.moveit.moveit.ros.move_group.cartesian_path_service_capability]: Received request to compute Cartesian path
[move_group-2] [INFO] [1789284912.040697215] [move_group.moveit.moveit.ros.move_group.cartesian_path_service_capability]: Attempting to follow 11 waypoints for link 'panda_hand' using a step of 0.010000 m and jump threshold 0.000000 (in global reference frame)
[move_group-2] [INFO] [1789284912.073077324] [move_group.moveit.moveit.ros.move_group.cartesian_path_service_capability]: Computed Cartesian path with 29 points (followed 95.454545% of requested trajectory)
[move_group-2] [INFO] [1789284912.079392897] [move_group.moveit.moveit.ros.move_group.cartesian_path_service_capability]: Received request to compute Cartesian path
[move_group-2] [INFO] [1789284912.079477442] [move_group.moveit.moveit.ros.move_group.cartesian_path_service_capability]: Attempting to follow 11 waypoints for link 'panda_hand' using a step of 0.010000 m and jump threshold 0.000000 (in global reference frame)
[move_group-2] [INFO] [1789284912.083986385] [move_group.moveit.moveit.ros.move_group.cartesian_path_service_capability]: Computed Cartesian path with 22 points (followed 100.000000% of requested trajectory)
[move_group-2] [WARN] [1789284913.488216461] [move_group.moveit.moveit.core.planning_scene]: Tried to remove world object 'mw_door', but it does not exist in this scene.
[move_group-2] [INFO] [1789284913.492486363] [move_group.moveit.moveit.ros.move_group.cartesian_path_service_capability]: Received request to compute Cartesian path
[move_group-2] [INFO] [1789284913.492594331] [move_group.moveit.moveit.ros.move_group.cartesian_path_service_capability]: Attempting to follow 6 waypoints for link 'panda_hand' using a step of 0.010000 m and jump threshold 0.000000 (in global reference frame)
[move_group-2] [INFO] [1789284913.494854051] [move_group.moveit.moveit.ros.move_group.cartesian_path_service_capability]: Computed Cartesian path with 12 points (followed 100.000000% of requested trajectory)
[move_group-2] [INFO] [1789284913.499991572] [move_group.moveit.moveit.ros.move_group.cartesian_path_service_capability]: Received request to compute Cartesian path
[move_group-2] [INFO] [1789284913.500088917] [move_group.moveit.moveit.ros.move_group.cartesian_path_service_capability]: Attempting to follow 6 waypoints for link 'panda_hand' using a step of 0.010000 m and jump threshold 0.000000 (in global reference frame)
[move_group-2] [INFO] [1789284913.502222684] [move_group.moveit.moveit.ros.move_group.cartesian_path_service_capability]: Computed Cartesian path with 12 points (followed 100.000000% of requested trajectory)
[move_group-2] [INFO] [1789284913.517686864] [move_group.moveit.moveit.ros.move_group.cartesian_path_service_capability]: Received request to compute Cartesian path
[move_group-2] [INFO] [1789284913.517774736] [move_group.moveit.moveit.ros.move_group.cartesian_path_service_capability]: Attempting to follow 6 waypoints for link 'panda_hand' using a step of 0.010000 m and jump threshold 0.000000 (in global reference frame)
[move_group-2] [INFO] [1789284913.519927127] [move_group.moveit.moveit.ros.move_group.cartesian_path_service_capability]: Computed Cartesian path with 12 points (followed 100.000000% of requested trajectory)
[move_group-2] [INFO] [1789284913.524365159] [move_group.moveit.moveit.ros.move_group.cartesian_path_service_capability]: Received request to compute Cartesian path
[move_group-2] [INFO] [1789284913.524452263] [move_group.moveit.moveit.ros.move_group.cartesian_path_service_capability]: Attempting to follow 6 waypoints for link 'panda_hand' using a step of 0.010000 m and jump threshold 0.000000 (in global reference frame)
[move_group-2] [INFO] [1789284913.526535182] [move_group.moveit.moveit.ros.move_group.cartesian_path_service_capability]: Computed Cartesian path with 12 points (followed 100.000000% of requested trajectory)
[move_group-2] [INFO] [1789284913.536219214] [move_group.moveit.moveit.ros.move_group.cartesian_path_service_capability]: Received request to compute Cartesian path
[move_group-2] [INFO] [1789284913.536304815] [move_group.moveit.moveit.ros.move_group.cartesian_path_service_capability]: Attempting to follow 6 waypoints for link 'panda_hand' using a step of 0.010000 m and jump threshold 0.000000 (in global reference frame)
[move_group-2] [INFO] [1789284913.538436406] [move_group.moveit.moveit.ros.move_group.cartesian_path_service_capability]: Computed Cartesian path with 12 points (followed 100.000000% of requested trajectory)
[move_group-2] [INFO] [1789284913.546948147] [move_group.moveit.moveit.ros.move_group.cartesian_path_service_capability]: Received request to compute Cartesian path
[move_group-2] [INFO] [1789284913.547026611] [move_group.moveit.moveit.ros.move_group.cartesian_path_service_capability]: Attempting to follow 6 waypoints for link 'panda_hand' using a step of 0.010000 m and jump threshold 0.000000 (in global reference frame)
[move_group-2] [INFO] [1789284913.549211034] [move_group.moveit.moveit.ros.move_group.cartesian_path_service_capability]: Computed Cartesian path with 12 points (followed 100.000000% of requested trajectory)
[move_group-2] [INFO] [1789284913.562991017] [move_group.moveit.moveit.ros.move_group.cartesian_path_service_capability]: Received request to compute Cartesian path
[move_group-2] [INFO] [1789284913.563078409] [move_group.moveit.moveit.ros.move_group.cartesian_path_service_capability]: Attempting to follow 6 waypoints for link 'panda_hand' using a step of 0.010000 m and jump threshold 0.000000 (in global reference frame)
[move_group-2] [INFO] [1789284913.565158800] [move_group.moveit.moveit.ros.move_group.cartesian_path_service_capability]: Computed Cartesian path with 12 points (followed 100.000000% of requested trajectory)
[move_group-2] [INFO] [1789284913.568733948] [move_group.moveit.moveit.ros.move_group.cartesian_path_service_capability]: Received request to compute Cartesian path
[move_group-2] [INFO] [1789284913.568808956] [move_group.moveit.moveit.ros.move_group.cartesian_path_service_capability]: Attempting to follow 6 waypoints for link 'panda_hand' using a step of 0.010000 m and jump threshold 0.000000 (in global reference frame)
[move_group-2] [INFO] [1789284913.570925347] [move_group.moveit.moveit.ros.move_group.cartesian_path_service_capability]: Computed Cartesian path with 12 points (followed 100.000000% of requested trajectory)
[move_group-2] [INFO] [1789284913.591733449] [move_group.moveit.moveit.ros.move_group.cartesian_path_service_capability]: Received request to compute Cartesian path
[move_group-2] [INFO] [1789284913.591815402] [move_group.moveit.moveit.ros.move_group.cartesian_path_service_capability]: Attempting to follow 6 waypoints for link 'panda_hand' using a step of 0.010000 m and jump threshold 0.000000 (in global reference frame)
[move_group-2] [INFO] [1789284913.593960337] [move_group.moveit.moveit.ros.move_group.cartesian_path_service_capability]: Computed Cartesian path with 12 points (followed 100.000000% of requested trajectory)
[move_group-2] [INFO] [1789284913.618071170] [move_group.moveit.moveit.ros.move_group.cartesian_path_service_capability]: Received request to compute Cartesian path
[move_group-2] [INFO] [1789284913.618150979] [move_group.moveit.moveit.ros.move_group.cartesian_path_service_capability]: Attempting to follow 6 waypoints for link 'panda_hand' using a step of 0.010000 m and jump threshold 0.000000 (in global reference frame)
[move_group-2] [INFO] [1789284913.620301834] [move_group.moveit.moveit.ros.move_group.cartesian_path_service_capability]: Computed Cartesian path with 12 points (followed 100.000000% of requested trajectory)
[move_group-2] [INFO] [1789284913.632374386] [move_group.moveit.moveit.ros.move_group.cartesian_path_service_capability]: Received request to compute Cartesian path
[move_group-2] [INFO] [1789284913.632450259] [move_group.moveit.moveit.ros.move_group.cartesian_path_service_capability]: Attempting to follow 6 waypoints for link 'panda_hand' using a step of 0.010000 m and jump threshold 0.000000 (in global reference frame)
[move_group-2] [INFO] [1789284913.634543322] [move_group.moveit.moveit.ros.move_group.cartesian_path_service_capability]: Computed Cartesian path with 12 points (followed 100.000000% of requested trajectory)
[move_group-2] [INFO] [1789284913.645066205] [move_group.moveit.moveit.ros.move_group.cartesian_path_service_capability]: Received request to compute Cartesian path
[move_group-2] [INFO] [1789284913.645144733] [move_group.moveit.moveit.ros.move_group.cartesian_path_service_capability]: Attempting to follow 6 waypoints for link 'panda_hand' using a step of 0.010000 m and jump threshold 0.000000 (in global reference frame)
[move_group-2] [INFO] [1789284913.647281829] [move_group.moveit.moveit.ros.move_group.cartesian_path_service_capability]: Computed Cartesian path with 12 points (followed 100.000000% of requested trajectory)
[move_group-2] [INFO] [1789284913.651521843] [move_group.moveit.moveit.ros.move_group.cartesian_path_service_capability]: Received request to compute Cartesian path
[move_group-2] [INFO] [1789284913.651579891] [move_group.moveit.moveit.ros.move_group.cartesian_path_service_capability]: Attempting to follow 6 waypoints for link 'panda_hand' using a step of 0.010000 m and jump threshold 0.000000 (in global reference frame)
[move_group-2] [INFO] [1789284913.653673274] [move_group.moveit.moveit.ros.move_group.cartesian_path_service_capability]: Computed Cartesian path with 12 points (followed 100.000000% of requested trajectory)
[move_group-2] [WARN] [1789284915.070420512] [move_group.moveit.moveit.core.planning_scene]: Tried to remove world object 'mw_door', but it does not exist in this scene.
[move_group-2] [INFO] [1789284915.098394782] [move_group.moveit.moveit.ros.move_group.cartesian_path_service_capability]: Received request to compute Cartesian path
[move_group-2] [INFO] [1789284915.098474975] [move_group.moveit.moveit.ros.move_group.cartesian_path_service_capability]: Attempting to follow 19 waypoints for link 'panda_hand' using a step of 0.010000 m and jump threshold 0.000000 (in global reference frame)
[move_group-2] [INFO] [1789284915.111280010] [move_group.moveit.moveit.ros.move_group.cartesian_path_service_capability]: Computed Cartesian path with 38 points (followed 100.000000% of requested trajectory)
[move_group-2] [INFO] [1789284915.124642071] [move_group.moveit.moveit.ros.move_group.cartesian_path_service_capability]: Received request to compute Cartesian path
[move_group-2] [INFO] [1789284915.124714775] [move_group.moveit.moveit.ros.move_group.cartesian_path_service_capability]: Attempting to follow 19 waypoints for link 'panda_hand' using a step of 0.010000 m and jump threshold 0.000000 (in global reference frame)
[move_group-2] [INFO] [1789284915.137525890] [move_group.moveit.moveit.ros.move_group.cartesian_path_service_capability]: Computed Cartesian path with 38 points (followed 100.000000% of requested trajectory)
[move_group-2] [INFO] [1789284915.142068082] [move_group.moveit.moveit.ros.move_group.cartesian_path_service_capability]: Received request to compute Cartesian path
[move_group-2] [INFO] [1789284915.142144050] [move_group.moveit.moveit.ros.move_group.cartesian_path_service_capability]: Attempting to follow 19 waypoints for link 'panda_hand' using a step of 0.010000 m and jump threshold 0.000000 (in global reference frame)
[move_group-2] [INFO] [1789284915.156464002] [move_group.moveit.moveit.ros.move_group.cartesian_path_service_capability]: Computed Cartesian path with 38 points (followed 100.000000% of requested trajectory)
[move_group-2] [INFO] [1789284915.162953912] [move_group.moveit.moveit.ros.move_group.cartesian_path_service_capability]: Received request to compute Cartesian path
[move_group-2] [INFO] [1789284915.163028280] [move_group.moveit.moveit.ros.move_group.cartesian_path_service_capability]: Attempting to follow 19 waypoints for link 'panda_hand' using a step of 0.010000 m and jump threshold 0.000000 (in global reference frame)
[move_group-2] [INFO] [1789284915.182596250] [move_group.moveit.moveit.ros.move_group.cartesian_path_service_capability]: Computed Cartesian path with 38 points (followed 100.000000% of requested trajectory)
[move_group-2] [INFO] [1789284915.195709350] [move_group.moveit.moveit.ros.move_group.cartesian_path_service_capability]: Received request to compute Cartesian path
[move_group-2] [INFO] [1789284915.195781927] [move_group.moveit.moveit.ros.move_group.cartesian_path_service_capability]: Attempting to follow 19 waypoints for link 'panda_hand' using a step of 0.010000 m and jump threshold 0.000000 (in global reference frame)
[move_group-2] [INFO] [1789284915.215392073] [move_group.moveit.moveit.ros.move_group.cartesian_path_service_capability]: Computed Cartesian path with 38 points (followed 100.000000% of requested trajectory)
[move_group-2] [INFO] [1789284915.253141992] [move_group.moveit.moveit.ros.move_group.cartesian_path_service_capability]: Received request to compute Cartesian path
[move_group-2] [INFO] [1789284915.253214440] [move_group.moveit.moveit.ros.move_group.cartesian_path_service_capability]: Attempting to follow 19 waypoints for link 'panda_hand' using a step of 0.010000 m and jump threshold 0.000000 (in global reference frame)
[move_group-2] [INFO] [1789284915.267448632] [move_group.moveit.moveit.ros.move_group.cartesian_path_service_capability]: Computed Cartesian path with 38 points (followed 100.000000% of requested trajectory)
[move_group-2] [WARN] [1789284916.738711350] [move_group.moveit.moveit.core.planning_scene]: Tried to remove world object 'mw_door', but it does not exist in this scene.
[move_group-2] [INFO] [1789284916.742236130] [move_group.moveit.moveit.ros.move_group.cartesian_path_service_capability]: Received request to compute Cartesian path
[move_group-2] [INFO] [1789284916.742329826] [move_group.moveit.moveit.ros.move_group.cartesian_path_service_capability]: Attempting to follow 11 waypoints for link 'panda_hand' using a step of 0.010000 m and jump threshold 0.000000 (in global reference frame)
[move_group-2] [INFO] [1789284916.746798321] [move_group.moveit.moveit.ros.move_group.cartesian_path_service_capability]: Computed Cartesian path with 22 points (followed 100.000000% of requested trajectory)
[move_group-2] [INFO] [1789284916.749576250] [move_group.moveit.moveit.ros.move_group.cartesian_path_service_capability]: Received request to compute Cartesian path
[move_group-2] [INFO] [1789284916.749656667] [move_group.moveit.moveit.ros.move_group.cartesian_path_service_capability]: Attempting to follow 11 waypoints for link 'panda_hand' using a step of 0.010000 m and jump threshold 0.000000 (in global reference frame)
[move_group-2] [INFO] [1789284916.753986921] [move_group.moveit.moveit.ros.move_group.cartesian_path_service_capability]: Computed Cartesian path with 22 points (followed 100.000000% of requested trajectory)
[move_group-2] [INFO] [1789284916.756489682] [move_group.moveit.moveit.ros.move_group.cartesian_path_service_capability]: Received request to compute Cartesian path
[move_group-2] [INFO] [1789284916.756550098] [move_group.moveit.moveit.ros.move_group.cartesian_path_service_capability]: Attempting to follow 11 waypoints for link 'panda_hand' using a step of 0.010000 m and jump threshold 0.000000 (in global reference frame)
[move_group-2] [INFO] [1789284916.761709059] [move_group.moveit.moveit.ros.move_group.cartesian_path_service_capability]: Computed Cartesian path with 22 points (followed 100.000000% of requested trajectory)
[move_group-2] [INFO] [1789284916.766802356] [move_group.moveit.moveit.ros.move_group.cartesian_path_service_capability]: Received request to compute Cartesian path
[move_group-2] [INFO] [1789284916.766878709] [move_group.moveit.moveit.ros.move_group.cartesian_path_service_capability]: Attempting to follow 11 waypoints for link 'panda_hand' using a step of 0.010000 m and jump threshold 0.000000 (in global reference frame)
[move_group-2] [INFO] [1789284916.771025283] [move_group.moveit.moveit.ros.move_group.cartesian_path_service_capability]: Computed Cartesian path with 22 points (followed 100.000000% of requested trajectory)
[move_group-2] [INFO] [1789284916.782128328] [move_group.moveit.moveit.ros.move_group.cartesian_path_service_capability]: Received request to compute Cartesian path
[move_group-2] [INFO] [1789284916.782212520] [move_group.moveit.moveit.ros.move_group.cartesian_path_service_capability]: Attempting to follow 11 waypoints for link 'panda_hand' using a step of 0.010000 m and jump threshold 0.000000 (in global reference frame)
[move_group-2] [INFO] [1789284916.786532535] [move_group.moveit.moveit.ros.move_group.cartesian_path_service_capability]: Computed Cartesian path with 22 points (followed 100.000000% of requested trajectory)
[move_group-2] [INFO] [1789284916.810237575] [move_group.moveit.moveit.ros.move_group.cartesian_path_service_capability]: Received request to compute Cartesian path
[move_group-2] [INFO] [1789284916.810295655] [move_group.moveit.moveit.ros.move_group.cartesian_path_service_capability]: Attempting to follow 11 waypoints for link 'panda_hand' using a step of 0.010000 m and jump threshold 0.000000 (in global reference frame)
[move_group-2] [INFO] [1789284916.814661142] [move_group.moveit.moveit.ros.move_group.cartesian_path_service_capability]: Computed Cartesian path with 22 points (followed 100.000000% of requested trajectory)
[move_group-2] [INFO] [1789284916.817697216] [move_group.moveit.moveit.ros.move_group.cartesian_path_service_capability]: Received request to compute Cartesian path
[move_group-2] [INFO] [1789284916.817766336] [move_group.moveit.moveit.ros.move_group.cartesian_path_service_capability]: Attempting to follow 11 waypoints for link 'panda_hand' using a step of 0.010000 m and jump threshold 0.000000 (in global reference frame)
[move_group-2] [INFO] [1789284916.821946190] [move_group.moveit.moveit.ros.move_group.cartesian_path_service_capability]: Computed Cartesian path with 22 points (followed 100.000000% of requested trajectory)
[move_group-2] [WARN] [1789284918.251024638] [move_group.moveit.moveit.core.planning_scene]: Tried to remove world object 'mw_door', but it does not exist in this scene.
[move_group-2] [INFO] [1789284918.266333969] [move_group.moveit.moveit.ros.move_group.cartesian_path_service_capability]: Received request to compute Cartesian path
[move_group-2] [INFO] [1789284918.266417713] [move_group.moveit.moveit.ros.move_group.cartesian_path_service_capability]: Attempting to follow 14 waypoints for link 'panda_hand' using a step of 0.010000 m and jump threshold 0.000000 (in global reference frame)
[move_group-2] [INFO] [1789284918.280246560] [move_group.moveit.moveit.ros.move_group.cartesian_path_service_capability]: Computed Cartesian path with 22 points (followed 25.000000% of requested trajectory)
[move_group-2] [INFO] [1789284918.284949040] [move_group.moveit.moveit.ros.move_group.cartesian_path_service_capability]: Received request to compute Cartesian path
[move_group-2] [INFO] [1789284918.285032272] [move_group.moveit.moveit.ros.move_group.cartesian_path_service_capability]: Attempting to follow 14 waypoints for link 'panda_hand' using a step of 0.010000 m and jump threshold 0.000000 (in global reference frame)
[move_group-2] [INFO] [1789284918.341815632] [move_group.moveit.moveit.ros.move_group.cartesian_path_service_capability]: Computed Cartesian path with 17 points (followed 60.714286% of requested trajectory)
[move_group-2] [INFO] [1789284918.346464543] [move_group.moveit.moveit.ros.move_group.cartesian_path_service_capability]: Received request to compute Cartesian path
[move_group-2] [INFO] [1789284918.346554272] [move_group.moveit.moveit.ros.move_group.cartesian_path_service_capability]: Attempting to follow 14 waypoints for link 'panda_hand' using a step of 0.010000 m and jump threshold 0.000000 (in global reference frame)
[move_group-2] [INFO] [1789284918.410658072] [move_group.moveit.moveit.ros.move_group.cartesian_path_service_capability]: Computed Cartesian path with 27 points (followed 64.285714% of requested trajectory)
[move_group-2] [INFO] [1789284918.415701417] [move_group.moveit.moveit.ros.move_group.cartesian_path_service_capability]: Received request to compute Cartesian path
[move_group-2] [INFO] [1789284918.415780489] [move_group.moveit.moveit.ros.move_group.cartesian_path_service_capability]: Attempting to follow 14 waypoints for link 'panda_hand' using a step of 0.010000 m and jump threshold 0.000000 (in global reference frame)
[move_group-2] [INFO] [1789284918.443735751] [move_group.moveit.moveit.ros.move_group.cartesian_path_service_capability]: Computed Cartesian path with 19 points (followed 25.000000% of requested trajectory)
[move_group-2] [INFO] [1789284918.448313590] [move_group.moveit.moveit.ros.move_group.cartesian_path_service_capability]: Received request to compute Cartesian path
[move_group-2] [INFO] [1789284918.448391863] [move_group.moveit.moveit.ros.move_group.cartesian_path_service_capability]: Attempting to follow 14 waypoints for link 'panda_hand' using a step of 0.010000 m and jump threshold 0.000000 (in global reference frame)
[move_group-2] [ERROR] [1789284918.467273494] [move_group.moveit.moveit.core.time_optimal_trajectory_generation]: The path requires a 180 deg. turn, which is not supported by the current implementation.
[move_group-2] [ERROR] [1789284918.467359095] [move_group.moveit.moveit.core.time_optimal_trajectory_generation]: Invalid path.
[move_group-2] [INFO] [1789284918.467384631] [move_group.moveit.moveit.ros.move_group.cartesian_path_service_capability]: Computed Cartesian path with 16 points (followed 25.000000% of requested trajectory)
[move_group-2] [INFO] [1789284918.470524001] [move_group.moveit.moveit.ros.move_group.cartesian_path_service_capability]: Received request to compute Cartesian path
[move_group-2] [INFO] [1789284918.470599554] [move_group.moveit.moveit.ros.move_group.cartesian_path_service_capability]: Attempting to follow 14 waypoints for link 'panda_hand' using a step of 0.010000 m and jump threshold 0.000000 (in global reference frame)
[move_group-2] [INFO] [1789284918.526334109] [move_group.moveit.moveit.ros.move_group.cartesian_path_service_capability]: Computed Cartesian path with 17 points (followed 60.714286% of requested trajectory)
[move_group-2] [INFO] [1789284918.550214126] [move_group.moveit.moveit.ros.move_group.cartesian_path_service_capability]: Received request to compute Cartesian path
[move_group-2] [INFO] [1789284918.550304302] [move_group.moveit.moveit.ros.move_group.cartesian_path_service_capability]: Attempting to follow 14 waypoints for link 'panda_hand' using a step of 0.010000 m and jump threshold 0.000000 (in global reference frame)
[move_group-2] [INFO] [1789284918.567903657] [move_group.moveit.moveit.ros.move_group.cartesian_path_service_capability]: Computed Cartesian path with 24 points (followed 25.000000% of requested trajectory)
[move_group-2] [WARN] [1789284919.986843511] [move_group.moveit.moveit.core.planning_scene]: Tried to remove world object 'mw_door', but it does not exist in this scene.
[move_group-2] [INFO] [1789284920.012329709] [move_group.moveit.moveit.ros.move_group.cartesian_path_service_capability]: Received request to compute Cartesian path
[move_group-2] [INFO] [1789284920.012460141] [move_group.moveit.moveit.ros.move_group.cartesian_path_service_capability]: Attempting to follow 11 waypoints for link 'panda_hand' using a step of 0.010000 m and jump threshold 0.000000 (in global reference frame)
[move_group-2] [INFO] [1789284920.017026589] [move_group.moveit.moveit.ros.move_group.cartesian_path_service_capability]: Computed Cartesian path with 22 points (followed 100.000000% of requested trajectory)
[move_group-2] [INFO] [1789284920.041508175] [move_group.moveit.moveit.ros.move_group.cartesian_path_service_capability]: Received request to compute Cartesian path
[move_group-2] [INFO] [1789284920.041605775] [move_group.moveit.moveit.ros.move_group.cartesian_path_service_capability]: Attempting to follow 11 waypoints for link 'panda_hand' using a step of 0.010000 m and jump threshold 0.000000 (in global reference frame)
[move_group-2] [INFO] [1789284920.045452412] [move_group.moveit.moveit.ros.move_group.cartesian_path_service_capability]: Computed Cartesian path with 22 points (followed 100.000000% of requested trajectory)
[move_group-2] [INFO] [1789284920.099601075] [move_group.moveit.moveit.ros.move_group.cartesian_path_service_capability]: Received request to compute Cartesian path
[move_group-2] [INFO] [1789284920.099709555] [move_group.moveit.moveit.ros.move_group.cartesian_path_service_capability]: Attempting to follow 11 waypoints for link 'panda_hand' using a step of 0.010000 m and jump threshold 0.000000 (in global reference frame)
[move_group-2] [INFO] [1789284920.103749345] [move_group.moveit.moveit.ros.move_group.cartesian_path_service_capability]: Computed Cartesian path with 22 points (followed 100.000000% of requested trajectory)
[move_group-2] [WARN] [1789284921.539549831] [move_group.moveit.moveit.core.planning_scene]: Tried to remove world object 'mw_door', but it does not exist in this scene.
[move_group-2] [INFO] [1789284921.552104209] [move_group.moveit.moveit.ros.move_group.cartesian_path_service_capability]: Received request to compute Cartesian path
[move_group-2] [INFO] [1789284921.552191793] [move_group.moveit.moveit.ros.move_group.cartesian_path_service_capability]: Attempting to follow 6 waypoints for link 'panda_hand' using a step of 0.010000 m and jump threshold 0.000000 (in global reference frame)
[move_group-2] [INFO] [1789284921.554507833] [move_group.moveit.moveit.ros.move_group.cartesian_path_service_capability]: Computed Cartesian path with 12 points (followed 100.000000% of requested trajectory)
[move_group-2] [INFO] [1789284921.557427235] [move_group.moveit.moveit.ros.move_group.cartesian_path_service_capability]: Received request to compute Cartesian path
[move_group-2] [INFO] [1789284921.557519811] [move_group.moveit.moveit.ros.move_group.cartesian_path_service_capability]: Attempting to follow 6 waypoints for link 'panda_hand' using a step of 0.010000 m and jump threshold 0.000000 (in global reference frame)
[move_group-2] [INFO] [1789284921.559459626] [move_group.moveit.moveit.ros.move_group.cartesian_path_service_capability]: Computed Cartesian path with 12 points (followed 100.000000% of requested trajectory)
[move_group-2] [INFO] [1789284921.565614175] [move_group.moveit.moveit.ros.move_group.cartesian_path_service_capability]: Received request to compute Cartesian path
[move_group-2] [INFO] [1789284921.565700383] [move_group.moveit.moveit.ros.move_group.cartesian_path_service_capability]: Attempting to follow 6 waypoints for link 'panda_hand' using a step of 0.010000 m and jump threshold 0.000000 (in global reference frame)
[move_group-2] [INFO] [1789284921.567943046] [move_group.moveit.moveit.ros.move_group.cartesian_path_service_capability]: Computed Cartesian path with 12 points (followed 100.000000% of requested trajectory)
[move_group-2] [INFO] [1789284921.573089176] [move_group.moveit.moveit.ros.move_group.cartesian_path_service_capability]: Received request to compute Cartesian path
[move_group-2] [INFO] [1789284921.573157496] [move_group.moveit.moveit.ros.move_group.cartesian_path_service_capability]: Attempting to follow 6 waypoints for link 'panda_hand' using a step of 0.010000 m and jump threshold 0.000000 (in global reference frame)
[move_group-2] [INFO] [1789284921.575518752] [move_group.moveit.moveit.ros.move_group.cartesian_path_service_capability]: Computed Cartesian path with 12 points (followed 100.000000% of requested trajectory)
[move_group-2] [INFO] [1789284921.588673964] [move_group.moveit.moveit.ros.move_group.cartesian_path_service_capability]: Received request to compute Cartesian path
[move_group-2] [INFO] [1789284921.588756717] [move_group.moveit.moveit.ros.move_group.cartesian_path_service_capability]: Attempting to follow 6 waypoints for link 'panda_hand' using a step of 0.010000 m and jump threshold 0.000000 (in global reference frame)
[move_group-2] [INFO] [1789284921.590693843] [move_group.moveit.moveit.ros.move_group.cartesian_path_service_capability]: Computed Cartesian path with 12 points (followed 100.000000% of requested trajectory)
[move_group-2] [INFO] [1789284921.596706951] [move_group.moveit.moveit.ros.move_group.cartesian_path_service_capability]: Received request to compute Cartesian path
[move_group-2] [INFO] [1789284921.596798920] [move_group.moveit.moveit.ros.move_group.cartesian_path_service_capability]: Attempting to follow 6 waypoints for link 'panda_hand' using a step of 0.010000 m and jump threshold 0.000000 (in global reference frame)
[move_group-2] [INFO] [1789284921.598736046] [move_group.moveit.moveit.ros.move_group.cartesian_path_service_capability]: Computed Cartesian path with 12 points (followed 100.000000% of requested trajectory)
[move_group-2] [INFO] [1789284921.608318895] [move_group.moveit.moveit.ros.move_group.cartesian_path_service_capability]: Received request to compute Cartesian path
[move_group-2] [INFO] [1789284921.608403407] [move_group.moveit.moveit.ros.move_group.cartesian_path_service_capability]: Attempting to follow 6 waypoints for link 'panda_hand' using a step of 0.010000 m and jump threshold 0.000000 (in global reference frame)
[move_group-2] [INFO] [1789284921.610796663] [move_group.moveit.moveit.ros.move_group.cartesian_path_service_capability]: Computed Cartesian path with 12 points (followed 100.000000% of requested trajectory)
[move_group-2] [INFO] [1789284921.620907993] [move_group.moveit.moveit.ros.move_group.cartesian_path_service_capability]: Received request to compute Cartesian path
[move_group-2] [INFO] [1789284921.620994105] [move_group.moveit.moveit.ros.move_group.cartesian_path_service_capability]: Attempting to follow 6 waypoints for link 'panda_hand' using a step of 0.010000 m and jump threshold 0.000000 (in global reference frame)
[move_group-2] [INFO] [1789284921.623370273] [move_group.moveit.moveit.ros.move_group.cartesian_path_service_capability]: Computed Cartesian path with 12 points (followed 100.000000% of requested trajectory)
[move_group-2] [INFO] [1789284921.625684361] [move_group.moveit.moveit.ros.move_group.cartesian_path_service_capability]: Received request to compute Cartesian path
[move_group-2] [INFO] [1789284921.625807017] [move_group.moveit.moveit.ros.move_group.cartesian_path_service_capability]: Attempting to follow 6 waypoints for link 'panda_hand' using a step of 0.010000 m and jump threshold 0.000000 (in global reference frame)
[move_group-2] [INFO] [1789284921.627695536] [move_group.moveit.moveit.ros.move_group.cartesian_path_service_capability]: Computed Cartesian path with 12 points (followed 100.000000% of requested trajectory)
[move_group-2] [INFO] [1789284921.629928599] [move_group.moveit.moveit.ros.move_group.cartesian_path_service_capability]: Received request to compute Cartesian path
[move_group-2] [INFO] [1789284921.630010616] [move_group.moveit.moveit.ros.move_group.cartesian_path_service_capability]: Attempting to follow 6 waypoints for link 'panda_hand' using a step of 0.010000 m and jump threshold 0.000000 (in global reference frame)
[move_group-2] [INFO] [1789284921.631911038] [move_group.moveit.moveit.ros.move_group.cartesian_path_service_capability]: Computed Cartesian path with 12 points (followed 100.000000% of requested trajectory)
[move_group-2] [INFO] [1789284921.635957964] [move_group.moveit.moveit.ros.move_group.cartesian_path_service_capability]: Received request to compute Cartesian path
[move_group-2] [INFO] [1789284921.636035340] [move_group.moveit.moveit.ros.move_group.cartesian_path_service_capability]: Attempting to follow 6 waypoints for link 'panda_hand' using a step of 0.010000 m and jump threshold 0.000000 (in global reference frame)
[move_group-2] [INFO] [1789284921.637981235] [move_group.moveit.moveit.ros.move_group.cartesian_path_service_capability]: Computed Cartesian path with 12 points (followed 100.000000% of requested trajectory)
[move_group-2] [INFO] [1789284921.640726204] [move_group.moveit.moveit.ros.move_group.cartesian_path_service_capability]: Received request to compute Cartesian path
[move_group-2] [INFO] [1789284921.640792348] [move_group.moveit.moveit.ros.move_group.cartesian_path_service_capability]: Attempting to follow 6 waypoints for link 'panda_hand' using a step of 0.010000 m and jump threshold 0.000000 (in global reference frame)
[move_group-2] [INFO] [1789284921.643043204] [move_group.moveit.moveit.ros.move_group.cartesian_path_service_capability]: Computed Cartesian path with 12 points (followed 100.000000% of requested trajectory)
[move_group-2] [INFO] [1789284921.645104907] [move_group.moveit.moveit.ros.move_group.cartesian_path_service_capability]: Received request to compute Cartesian path
[move_group-2] [INFO] [1789284921.645185323] [move_group.moveit.moveit.ros.move_group.cartesian_path_service_capability]: Attempting to follow 6 waypoints for link 'panda_hand' using a step of 0.010000 m and jump threshold 0.000000 (in global reference frame)
[move_group-2] [INFO] [1789284921.647423506] [move_group.moveit.moveit.ros.move_group.cartesian_path_service_capability]: Computed Cartesian path with 12 points (followed 100.000000% of requested trajectory)
[move_group-2] [WARN] [1789284923.065548893] [move_group.moveit.moveit.core.planning_scene]: Tried to remove world object 'mw_door', but it does not exist in this scene.
[move_group-2] [INFO] [1789284923.071644977] [move_group.moveit.moveit.ros.move_group.cartesian_path_service_capability]: Received request to compute Cartesian path
[move_group-2] [INFO] [1789284923.071737874] [move_group.moveit.moveit.ros.move_group.cartesian_path_service_capability]: Attempting to follow 19 waypoints for link 'panda_hand' using a step of 0.010000 m and jump threshold 0.000000 (in global reference frame)
[move_group-2] [INFO] [1789284923.126232009] [move_group.moveit.moveit.ros.move_group.cartesian_path_service_capability]: Computed Cartesian path with 17 points (followed 44.736842% of requested trajectory)
[move_group-2] [INFO] [1789284923.131443611] [move_group.moveit.moveit.ros.move_group.cartesian_path_service_capability]: Received request to compute Cartesian path
[move_group-2] [INFO] [1789284923.131517627] [move_group.moveit.moveit.ros.move_group.cartesian_path_service_capability]: Attempting to follow 19 waypoints for link 'panda_hand' using a step of 0.010000 m and jump threshold 0.000000 (in global reference frame)
[move_group-2] [INFO] [1789284923.196288309] [move_group.moveit.moveit.ros.move_group.cartesian_path_service_capability]: Computed Cartesian path with 26 points (followed 47.368421% of requested trajectory)
[move_group-2] [INFO] [1789284923.206445336] [move_group.moveit.moveit.ros.move_group.cartesian_path_service_capability]: Received request to compute Cartesian path
[move_group-2] [INFO] [1789284923.206519704] [move_group.moveit.moveit.ros.move_group.cartesian_path_service_capability]: Attempting to follow 19 waypoints for link 'panda_hand' using a step of 0.010000 m and jump threshold 0.000000 (in global reference frame)
[move_group-2] [INFO] [1789284923.233824052] [move_group.moveit.moveit.ros.move_group.cartesian_path_service_capability]: Computed Cartesian path with 22 points (followed 18.421053% of requested trajectory)
[move_group-2] [INFO] [1789284923.253850295] [move_group.moveit.moveit.ros.move_group.cartesian_path_service_capability]: Received request to compute Cartesian path
[move_group-2] [INFO] [1789284923.253923352] [move_group.moveit.moveit.ros.move_group.cartesian_path_service_capability]: Attempting to follow 19 waypoints for link 'panda_hand' using a step of 0.010000 m and jump threshold 0.000000 (in global reference frame)
[move_group-2] [ERROR] [1789284923.273065720] [move_group.moveit.moveit.core.time_optimal_trajectory_generation]: The path requires a 180 deg. turn, which is not supported by the current implementation.
[move_group-2] [ERROR] [1789284923.273141784] [move_group.moveit.moveit.core.time_optimal_trajectory_generation]: Invalid path.
[move_group-2] [INFO] [1789284923.273166680] [move_group.moveit.moveit.ros.move_group.cartesian_path_service_capability]: Computed Cartesian path with 23 points (followed 18.421053% of requested trajectory)
[move_group-2] [INFO] [1789284923.276343171] [move_group.moveit.moveit.ros.move_group.cartesian_path_service_capability]: Received request to compute Cartesian path
[move_group-2] [INFO] [1789284923.276424643] [move_group.moveit.moveit.ros.move_group.cartesian_path_service_capability]: Attempting to follow 19 waypoints for link 'panda_hand' using a step of 0.010000 m and jump threshold 0.000000 (in global reference frame)
[move_group-2] [INFO] [1789284923.339975994] [move_group.moveit.moveit.ros.move_group.cartesian_path_service_capability]: Computed Cartesian path with 18 points (followed 44.736842% of requested trajectory)
[move_group-2] [INFO] [1789284923.345333644] [move_group.moveit.moveit.ros.move_group.cartesian_path_service_capability]: Received request to compute Cartesian path
[move_group-2] [INFO] [1789284923.345405420] [move_group.moveit.moveit.ros.move_group.cartesian_path_service_capability]: Attempting to follow 19 waypoints for link 'panda_hand' using a step of 0.010000 m and jump threshold 0.000000 (in global reference frame)
[move_group-2] [ERROR] [1789284923.366702580] [move_group.moveit.moveit.core.time_optimal_trajectory_generation]: The path requires a 180 deg. turn, which is not supported by the current implementation.
[move_group-2] [ERROR] [1789284923.366769268] [move_group.moveit.moveit.core.time_optimal_trajectory_generation]: Invalid path.
[move_group-2] [INFO] [1789284923.366794100] [move_group.moveit.moveit.ros.move_group.cartesian_path_service_capability]: Computed Cartesian path with 34 points (followed 18.421053% of requested trajectory)
[move_group-2] [WARN] [1789284924.776722179] [move_group.moveit.moveit.core.planning_scene]: Tried to remove world object 'mw_door', but it does not exist in this scene.
[move_group-2] [INFO] [1789284924.780572688] [move_group.moveit.moveit.ros.move_group.cartesian_path_service_capability]: Received request to compute Cartesian path
[move_group-2] [INFO] [1789284924.780666000] [move_group.moveit.moveit.ros.move_group.cartesian_path_service_capability]: Attempting to follow 11 waypoints for link 'panda_hand' using a step of 0.010000 m and jump threshold 0.000000 (in global reference frame)
[move_group-2] [INFO] [1789284924.786524196] [move_group.moveit.moveit.ros.move_group.cartesian_path_service_capability]: Computed Cartesian path with 22 points (followed 100.000000% of requested trajectory)
[move_group-2] [INFO] [1789284924.797891306] [move_group.moveit.moveit.ros.move_group.cartesian_path_service_capability]: Received request to compute Cartesian path
[move_group-2] [INFO] [1789284924.797964491] [move_group.moveit.moveit.ros.move_group.cartesian_path_service_capability]: Attempting to follow 11 waypoints for link 'panda_hand' using a step of 0.010000 m and jump threshold 0.000000 (in global reference frame)
[move_group-2] [INFO] [1789284924.802813371] [move_group.moveit.moveit.ros.move_group.cartesian_path_service_capability]: Computed Cartesian path with 22 points (followed 100.000000% of requested trajectory)
[move_group-2] [INFO] [1789284924.808968976] [move_group.moveit.moveit.ros.move_group.cartesian_path_service_capability]: Received request to compute Cartesian path
[move_group-2] [INFO] [1789284924.809033808] [move_group.moveit.moveit.ros.move_group.cartesian_path_service_capability]: Attempting to follow 11 waypoints for link 'panda_hand' using a step of 0.010000 m and jump threshold 0.000000 (in global reference frame)
[move_group-2] [INFO] [1789284924.813709376] [move_group.moveit.moveit.ros.move_group.cartesian_path_service_capability]: Computed Cartesian path with 22 points (followed 100.000000% of requested trajectory)
[move_group-2] [INFO] [1789284924.825067686] [move_group.moveit.moveit.ros.move_group.cartesian_path_service_capability]: Received request to compute Cartesian path
[move_group-2] [INFO] [1789284924.825134630] [move_group.moveit.moveit.ros.move_group.cartesian_path_service_capability]: Attempting to follow 11 waypoints for link 'panda_hand' using a step of 0.010000 m and jump threshold 0.000000 (in global reference frame)
[move_group-2] [INFO] [1789284924.828937523] [move_group.moveit.moveit.ros.move_group.cartesian_path_service_capability]: Computed Cartesian path with 22 points (followed 100.000000% of requested trajectory)
[move_group-2] [INFO] [1789284924.831186683] [move_group.moveit.moveit.ros.move_group.cartesian_path_service_capability]: Received request to compute Cartesian path
[move_group-2] [INFO] [1789284924.831260987] [move_group.moveit.moveit.ros.move_group.cartesian_path_service_capability]: Attempting to follow 11 waypoints for link 'panda_hand' using a step of 0.010000 m and jump threshold 0.000000 (in global reference frame)
[move_group-2] [INFO] [1789284924.836069995] [move_group.moveit.moveit.ros.move_group.cartesian_path_service_capability]: Computed Cartesian path with 22 points (followed 100.000000% of requested trajectory)
[move_group-2] [INFO] [1789284924.842184160] [move_group.moveit.moveit.ros.move_group.cartesian_path_service_capability]: Received request to compute Cartesian path
[move_group-2] [INFO] [1789284924.842257856] [move_group.moveit.moveit.ros.move_group.cartesian_path_service_capability]: Attempting to follow 11 waypoints for link 'panda_hand' using a step of 0.010000 m and jump threshold 0.000000 (in global reference frame)
[move_group-2] [INFO] [1789284924.847875571] [move_group.moveit.moveit.ros.move_group.cartesian_path_service_capability]: Computed Cartesian path with 22 points (followed 100.000000% of requested trajectory)
[move_group-2] [INFO] [1789284924.853874375] [move_group.moveit.moveit.ros.move_group.cartesian_path_service_capability]: Received request to compute Cartesian path
[move_group-2] [INFO] [1789284924.853950695] [move_group.moveit.moveit.ros.move_group.cartesian_path_service_capability]: Attempting to follow 11 waypoints for link 'panda_hand' using a step of 0.010000 m and jump threshold 0.000000 (in global reference frame)
[move_group-2] [INFO] [1789284924.859223769] [move_group.moveit.moveit.ros.move_group.cartesian_path_service_capability]: Computed Cartesian path with 22 points (followed 100.000000% of requested trajectory)
[move_group-2] [INFO] [1789284924.862183843] [move_group.moveit.moveit.ros.move_group.cartesian_path_service_capability]: Received request to compute Cartesian path
[move_group-2] [INFO] [1789284924.862257859] [move_group.moveit.moveit.ros.move_group.cartesian_path_service_capability]: Attempting to follow 11 waypoints for link 'panda_hand' using a step of 0.010000 m and jump threshold 0.000000 (in global reference frame)
[move_group-2] [INFO] [1789284924.867026771] [move_group.moveit.moveit.ros.move_group.cartesian_path_service_capability]: Computed Cartesian path with 22 points (followed 100.000000% of requested trajectory)
[move_group-2] [INFO] [1789284924.869126522] [move_group.moveit.moveit.ros.move_group.cartesian_path_service_capability]: Received request to compute Cartesian path
[move_group-2] [INFO] [1789284924.869200731] [move_group.moveit.moveit.ros.move_group.cartesian_path_service_capability]: Attempting to follow 11 waypoints for link 'panda_hand' using a step of 0.010000 m and jump threshold 0.000000 (in global reference frame)
[move_group-2] [INFO] [1789284924.873913130] [move_group.moveit.moveit.ros.move_group.cartesian_path_service_capability]: Computed Cartesian path with 22 points (followed 100.000000% of requested trajectory)
[move_group-2] [WARN] [1789284926.326826026] [move_group.moveit.moveit.core.planning_scene]: Tried to remove world object 'mw_door', but it does not exist in this scene.
[move_group-2] [INFO] [1789284926.342017885] [move_group.moveit.moveit.ros.move_group.cartesian_path_service_capability]: Received request to compute Cartesian path
[move_group-2] [INFO] [1789284926.342116894] [move_group.moveit.moveit.ros.move_group.cartesian_path_service_capability]: Attempting to follow 14 waypoints for link 'panda_hand' using a step of 0.010000 m and jump threshold 0.000000 (in global reference frame)
[move_group-2] [INFO] [1789284926.380693696] [move_group.moveit.moveit.ros.move_group.cartesian_path_service_capability]: Computed Cartesian path with 23 points (followed 35.714286% of requested trajectory)
[move_group-2] [INFO] [1789284926.387700119] [move_group.moveit.moveit.ros.move_group.cartesian_path_service_capability]: Received request to compute Cartesian path
[move_group-2] [INFO] [1789284926.387790904] [move_group.moveit.moveit.ros.move_group.cartesian_path_service_capability]: Attempting to follow 14 waypoints for link 'panda_hand' using a step of 0.010000 m and jump threshold 0.000000 (in global reference frame)
[move_group-2] [INFO] [1789284926.394350894] [move_group.moveit.moveit.ros.move_group.cartesian_path_service_capability]: Computed Cartesian path with 28 points (followed 100.000000% of requested trajectory)
[move_group-2] [INFO] [1789284926.402469001] [move_group.moveit.moveit.ros.move_group.cartesian_path_service_capability]: Received request to compute Cartesian path
[move_group-2] [INFO] [1789284926.402556425] [move_group.moveit.moveit.ros.move_group.cartesian_path_service_capability]: Attempting to follow 14 waypoints for link 'panda_hand' using a step of 0.010000 m and jump threshold 0.000000 (in global reference frame)
[move_group-2] [INFO] [1789284926.423937298] [move_group.moveit.moveit.ros.move_group.cartesian_path_service_capability]: Computed Cartesian path with 25 points (followed 35.714286% of requested trajectory)
[move_group-2] [INFO] [1789284926.426125465] [move_group.moveit.moveit.ros.move_group.cartesian_path_service_capability]: Received request to compute Cartesian path
[move_group-2] [INFO] [1789284926.426214937] [move_group.moveit.moveit.ros.move_group.cartesian_path_service_capability]: Attempting to follow 14 waypoints for link 'panda_hand' using a step of 0.010000 m and jump threshold 0.000000 (in global reference frame)
[move_group-2] [ERROR] [1789284926.453410773] [move_group.moveit.moveit.core.time_optimal_trajectory_generation]: The path requires a 180 deg. turn, which is not supported by the current implementation.
[move_group-2] [ERROR] [1789284926.453480789] [move_group.moveit.moveit.core.time_optimal_trajectory_generation]: Invalid path.
[move_group-2] [INFO] [1789284926.453505013] [move_group.moveit.moveit.ros.move_group.cartesian_path_service_capability]: Computed Cartesian path with 28 points (followed 35.714286% of requested trajectory)
[move_group-2] [INFO] [1789284926.469294026] [move_group.moveit.moveit.ros.move_group.cartesian_path_service_capability]: Received request to compute Cartesian path
[move_group-2] [INFO] [1789284926.469367915] [move_group.moveit.moveit.ros.move_group.cartesian_path_service_capability]: Attempting to follow 14 waypoints for link 'panda_hand' using a step of 0.010000 m and jump threshold 0.000000 (in global reference frame)
[move_group-2] [INFO] [1789284926.490041040] [move_group.moveit.moveit.ros.move_group.cartesian_path_service_capability]: Computed Cartesian path with 24 points (followed 35.714286% of requested trajectory)
[move_group-2] [INFO] [1789284926.493034874] [move_group.moveit.moveit.ros.move_group.cartesian_path_service_capability]: Received request to compute Cartesian path
[move_group-2] [INFO] [1789284926.493139547] [move_group.moveit.moveit.ros.move_group.cartesian_path_service_capability]: Attempting to follow 14 waypoints for link 'panda_hand' using a step of 0.010000 m and jump threshold 0.000000 (in global reference frame)
[move_group-2] [INFO] [1789284926.500073778] [move_group.moveit.moveit.ros.move_group.cartesian_path_service_capability]: Computed Cartesian path with 28 points (followed 100.000000% of requested trajectory)
[move_group-2] [INFO] [1789284926.508264494] [move_group.moveit.moveit.ros.move_group.cartesian_path_service_capability]: Received request to compute Cartesian path
[move_group-2] [INFO] [1789284926.508350574] [move_group.moveit.moveit.ros.move_group.cartesian_path_service_capability]: Attempting to follow 14 waypoints for link 'panda_hand' using a step of 0.010000 m and jump threshold 0.000000 (in global reference frame)
[move_group-2] [INFO] [1789284926.515563142] [move_group.moveit.moveit.ros.move_group.cartesian_path_service_capability]: Computed Cartesian path with 28 points (followed 100.000000% of requested trajectory)
[move_group-2] [INFO] [1789284926.520270166] [move_group.moveit.moveit.ros.move_group.cartesian_path_service_capability]: Received request to compute Cartesian path
[move_group-2] [INFO] [1789284926.520360534] [move_group.moveit.moveit.ros.move_group.cartesian_path_service_capability]: Attempting to follow 14 waypoints for link 'panda_hand' using a step of 0.010000 m and jump threshold 0.000000 (in global reference frame)
[move_group-2] [INFO] [1789284926.542004671] [move_group.moveit.moveit.ros.move_group.cartesian_path_service_capability]: Computed Cartesian path with 10 points (followed 35.714286% of requested trajectory)
[move_group-2] [WARN] [1789284927.944377653] [move_group.moveit.moveit.core.planning_scene]: Tried to remove world object 'mw_door', but it does not exist in this scene.
[move_group-2] [INFO] [1789284927.950874155] [move_group.moveit.moveit.ros.move_group.cartesian_path_service_capability]: Received request to compute Cartesian path
[move_group-2] [INFO] [1789284927.950989611] [move_group.moveit.moveit.ros.move_group.cartesian_path_service_capability]: Attempting to follow 11 waypoints for link 'panda_hand' using a step of 0.010000 m and jump threshold 0.000000 (in global reference frame)
[move_group-2] [INFO] [1789284927.954732152] [move_group.moveit.moveit.ros.move_group.cartesian_path_service_capability]: Computed Cartesian path with 22 points (followed 100.000000% of requested trajectory)
[move_group-2] [INFO] [1789284927.958250660] [move_group.moveit.moveit.ros.move_group.cartesian_path_service_capability]: Received request to compute Cartesian path
[move_group-2] [INFO] [1789284927.958338660] [move_group.moveit.moveit.ros.move_group.cartesian_path_service_capability]: Attempting to follow 11 waypoints for link 'panda_hand' using a step of 0.010000 m and jump threshold 0.000000 (in global reference frame)
[move_group-2] [INFO] [1789284927.962687507] [move_group.moveit.moveit.ros.move_group.cartesian_path_service_capability]: Computed Cartesian path with 22 points (followed 100.000000% of requested trajectory)
[move_group-2] [INFO] [1789284927.966130238] [move_group.moveit.moveit.ros.move_group.cartesian_path_service_capability]: Received request to compute Cartesian path
[move_group-2] [INFO] [1789284927.966216062] [move_group.moveit.moveit.ros.move_group.cartesian_path_service_capability]: Attempting to follow 11 waypoints for link 'panda_hand' using a step of 0.010000 m and jump threshold 0.000000 (in global reference frame)
[move_group-2] [INFO] [1789284927.970518509] [move_group.moveit.moveit.ros.move_group.cartesian_path_service_capability]: Computed Cartesian path with 22 points (followed 100.000000% of requested trajectory)
[move_group-2] [INFO] [1789284927.981638802] [move_group.moveit.moveit.ros.move_group.cartesian_path_service_capability]: Received request to compute Cartesian path
[move_group-2] [INFO] [1789284927.981730163] [move_group.moveit.moveit.ros.move_group.cartesian_path_service_capability]: Attempting to follow 11 waypoints for link 'panda_hand' using a step of 0.010000 m and jump threshold 0.000000 (in global reference frame)
[move_group-2] [INFO] [1789284927.985564608] [move_group.moveit.moveit.ros.move_group.cartesian_path_service_capability]: Computed Cartesian path with 22 points (followed 100.000000% of requested trajectory)
[move_group-2] [INFO] [1789284927.990989618] [move_group.moveit.moveit.ros.move_group.cartesian_path_service_capability]: Received request to compute Cartesian path
[move_group-2] [INFO] [1789284927.991085330] [move_group.moveit.moveit.ros.move_group.cartesian_path_service_capability]: Attempting to follow 11 waypoints for link 'panda_hand' using a step of 0.010000 m and jump threshold 0.000000 (in global reference frame)
[move_group-2] [INFO] [1789284927.994651998] [move_group.moveit.moveit.ros.move_group.cartesian_path_service_capability]: Computed Cartesian path with 22 points (followed 100.000000% of requested trajectory)
[move_group-2] [INFO] [1789284928.011963481] [move_group.moveit.moveit.ros.move_group.cartesian_path_service_capability]: Received request to compute Cartesian path
[move_group-2] [INFO] [1789284928.012038041] [move_group.moveit.moveit.ros.move_group.cartesian_path_service_capability]: Attempting to follow 11 waypoints for link 'panda_hand' using a step of 0.010000 m and jump threshold 0.000000 (in global reference frame)
[move_group-2] [INFO] [1789284928.018987728] [move_group.moveit.moveit.ros.move_group.cartesian_path_service_capability]: Computed Cartesian path with 22 points (followed 100.000000% of requested trajectory)
[move_group-2] [INFO] [1789284928.074526315] [move_group.moveit.moveit.ros.move_group.cartesian_path_service_capability]: Received request to compute Cartesian path
[move_group-2] [INFO] [1789284928.074615244] [move_group.moveit.moveit.ros.move_group.cartesian_path_service_capability]: Attempting to follow 11 waypoints for link 'panda_hand' using a step of 0.010000 m and jump threshold 0.000000 (in global reference frame)
[move_group-2] [INFO] [1789284928.078044503] [move_group.moveit.moveit.ros.move_group.cartesian_path_service_capability]: Computed Cartesian path with 22 points (followed 100.000000% of requested trajectory)
[move_group-2] [INFO] [1789284928.087379639] [move_group.moveit.moveit.ros.move_group.cartesian_path_service_capability]: Received request to compute Cartesian path
[move_group-2] [INFO] [1789284928.087463991] [move_group.moveit.moveit.ros.move_group.cartesian_path_service_capability]: Attempting to follow 11 waypoints for link 'panda_hand' using a step of 0.010000 m and jump threshold 0.000000 (in global reference frame)
[move_group-2] [INFO] [1789284928.091797318] [move_group.moveit.moveit.ros.move_group.cartesian_path_service_capability]: Computed Cartesian path with 22 points (followed 100.000000% of requested trajectory)
[move_group-2] [INFO] [1789284928.094252526] [move_group.moveit.moveit.ros.move_group.cartesian_path_service_capability]: Received request to compute Cartesian path
[move_group-2] [INFO] [1789284928.094338606] [move_group.moveit.moveit.ros.move_group.cartesian_path_service_capability]: Attempting to follow 11 waypoints for link 'panda_hand' using a step of 0.010000 m and jump threshold 0.000000 (in global reference frame)
[move_group-2] [INFO] [1789284928.101406982] [move_group.moveit.moveit.ros.move_group.cartesian_path_service_capability]: Computed Cartesian path with 22 points (followed 100.000000% of requested trajectory)
[move_group-2] [INFO] [1789284928.111327399] [move_group.moveit.moveit.ros.move_group.cartesian_path_service_capability]: Received request to compute Cartesian path
[move_group-2] [INFO] [1789284928.111411752] [move_group.moveit.moveit.ros.move_group.cartesian_path_service_capability]: Attempting to follow 11 waypoints for link 'panda_hand' using a step of 0.010000 m and jump threshold 0.000000 (in global reference frame)
[move_group-2] [INFO] [1789284928.115403509] [move_group.moveit.moveit.ros.move_group.cartesian_path_service_capability]: Computed Cartesian path with 22 points (followed 100.000000% of requested trajectory)
[move_group-2] [INFO] [1789284928.118292511] [move_group.moveit.moveit.ros.move_group.cartesian_path_service_capability]: Received request to compute Cartesian path
[move_group-2] [INFO] [1789284928.118373919] [move_group.moveit.moveit.ros.move_group.cartesian_path_service_capability]: Attempting to follow 11 waypoints for link 'panda_hand' using a step of 0.010000 m and jump threshold 0.000000 (in global reference frame)
[move_group-2] [INFO] [1789284928.124036370] [move_group.moveit.moveit.ros.move_group.cartesian_path_service_capability]: Computed Cartesian path with 22 points (followed 100.000000% of requested trajectory)
[move_group-2] [INFO] [1789284928.127433246] [move_group.moveit.moveit.ros.move_group.cartesian_path_service_capability]: Received request to compute Cartesian path
[move_group-2] [INFO] [1789284928.127512030] [move_group.moveit.moveit.ros.move_group.cartesian_path_service_capability]: Attempting to follow 11 waypoints for link 'panda_hand' using a step of 0.010000 m and jump threshold 0.000000 (in global reference frame)
[move_group-2] [INFO] [1789284928.131813132] [move_group.moveit.moveit.ros.move_group.cartesian_path_service_capability]: Computed Cartesian path with 22 points (followed 100.000000% of requested trajectory)
[move_group-2] [WARN] [1789284929.627225211] [move_group.moveit.moveit.core.planning_scene]: Tried to remove world object 'mw_door', but it does not exist in this scene.
[move_group-2] [INFO] [1789284929.630712839] [move_group.moveit.moveit.ros.move_group.cartesian_path_service_capability]: Received request to compute Cartesian path
[move_group-2] [INFO] [1789284929.630817640] [move_group.moveit.moveit.ros.move_group.cartesian_path_service_capability]: Attempting to follow 6 waypoints for link 'panda_hand' using a step of 0.010000 m and jump threshold 0.000000 (in global reference frame)
[move_group-2] [INFO] [1789284929.632895375] [move_group.moveit.moveit.ros.move_group.cartesian_path_service_capability]: Computed Cartesian path with 12 points (followed 100.000000% of requested trajectory)
[move_group-2] [INFO] [1789284929.638120608] [move_group.moveit.moveit.ros.move_group.cartesian_path_service_capability]: Received request to compute Cartesian path
[move_group-2] [INFO] [1789284929.638208192] [move_group.moveit.moveit.ros.move_group.cartesian_path_service_capability]: Attempting to follow 6 waypoints for link 'panda_hand' using a step of 0.010000 m and jump threshold 0.000000 (in global reference frame)
[move_group-2] [INFO] [1789284929.640425384] [move_group.moveit.moveit.ros.move_group.cartesian_path_service_capability]: Computed Cartesian path with 12 points (followed 100.000000% of requested trajectory)
[move_group-2] [INFO] [1789284929.644517174] [move_group.moveit.moveit.ros.move_group.cartesian_path_service_capability]: Received request to compute Cartesian path
[move_group-2] [INFO] [1789284929.644589494] [move_group.moveit.moveit.ros.move_group.cartesian_path_service_capability]: Attempting to follow 6 waypoints for link 'panda_hand' using a step of 0.010000 m and jump threshold 0.000000 (in global reference frame)
[move_group-2] [INFO] [1789284929.646552157] [move_group.moveit.moveit.ros.move_group.cartesian_path_service_capability]: Computed Cartesian path with 12 points (followed 100.000000% of requested trajectory)
[move_group-2] [INFO] [1789284929.652246352] [move_group.moveit.moveit.ros.move_group.cartesian_path_service_capability]: Received request to compute Cartesian path
[move_group-2] [INFO] [1789284929.652326416] [move_group.moveit.moveit.ros.move_group.cartesian_path_service_capability]: Attempting to follow 6 waypoints for link 'panda_hand' using a step of 0.010000 m and jump threshold 0.000000 (in global reference frame)
[move_group-2] [INFO] [1789284929.654138454] [move_group.moveit.moveit.ros.move_group.cartesian_path_service_capability]: Computed Cartesian path with 12 points (followed 100.000000% of requested trajectory)
[move_group-2] [INFO] [1789284929.656593022] [move_group.moveit.moveit.ros.move_group.cartesian_path_service_capability]: Received request to compute Cartesian path
[move_group-2] [INFO] [1789284929.656680543] [move_group.moveit.moveit.ros.move_group.cartesian_path_service_capability]: Attempting to follow 6 waypoints for link 'panda_hand' using a step of 0.010000 m and jump threshold 0.000000 (in global reference frame)
[move_group-2] [INFO] [1789284929.658696614] [move_group.moveit.moveit.ros.move_group.cartesian_path_service_capability]: Computed Cartesian path with 12 points (followed 100.000000% of requested trajectory)
[move_group-2] [INFO] [1789284929.662172081] [move_group.moveit.moveit.ros.move_group.cartesian_path_service_capability]: Received request to compute Cartesian path
[move_group-2] [INFO] [1789284929.662236337] [move_group.moveit.moveit.ros.move_group.cartesian_path_service_capability]: Attempting to follow 6 waypoints for link 'panda_hand' using a step of 0.010000 m and jump threshold 0.000000 (in global reference frame)
[move_group-2] [INFO] [1789284929.664255480] [move_group.moveit.moveit.ros.move_group.cartesian_path_service_capability]: Computed Cartesian path with 12 points (followed 100.000000% of requested trajectory)
[move_group-2] [INFO] [1789284929.674114681] [move_group.moveit.moveit.ros.move_group.cartesian_path_service_capability]: Received request to compute Cartesian path
[move_group-2] [INFO] [1789284929.674197786] [move_group.moveit.moveit.ros.move_group.cartesian_path_service_capability]: Attempting to follow 6 waypoints for link 'panda_hand' using a step of 0.010000 m and jump threshold 0.000000 (in global reference frame)
[move_group-2] [INFO] [1789284929.676043360] [move_group.moveit.moveit.ros.move_group.cartesian_path_service_capability]: Computed Cartesian path with 12 points (followed 100.000000% of requested trajectory)
[move_group-2] [INFO] [1789284929.681091633] [move_group.moveit.moveit.ros.move_group.cartesian_path_service_capability]: Received request to compute Cartesian path
[move_group-2] [INFO] [1789284929.681172945] [move_group.moveit.moveit.ros.move_group.cartesian_path_service_capability]: Attempting to follow 6 waypoints for link 'panda_hand' using a step of 0.010000 m and jump threshold 0.000000 (in global reference frame)
[move_group-2] [INFO] [1789284929.683430969] [move_group.moveit.moveit.ros.move_group.cartesian_path_service_capability]: Computed Cartesian path with 12 points (followed 100.000000% of requested trajectory)
[move_group-2] [INFO] [1789284929.686919493] [move_group.moveit.moveit.ros.move_group.cartesian_path_service_capability]: Received request to compute Cartesian path
[move_group-2] [INFO] [1789284929.686988293] [move_group.moveit.moveit.ros.move_group.cartesian_path_service_capability]: Attempting to follow 6 waypoints for link 'panda_hand' using a step of 0.010000 m and jump threshold 0.000000 (in global reference frame)
[move_group-2] [INFO] [1789284929.689276109] [move_group.moveit.moveit.ros.move_group.cartesian_path_service_capability]: Computed Cartesian path with 12 points (followed 100.000000% of requested trajectory)
[move_group-2] [INFO] [1789284929.693343386] [move_group.moveit.moveit.ros.move_group.cartesian_path_service_capability]: Received request to compute Cartesian path
[move_group-2] [INFO] [1789284929.693412314] [move_group.moveit.moveit.ros.move_group.cartesian_path_service_capability]: Attempting to follow 6 waypoints for link 'panda_hand' using a step of 0.010000 m and jump threshold 0.000000 (in global reference frame)
[move_group-2] [INFO] [1789284929.695419489] [move_group.moveit.moveit.ros.move_group.cartesian_path_service_capability]: Computed Cartesian path with 12 points (followed 100.000000% of requested trajectory)
[move_group-2] [INFO] [1789284929.697463304] [move_group.moveit.moveit.ros.move_group.cartesian_path_service_capability]: Received request to compute Cartesian path
[move_group-2] [INFO] [1789284929.697553992] [move_group.moveit.moveit.ros.move_group.cartesian_path_service_capability]: Attempting to follow 6 waypoints for link 'panda_hand' using a step of 0.010000 m and jump threshold 0.000000 (in global reference frame)
[move_group-2] [INFO] [1789284929.699875472] [move_group.moveit.moveit.ros.move_group.cartesian_path_service_capability]: Computed Cartesian path with 12 points (followed 100.000000% of requested trajectory)
[move_group-2] [INFO] [1789284929.703520957] [move_group.moveit.moveit.ros.move_group.cartesian_path_service_capability]: Received request to compute Cartesian path
[move_group-2] [INFO] [1789284929.703599005] [move_group.moveit.moveit.ros.move_group.cartesian_path_service_capability]: Attempting to follow 6 waypoints for link 'panda_hand' using a step of 0.010000 m and jump threshold 0.000000 (in global reference frame)
[move_group-2] [INFO] [1789284929.705685732] [move_group.moveit.moveit.ros.move_group.cartesian_path_service_capability]: Computed Cartesian path with 12 points (followed 100.000000% of requested trajectory)
[move_group-2] [INFO] [1789284929.707724107] [move_group.moveit.moveit.ros.move_group.cartesian_path_service_capability]: Received request to compute Cartesian path
[move_group-2] [INFO] [1789284929.707799499] [move_group.moveit.moveit.ros.move_group.cartesian_path_service_capability]: Attempting to follow 6 waypoints for link 'panda_hand' using a step of 0.010000 m and jump threshold 0.000000 (in global reference frame)
[move_group-2] [INFO] [1789284929.709579185] [move_group.moveit.moveit.ros.move_group.cartesian_path_service_capability]: Computed Cartesian path with 12 points (followed 100.000000% of requested trajectory)
[move_group-2] [INFO] [1789284929.711467767] [move_group.moveit.moveit.ros.move_group.cartesian_path_service_capability]: Received request to compute Cartesian path
[move_group-2] [INFO] [1789284929.711529752] [move_group.moveit.moveit.ros.move_group.cartesian_path_service_capability]: Attempting to follow 6 waypoints for link 'panda_hand' using a step of 0.010000 m and jump threshold 0.000000 (in global reference frame)
[move_group-2] [INFO] [1789284929.713340894] [move_group.moveit.moveit.ros.move_group.cartesian_path_service_capability]: Computed Cartesian path with 12 points (followed 100.000000% of requested trajectory)
[move_group-2] [INFO] [1789284929.725015877] [move_group.moveit.moveit.ros.move_group.cartesian_path_service_capability]: Received request to compute Cartesian path
[move_group-2] [INFO] [1789284929.725091717] [move_group.moveit.moveit.ros.move_group.cartesian_path_service_capability]: Attempting to follow 6 waypoints for link 'panda_hand' using a step of 0.010000 m and jump threshold 0.000000 (in global reference frame)
[move_group-2] [INFO] [1789284929.726837771] [move_group.moveit.moveit.ros.move_group.cartesian_path_service_capability]: Computed Cartesian path with 12 points (followed 100.000000% of requested trajectory)
[move_group-2] [INFO] [1789284929.729656085] [move_group.moveit.moveit.ros.move_group.cartesian_path_service_capability]: Received request to compute Cartesian path
[move_group-2] [INFO] [1789284929.729725365] [move_group.moveit.moveit.ros.move_group.cartesian_path_service_capability]: Attempting to follow 6 waypoints for link 'panda_hand' using a step of 0.010000 m and jump threshold 0.000000 (in global reference frame)
[move_group-2] [INFO] [1789284929.731762620] [move_group.moveit.moveit.ros.move_group.cartesian_path_service_capability]: Computed Cartesian path with 12 points (followed 100.000000% of requested trajectory)
[move_group-2] [WARN] [1789284931.176468224] [move_group.moveit.moveit.core.planning_scene]: Tried to remove world object 'mw_door', but it does not exist in this scene.
[move_group-2] [INFO] [1789284931.189134827] [move_group.moveit.moveit.ros.move_group.cartesian_path_service_capability]: Received request to compute Cartesian path
[move_group-2] [INFO] [1789284931.189230027] [move_group.moveit.moveit.ros.move_group.cartesian_path_service_capability]: Attempting to follow 19 waypoints for link 'panda_hand' using a step of 0.010000 m and jump threshold 0.000000 (in global reference frame)
[move_group-2] [INFO] [1789284931.200209648] [move_group.moveit.moveit.ros.move_group.cartesian_path_service_capability]: Computed Cartesian path with 38 points (followed 100.000000% of requested trajectory)
[move_group-2] [INFO] [1789284931.220758965] [move_group.moveit.moveit.ros.move_group.cartesian_path_service_capability]: Received request to compute Cartesian path
[move_group-2] [INFO] [1789284931.220839317] [move_group.moveit.moveit.ros.move_group.cartesian_path_service_capability]: Attempting to follow 19 waypoints for link 'panda_hand' using a step of 0.010000 m and jump threshold 0.000000 (in global reference frame)
[move_group-2] [INFO] [1789284931.280371166] [move_group.moveit.moveit.ros.move_group.cartesian_path_service_capability]: Computed Cartesian path with 15 points (followed 26.315789% of requested trajectory)
[move_group-2] [INFO] [1789284931.282764262] [move_group.moveit.moveit.ros.move_group.cartesian_path_service_capability]: Received request to compute Cartesian path
[move_group-2] [INFO] [1789284931.282843974] [move_group.moveit.moveit.ros.move_group.cartesian_path_service_capability]: Attempting to follow 19 waypoints for link 'panda_hand' using a step of 0.010000 m and jump threshold 0.000000 (in global reference frame)
[move_group-2] [INFO] [1789284931.304457999] [move_group.moveit.moveit.ros.move_group.cartesian_path_service_capability]: Computed Cartesian path with 10 points (followed 26.315789% of requested trajectory)
[move_group-2] [INFO] [1789284931.340094855] [move_group.moveit.moveit.ros.move_group.cartesian_path_service_capability]: Received request to compute Cartesian path
[move_group-2] [INFO] [1789284931.340175591] [move_group.moveit.moveit.ros.move_group.cartesian_path_service_capability]: Attempting to follow 19 waypoints for link 'panda_hand' using a step of 0.010000 m and jump threshold 0.000000 (in global reference frame)
[move_group-2] [INFO] [1789284931.374417755] [move_group.moveit.moveit.ros.move_group.cartesian_path_service_capability]: Computed Cartesian path with 11 points (followed 26.315789% of requested trajectory)
[move_group-2] [INFO] [1789284931.380912689] [move_group.moveit.moveit.ros.move_group.cartesian_path_service_capability]: Received request to compute Cartesian path
[move_group-2] [INFO] [1789284931.380989745] [move_group.moveit.moveit.ros.move_group.cartesian_path_service_capability]: Attempting to follow 19 waypoints for link 'panda_hand' using a step of 0.010000 m and jump threshold 0.000000 (in global reference frame)
[move_group-2] [INFO] [1789284931.398727949] [move_group.moveit.moveit.ros.move_group.cartesian_path_service_capability]: Computed Cartesian path with 28 points (followed 26.315789% of requested trajectory)
[move_group-2] [INFO] [1789284931.401257589] [move_group.moveit.moveit.ros.move_group.cartesian_path_service_capability]: Received request to compute Cartesian path
[move_group-2] [INFO] [1789284931.401335062] [move_group.moveit.moveit.ros.move_group.cartesian_path_service_capability]: Attempting to follow 19 waypoints for link 'panda_hand' using a step of 0.010000 m and jump threshold 0.000000 (in global reference frame)
[move_group-2] [INFO] [1789284931.421219449] [move_group.moveit.moveit.ros.move_group.cartesian_path_service_capability]: Computed Cartesian path with 24 points (followed 26.315789% of requested trajectory)
[move_group-2] [INFO] [1789284931.430391351] [move_group.moveit.moveit.ros.move_group.cartesian_path_service_capability]: Received request to compute Cartesian path
[move_group-2] [INFO] [1789284931.430488632] [move_group.moveit.moveit.ros.move_group.cartesian_path_service_capability]: Attempting to follow 19 waypoints for link 'panda_hand' using a step of 0.010000 m and jump threshold 0.000000 (in global reference frame)
[move_group-2] [INFO] [1789284931.461705281] [move_group.moveit.moveit.ros.move_group.cartesian_path_service_capability]: Computed Cartesian path with 17 points (followed 44.736842% of requested trajectory)
[move_group-2] [INFO] [1789284931.465162861] [move_group.moveit.moveit.ros.move_group.cartesian_path_service_capability]: Received request to compute Cartesian path
[move_group-2] [INFO] [1789284931.465240045] [move_group.moveit.moveit.ros.move_group.cartesian_path_service_capability]: Attempting to follow 19 waypoints for link 'panda_hand' using a step of 0.010000 m and jump threshold 0.000000 (in global reference frame)
[move_group-2] [INFO] [1789284931.486840534] [move_group.moveit.moveit.ros.move_group.cartesian_path_service_capability]: Computed Cartesian path with 24 points (followed 26.315789% of requested trajectory)
[move_group-2] [WARN] [1789284932.926502825] [move_group.moveit.moveit.core.planning_scene]: Tried to remove world object 'mw_door', but it does not exist in this scene.
[move_group-2] [INFO] [1789284932.934277091] [move_group.moveit.moveit.ros.move_group.cartesian_path_service_capability]: Received request to compute Cartesian path
[move_group-2] [INFO] [1789284932.934438916] [move_group.moveit.moveit.ros.move_group.cartesian_path_service_capability]: Attempting to follow 11 waypoints for link 'panda_hand' using a step of 0.010000 m and jump threshold 0.000000 (in global reference frame)
[move_group-2] [INFO] [1789284932.938184432] [move_group.moveit.moveit.ros.move_group.cartesian_path_service_capability]: Computed Cartesian path with 22 points (followed 100.000000% of requested trajectory)
[move_group-2] [INFO] [1789284932.950247705] [move_group.moveit.moveit.ros.move_group.cartesian_path_service_capability]: Received request to compute Cartesian path
[move_group-2] [INFO] [1789284932.950351513] [move_group.moveit.moveit.ros.move_group.cartesian_path_service_capability]: Attempting to follow 11 waypoints for link 'panda_hand' using a step of 0.010000 m and jump threshold 0.000000 (in global reference frame)
[move_group-2] [INFO] [1789284932.954062758] [move_group.moveit.moveit.ros.move_group.cartesian_path_service_capability]: Computed Cartesian path with 22 points (followed 100.000000% of requested trajectory)
[move_group-2] [INFO] [1789284932.970594429] [move_group.moveit.moveit.ros.move_group.cartesian_path_service_capability]: Received request to compute Cartesian path
[move_group-2] [INFO] [1789284932.970694014] [move_group.moveit.moveit.ros.move_group.cartesian_path_service_capability]: Attempting to follow 11 waypoints for link 'panda_hand' using a step of 0.010000 m and jump threshold 0.000000 (in global reference frame)
[move_group-2] [INFO] [1789284932.974371306] [move_group.moveit.moveit.ros.move_group.cartesian_path_service_capability]: Computed Cartesian path with 22 points (followed 100.000000% of requested trajectory)
[move_group-2] [INFO] [1789284932.979324859] [move_group.moveit.moveit.ros.move_group.cartesian_path_service_capability]: Received request to compute Cartesian path
[move_group-2] [INFO] [1789284932.979447355] [move_group.moveit.moveit.ros.move_group.cartesian_path_service_capability]: Attempting to follow 11 waypoints for link 'panda_hand' using a step of 0.010000 m and jump threshold 0.000000 (in global reference frame)
[move_group-2] [INFO] [1789284932.983161832] [move_group.moveit.moveit.ros.move_group.cartesian_path_service_capability]: Computed Cartesian path with 22 points (followed 100.000000% of requested trajectory)
[move_group-2] [INFO] [1789284933.002825866] [move_group.moveit.moveit.ros.move_group.cartesian_path_service_capability]: Received request to compute Cartesian path
[move_group-2] [INFO] [1789284933.002933642] [move_group.moveit.moveit.ros.move_group.cartesian_path_service_capability]: Attempting to follow 11 waypoints for link 'panda_hand' using a step of 0.010000 m and jump threshold 0.000000 (in global reference frame)
[move_group-2] [INFO] [1789284933.007215097] [move_group.moveit.moveit.ros.move_group.cartesian_path_service_capability]: Computed Cartesian path with 22 points (followed 100.000000% of requested trajectory)
[move_group-2] [INFO] [1789284933.009634785] [move_group.moveit.moveit.ros.move_group.cartesian_path_service_capability]: Received request to compute Cartesian path
[move_group-2] [INFO] [1789284933.009740705] [move_group.moveit.moveit.ros.move_group.cartesian_path_service_capability]: Attempting to follow 11 waypoints for link 'panda_hand' using a step of 0.010000 m and jump threshold 0.000000 (in global reference frame)
[move_group-2] [INFO] [1789284933.016234679] [move_group.moveit.moveit.ros.move_group.cartesian_path_service_capability]: Computed Cartesian path with 22 points (followed 100.000000% of requested trajectory)
[move_group-2] [INFO] [1789284933.020321349] [move_group.moveit.moveit.ros.move_group.cartesian_path_service_capability]: Received request to compute Cartesian path
[move_group-2] [INFO] [1789284933.020414533] [move_group.moveit.moveit.ros.move_group.cartesian_path_service_capability]: Attempting to follow 11 waypoints for link 'panda_hand' using a step of 0.010000 m and jump threshold 0.000000 (in global reference frame)
[move_group-2] [INFO] [1789284933.025348054] [move_group.moveit.moveit.ros.move_group.cartesian_path_service_capability]: Computed Cartesian path with 22 points (followed 100.000000% of requested trajectory)
[move_group-2] [INFO] [1789284933.028787650] [move_group.moveit.moveit.ros.move_group.cartesian_path_service_capability]: Received request to compute Cartesian path
[move_group-2] [INFO] [1789284933.028889666] [move_group.moveit.moveit.ros.move_group.cartesian_path_service_capability]: Attempting to follow 11 waypoints for link 'panda_hand' using a step of 0.010000 m and jump threshold 0.000000 (in global reference frame)
[move_group-2] [INFO] [1789284933.032446382] [move_group.moveit.moveit.ros.move_group.cartesian_path_service_capability]: Computed Cartesian path with 22 points (followed 100.000000% of requested trajectory)
[move_group-2] [INFO] [1789284933.044421110] [move_group.moveit.moveit.ros.move_group.cartesian_path_service_capability]: Received request to compute Cartesian path
[move_group-2] [INFO] [1789284933.044517591] [move_group.moveit.moveit.ros.move_group.cartesian_path_service_capability]: Attempting to follow 11 waypoints for link 'panda_hand' using a step of 0.010000 m and jump threshold 0.000000 (in global reference frame)
[move_group-2] [INFO] [1789284933.048766021] [move_group.moveit.moveit.ros.move_group.cartesian_path_service_capability]: Computed Cartesian path with 22 points (followed 100.000000% of requested trajectory)
[move_group-2] [WARN] [1789284961.425521384] [move_group.moveit.moveit.core.planning_scene]: Tried to remove world object 'mw_door', but it does not exist in this scene.
[move_group-2] [INFO] [1789284961.430892667] [move_group.moveit.moveit.ros.move_group.cartesian_path_service_capability]: Received request to compute Cartesian path
[move_group-2] [INFO] [1789284961.430991355] [move_group.moveit.moveit.ros.move_group.cartesian_path_service_capability]: Attempting to follow 30 waypoints for link 'panda_hand' using a step of 0.010000 m and jump threshold 0.000000 (in global reference frame)
[move_group-2] [INFO] [1789284961.494797938] [move_group.moveit.moveit.ros.move_group.cartesian_path_service_capability]: Computed Cartesian path with 58 points (followed 96.666667% of requested trajectory)
[move_group-2] [INFO] [1789284961.507688093] [move_group.moveit.moveit.ros.move_group.cartesian_path_service_capability]: Received request to compute Cartesian path
[move_group-2] [INFO] [1789284961.507772862] [move_group.moveit.moveit.ros.move_group.cartesian_path_service_capability]: Attempting to follow 30 waypoints for link 'panda_hand' using a step of 0.010000 m and jump threshold 0.000000 (in global reference frame)
[move_group-2] [INFO] [1789284961.570633009] [move_group.moveit.moveit.ros.move_group.cartesian_path_service_capability]: Computed Cartesian path with 58 points (followed 96.666667% of requested trajectory)
[move_group-2] [INFO] [1789284961.574486014] [move_group.moveit.moveit.ros.move_group.cartesian_path_service_capability]: Received request to compute Cartesian path
[move_group-2] [INFO] [1789284961.574571807] [move_group.moveit.moveit.ros.move_group.cartesian_path_service_capability]: Attempting to follow 30 waypoints for link 'panda_hand' using a step of 0.010000 m and jump threshold 0.000000 (in global reference frame)
[move_group-2] [INFO] [1789284961.637878772] [move_group.moveit.moveit.ros.move_group.cartesian_path_service_capability]: Computed Cartesian path with 58 points (followed 96.666667% of requested trajectory)
[move_group-2] [INFO] [1789284961.640742142] [move_group.moveit.moveit.ros.move_group.cartesian_path_service_capability]: Received request to compute Cartesian path
[move_group-2] [INFO] [1789284961.640826174] [move_group.moveit.moveit.ros.move_group.cartesian_path_service_capability]: Attempting to follow 30 waypoints for link 'panda_hand' using a step of 0.010000 m and jump threshold 0.000000 (in global reference frame)
[move_group-2] [INFO] [1789284961.711565324] [move_group.moveit.moveit.ros.move_group.cartesian_path_service_capability]: Computed Cartesian path with 58 points (followed 96.666667% of requested trajectory)
[move_group-2] [INFO] [1789284961.726974432] [move_group.moveit.moveit.ros.move_group.cartesian_path_service_capability]: Received request to compute Cartesian path
[move_group-2] [INFO] [1789284961.727040321] [move_group.moveit.moveit.ros.move_group.cartesian_path_service_capability]: Attempting to follow 30 waypoints for link 'panda_hand' using a step of 0.010000 m and jump threshold 0.000000 (in global reference frame)
[move_group-2] [INFO] [1789284961.790541303] [move_group.moveit.moveit.ros.move_group.cartesian_path_service_capability]: Computed Cartesian path with 58 points (followed 96.666667% of requested trajectory)
[move_group-2] [INFO] [1789284961.793031679] [move_group.moveit.moveit.ros.move_group.cartesian_path_service_capability]: Received request to compute Cartesian path
[move_group-2] [INFO] [1789284961.793112639] [move_group.moveit.moveit.ros.move_group.cartesian_path_service_capability]: Attempting to follow 30 waypoints for link 'panda_hand' using a step of 0.010000 m and jump threshold 0.000000 (in global reference frame)
[move_group-2] [INFO] [1789284961.858323387] [move_group.moveit.moveit.ros.move_group.cartesian_path_service_capability]: Computed Cartesian path with 58 points (followed 96.666667% of requested trajectory)
[move_group-2] [INFO] [1789284961.860776355] [move_group.moveit.moveit.ros.move_group.cartesian_path_service_capability]: Received request to compute Cartesian path
[move_group-2] [INFO] [1789284961.860853443] [move_group.moveit.moveit.ros.move_group.cartesian_path_service_capability]: Attempting to follow 30 waypoints for link 'panda_hand' using a step of 0.010000 m and jump threshold 0.000000 (in global reference frame)
[move_group-2] [INFO] [1789284961.926991234] [move_group.moveit.moveit.ros.move_group.cartesian_path_service_capability]: Computed Cartesian path with 58 points (followed 96.666667% of requested trajectory)
[move_group-2] [INFO] [1789284961.931223153] [move_group.moveit.moveit.ros.move_group.cartesian_path_service_capability]: Received request to compute Cartesian path
[move_group-2] [INFO] [1789284961.931299761] [move_group.moveit.moveit.ros.move_group.cartesian_path_service_capability]: Attempting to follow 30 waypoints for link 'panda_hand' using a step of 0.010000 m and jump threshold 0.000000 (in global reference frame)
[move_group-2] [INFO] [1789284961.996181995] [move_group.moveit.moveit.ros.move_group.cartesian_path_service_capability]: Computed Cartesian path with 58 points (followed 96.666667% of requested trajectory)
[move_group-2] [INFO] [1789284961.999405686] [move_group.moveit.moveit.ros.move_group.cartesian_path_service_capability]: Received request to compute Cartesian path
[move_group-2] [INFO] [1789284961.999484631] [move_group.moveit.moveit.ros.move_group.cartesian_path_service_capability]: Attempting to follow 30 waypoints for link 'panda_hand' using a step of 0.010000 m and jump threshold 0.000000 (in global reference frame)
[move_group-2] [INFO] [1789284962.063821455] [move_group.moveit.moveit.ros.move_group.cartesian_path_service_capability]: Computed Cartesian path with 58 points (followed 96.666667% of requested trajectory)
[move_group-2] [INFO] [1789284962.081988621] [move_group.moveit.moveit.ros.move_group.cartesian_path_service_capability]: Received request to compute Cartesian path
[move_group-2] [INFO] [1789284962.082086285] [move_group.moveit.moveit.ros.move_group.cartesian_path_service_capability]: Attempting to follow 30 waypoints for link 'panda_hand' using a step of 0.010000 m and jump threshold 0.000000 (in global reference frame)
[move_group-2] [INFO] [1789284962.145298370] [move_group.moveit.moveit.ros.move_group.cartesian_path_service_capability]: Computed Cartesian path with 58 points (followed 96.666667% of requested trajectory)
[move_group-2] [INFO] [1789284962.147949163] [move_group.moveit.moveit.ros.move_group.cartesian_path_service_capability]: Received request to compute Cartesian path
[move_group-2] [INFO] [1789284962.148029003] [move_group.moveit.moveit.ros.move_group.cartesian_path_service_capability]: Attempting to follow 30 waypoints for link 'panda_hand' using a step of 0.010000 m and jump threshold 0.000000 (in global reference frame)
[move_group-2] [INFO] [1789284962.211160896] [move_group.moveit.moveit.ros.move_group.cartesian_path_service_capability]: Computed Cartesian path with 58 points (followed 96.666667% of requested trajectory)
[move_group-2] [INFO] [1789284962.214778668] [move_group.moveit.moveit.ros.move_group.cartesian_path_service_capability]: Received request to compute Cartesian path
[move_group-2] [INFO] [1789284962.214856108] [move_group.moveit.moveit.ros.move_group.cartesian_path_service_capability]: Attempting to follow 30 waypoints for link 'panda_hand' using a step of 0.010000 m and jump threshold 0.000000 (in global reference frame)
[move_group-2] [INFO] [1789284962.279886535] [move_group.moveit.moveit.ros.move_group.cartesian_path_service_capability]: Computed Cartesian path with 58 points (followed 96.666667% of requested trajectory)
[move_group-2] [INFO] [1789284962.282467248] [move_group.moveit.moveit.ros.move_group.cartesian_path_service_capability]: Received request to compute Cartesian path
[move_group-2] [INFO] [1789284962.282540496] [move_group.moveit.moveit.ros.move_group.cartesian_path_service_capability]: Attempting to follow 30 waypoints for link 'panda_hand' using a step of 0.010000 m and jump threshold 0.000000 (in global reference frame)
[move_group-2] [INFO] [1789284962.350292021] [move_group.moveit.moveit.ros.move_group.cartesian_path_service_capability]: Computed Cartesian path with 58 points (followed 96.666667% of requested trajectory)
[move_group-2] [INFO] [1789284962.365704329] [move_group.moveit.moveit.ros.move_group.cartesian_path_service_capability]: Received request to compute Cartesian path
[move_group-2] [INFO] [1789284962.365781673] [move_group.moveit.moveit.ros.move_group.cartesian_path_service_capability]: Attempting to follow 30 waypoints for link 'panda_hand' using a step of 0.010000 m and jump threshold 0.000000 (in global reference frame)
[move_group-2] [INFO] [1789284962.429470271] [move_group.moveit.moveit.ros.move_group.cartesian_path_service_capability]: Computed Cartesian path with 58 points (followed 96.666667% of requested trajectory)
[move_group-2] [INFO] [1789284962.441193639] [move_group.moveit.moveit.ros.move_group.cartesian_path_service_capability]: Received request to compute Cartesian path
[move_group-2] [INFO] [1789284962.441277191] [move_group.moveit.moveit.ros.move_group.cartesian_path_service_capability]: Attempting to follow 30 waypoints for link 'panda_hand' using a step of 0.010000 m and jump threshold 0.000000 (in global reference frame)
[move_group-2] [INFO] [1789284962.505333631] [move_group.moveit.moveit.ros.move_group.cartesian_path_service_capability]: Computed Cartesian path with 58 points (followed 96.666667% of requested trajectory)
[move_group-2] [INFO] [1789284962.508305193] [move_group.moveit.moveit.ros.move_group.cartesian_path_service_capability]: Received request to compute Cartesian path
[move_group-2] [INFO] [1789284962.508369897] [move_group.moveit.moveit.ros.move_group.cartesian_path_service_capability]: Attempting to follow 30 waypoints for link 'panda_hand' using a step of 0.010000 m and jump threshold 0.000000 (in global reference frame)
[move_group-2] [INFO] [1789284962.571358206] [move_group.moveit.moveit.ros.move_group.cartesian_path_service_capability]: Computed Cartesian path with 58 points (followed 96.666667% of requested trajectory)
[move_group-2] [INFO] [1789284962.574745801] [move_group.moveit.moveit.ros.move_group.cartesian_path_service_capability]: Received request to compute Cartesian path
[move_group-2] [INFO] [1789284962.574830953] [move_group.moveit.moveit.ros.move_group.cartesian_path_service_capability]: Attempting to follow 30 waypoints for link 'panda_hand' using a step of 0.010000 m and jump threshold 0.000000 (in global reference frame)
[move_group-2] [INFO] [1789284962.639533667] [move_group.moveit.moveit.ros.move_group.cartesian_path_service_capability]: Computed Cartesian path with 58 points (followed 96.666667% of requested trajectory)
[move_group-2] [INFO] [1789284962.642910127] [move_group.moveit.moveit.ros.move_group.cartesian_path_service_capability]: Received request to compute Cartesian path
[move_group-2] [INFO] [1789284962.642995791] [move_group.moveit.moveit.ros.move_group.cartesian_path_service_capability]: Attempting to follow 30 waypoints for link 'panda_hand' using a step of 0.010000 m and jump threshold 0.000000 (in global reference frame)
[move_group-2] [INFO] [1789284962.708868493] [move_group.moveit.moveit.ros.move_group.cartesian_path_service_capability]: Computed Cartesian path with 58 points (followed 96.666667% of requested trajectory)
[move_group-2] [WARN] [1789284964.178139044] [move_group.moveit.moveit.core.planning_scene]: Tried to remove world object 'mw_door', but it does not exist in this scene.
[move_group-2] [INFO] [1789284964.190409325] [move_group.moveit.moveit.ros.move_group.cartesian_path_service_capability]: Received request to compute Cartesian path
[move_group-2] [INFO] [1789284964.190504942] [move_group.moveit.moveit.ros.move_group.cartesian_path_service_capability]: Attempting to follow 19 waypoints for link 'panda_hand' using a step of 0.010000 m and jump threshold 0.000000 (in global reference frame)
[move_group-2] [INFO] [1789284964.198901194] [move_group.moveit.moveit.ros.move_group.cartesian_path_service_capability]: Computed Cartesian path with 38 points (followed 100.000000% of requested trajectory)
[move_group-2] [INFO] [1789284964.206536676] [move_group.moveit.moveit.ros.move_group.cartesian_path_service_capability]: Received request to compute Cartesian path
[move_group-2] [INFO] [1789284964.206624996] [move_group.moveit.moveit.ros.move_group.cartesian_path_service_capability]: Attempting to follow 19 waypoints for link 'panda_hand' using a step of 0.010000 m and jump threshold 0.000000 (in global reference frame)
[move_group-2] [INFO] [1789284964.214853440] [move_group.moveit.moveit.ros.move_group.cartesian_path_service_capability]: Computed Cartesian path with 38 points (followed 100.000000% of requested trajectory)
[move_group-2] [INFO] [1789284964.217840106] [move_group.moveit.moveit.ros.move_group.cartesian_path_service_capability]: Received request to compute Cartesian path
[move_group-2] [INFO] [1789284964.217907210] [move_group.moveit.moveit.ros.move_group.cartesian_path_service_capability]: Attempting to follow 19 waypoints for link 'panda_hand' using a step of 0.010000 m and jump threshold 0.000000 (in global reference frame)
[move_group-2] [INFO] [1789284964.225483043] [move_group.moveit.moveit.ros.move_group.cartesian_path_service_capability]: Computed Cartesian path with 38 points (followed 100.000000% of requested trajectory)
[move_group-2] [INFO] [1789284964.228009324] [move_group.moveit.moveit.ros.move_group.cartesian_path_service_capability]: Received request to compute Cartesian path
[move_group-2] [INFO] [1789284964.228104108] [move_group.moveit.moveit.ros.move_group.cartesian_path_service_capability]: Attempting to follow 19 waypoints for link 'panda_hand' using a step of 0.010000 m and jump threshold 0.000000 (in global reference frame)
[move_group-2] [INFO] [1789284964.235963911] [move_group.moveit.moveit.ros.move_group.cartesian_path_service_capability]: Computed Cartesian path with 38 points (followed 100.000000% of requested trajectory)
[move_group-2] [INFO] [1789284964.240152853] [move_group.moveit.moveit.ros.move_group.cartesian_path_service_capability]: Received request to compute Cartesian path
[move_group-2] [INFO] [1789284964.240234357] [move_group.moveit.moveit.ros.move_group.cartesian_path_service_capability]: Attempting to follow 19 waypoints for link 'panda_hand' using a step of 0.010000 m and jump threshold 0.000000 (in global reference frame)
[move_group-2] [INFO] [1789284964.248270096] [move_group.moveit.moveit.ros.move_group.cartesian_path_service_capability]: Computed Cartesian path with 38 points (followed 100.000000% of requested trajectory)
[move_group-2] [INFO] [1789284964.250942137] [move_group.moveit.moveit.ros.move_group.cartesian_path_service_capability]: Received request to compute Cartesian path
[move_group-2] [INFO] [1789284964.251006073] [move_group.moveit.moveit.ros.move_group.cartesian_path_service_capability]: Attempting to follow 19 waypoints for link 'panda_hand' using a step of 0.010000 m and jump threshold 0.000000 (in global reference frame)
[move_group-2] [INFO] [1789284964.259912503] [move_group.moveit.moveit.ros.move_group.cartesian_path_service_capability]: Computed Cartesian path with 38 points (followed 100.000000% of requested trajectory)
[move_group-2] [INFO] [1789284964.264143622] [move_group.moveit.moveit.ros.move_group.cartesian_path_service_capability]: Received request to compute Cartesian path
[move_group-2] [INFO] [1789284964.264224454] [move_group.moveit.moveit.ros.move_group.cartesian_path_service_capability]: Attempting to follow 19 waypoints for link 'panda_hand' using a step of 0.010000 m and jump threshold 0.000000 (in global reference frame)
[move_group-2] [INFO] [1789284964.271411294] [move_group.moveit.moveit.ros.move_group.cartesian_path_service_capability]: Computed Cartesian path with 38 points (followed 100.000000% of requested trajectory)
[move_group-2] [INFO] [1789284964.273849318] [move_group.moveit.moveit.ros.move_group.cartesian_path_service_capability]: Received request to compute Cartesian path
[move_group-2] [INFO] [1789284964.273921319] [move_group.moveit.moveit.ros.move_group.cartesian_path_service_capability]: Attempting to follow 19 waypoints for link 'panda_hand' using a step of 0.010000 m and jump threshold 0.000000 (in global reference frame)
[move_group-2] [INFO] [1789284964.282949285] [move_group.moveit.moveit.ros.move_group.cartesian_path_service_capability]: Computed Cartesian path with 38 points (followed 100.000000% of requested trajectory)
[move_group-2] [INFO] [1789284964.285496174] [move_group.moveit.moveit.ros.move_group.cartesian_path_service_capability]: Received request to compute Cartesian path
[move_group-2] [INFO] [1789284964.285571662] [move_group.moveit.moveit.ros.move_group.cartesian_path_service_capability]: Attempting to follow 19 waypoints for link 'panda_hand' using a step of 0.010000 m and jump threshold 0.000000 (in global reference frame)
[move_group-2] [INFO] [1789284964.294761485] [move_group.moveit.moveit.ros.move_group.cartesian_path_service_capability]: Computed Cartesian path with 38 points (followed 100.000000% of requested trajectory)
[move_group-2] [INFO] [1789284964.298588122] [move_group.moveit.moveit.ros.move_group.cartesian_path_service_capability]: Received request to compute Cartesian path
[move_group-2] [INFO] [1789284964.298666330] [move_group.moveit.moveit.ros.move_group.cartesian_path_service_capability]: Attempting to follow 19 waypoints for link 'panda_hand' using a step of 0.010000 m and jump threshold 0.000000 (in global reference frame)
[move_group-2] [INFO] [1789284964.305822002] [move_group.moveit.moveit.ros.move_group.cartesian_path_service_capability]: Computed Cartesian path with 38 points (followed 100.000000% of requested trajectory)
[move_group-2] [INFO] [1789284964.316541686] [move_group.moveit.moveit.ros.move_group.cartesian_path_service_capability]: Received request to compute Cartesian path
[move_group-2] [INFO] [1789284964.316637815] [move_group.moveit.moveit.ros.move_group.cartesian_path_service_capability]: Attempting to follow 19 waypoints for link 'panda_hand' using a step of 0.010000 m and jump threshold 0.000000 (in global reference frame)
[move_group-2] [INFO] [1789284964.323735502] [move_group.moveit.moveit.ros.move_group.cartesian_path_service_capability]: Computed Cartesian path with 38 points (followed 100.000000% of requested trajectory)
[move_group-2] [INFO] [1789284964.328789728] [move_group.moveit.moveit.ros.move_group.cartesian_path_service_capability]: Received request to compute Cartesian path
[move_group-2] [INFO] [1789284964.328875904] [move_group.moveit.moveit.ros.move_group.cartesian_path_service_capability]: Attempting to follow 19 waypoints for link 'panda_hand' using a step of 0.010000 m and jump threshold 0.000000 (in global reference frame)
[move_group-2] [INFO] [1789284964.336202425] [move_group.moveit.moveit.ros.move_group.cartesian_path_service_capability]: Computed Cartesian path with 38 points (followed 100.000000% of requested trajectory)
[move_group-2] [INFO] [1789284964.340186470] [move_group.moveit.moveit.ros.move_group.cartesian_path_service_capability]: Received request to compute Cartesian path
[move_group-2] [INFO] [1789284964.340254246] [move_group.moveit.moveit.ros.move_group.cartesian_path_service_capability]: Attempting to follow 19 waypoints for link 'panda_hand' using a step of 0.010000 m and jump threshold 0.000000 (in global reference frame)
[move_group-2] [INFO] [1789284964.348111489] [move_group.moveit.moveit.ros.move_group.cartesian_path_service_capability]: Computed Cartesian path with 38 points (followed 100.000000% of requested trajectory)
[move_group-2] [INFO] [1789284964.376548000] [move_group.moveit.moveit.ros.move_group.cartesian_path_service_capability]: Received request to compute Cartesian path
[move_group-2] [INFO] [1789284964.376614529] [move_group.moveit.moveit.ros.move_group.cartesian_path_service_capability]: Attempting to follow 19 waypoints for link 'panda_hand' using a step of 0.010000 m and jump threshold 0.000000 (in global reference frame)
[move_group-2] [INFO] [1789284964.385788192] [move_group.moveit.moveit.ros.move_group.cartesian_path_service_capability]: Computed Cartesian path with 38 points (followed 100.000000% of requested trajectory)
[move_group-2] [INFO] [1789284964.391607507] [move_group.moveit.moveit.ros.move_group.cartesian_path_service_capability]: Received request to compute Cartesian path
[move_group-2] [INFO] [1789284964.391690067] [move_group.moveit.moveit.ros.move_group.cartesian_path_service_capability]: Attempting to follow 19 waypoints for link 'panda_hand' using a step of 0.010000 m and jump threshold 0.000000 (in global reference frame)
[move_group-2] [INFO] [1789284964.400257136] [move_group.moveit.moveit.ros.move_group.cartesian_path_service_capability]: Computed Cartesian path with 38 points (followed 100.000000% of requested trajectory)
[move_group-2] [INFO] [1789284964.403856508] [move_group.moveit.moveit.ros.move_group.cartesian_path_service_capability]: Received request to compute Cartesian path
[move_group-2] [INFO] [1789284964.403917853] [move_group.moveit.moveit.ros.move_group.cartesian_path_service_capability]: Attempting to follow 19 waypoints for link 'panda_hand' using a step of 0.010000 m and jump threshold 0.000000 (in global reference frame)
[move_group-2] [INFO] [1789284964.412521274] [move_group.moveit.moveit.ros.move_group.cartesian_path_service_capability]: Computed Cartesian path with 38 points (followed 100.000000% of requested trajectory)
[move_group-2] [WARN] [1789284965.877430306] [move_group.moveit.moveit.core.planning_scene]: Tried to remove world object 'mw_door', but it does not exist in this scene.
[move_group-2] [INFO] [1789284965.881507888] [move_group.moveit.moveit.ros.move_group.cartesian_path_service_capability]: Received request to compute Cartesian path
[move_group-2] [INFO] [1789284965.881606256] [move_group.moveit.moveit.ros.move_group.cartesian_path_service_capability]: Attempting to follow 11 waypoints for link 'panda_hand' using a step of 0.010000 m and jump threshold 0.000000 (in global reference frame)
[move_group-2] [INFO] [1789284965.935229669] [move_group.moveit.moveit.ros.move_group.cartesian_path_service_capability]: Computed Cartesian path with 21 points (followed 95.454545% of requested trajectory)
[move_group-2] [INFO] [1789284965.945689576] [move_group.moveit.moveit.ros.move_group.cartesian_path_service_capability]: Received request to compute Cartesian path
[move_group-2] [INFO] [1789284965.945769640] [move_group.moveit.moveit.ros.move_group.cartesian_path_service_capability]: Attempting to follow 11 waypoints for link 'panda_hand' using a step of 0.010000 m and jump threshold 0.000000 (in global reference frame)
[move_group-2] [INFO] [1789284966.004253965] [move_group.moveit.moveit.ros.move_group.cartesian_path_service_capability]: Computed Cartesian path with 21 points (followed 95.454545% of requested trajectory)
[move_group-2] [INFO] [1789284966.007628057] [move_group.moveit.moveit.ros.move_group.cartesian_path_service_capability]: Received request to compute Cartesian path
[move_group-2] [INFO] [1789284966.007709273] [move_group.moveit.moveit.ros.move_group.cartesian_path_service_capability]: Attempting to follow 11 waypoints for link 'panda_hand' using a step of 0.010000 m and jump threshold 0.000000 (in global reference frame)
[move_group-2] [INFO] [1789284966.061570318] [move_group.moveit.moveit.ros.move_group.cartesian_path_service_capability]: Computed Cartesian path with 21 points (followed 95.454545% of requested trajectory)
[move_group-2] [INFO] [1789284966.064309464] [move_group.moveit.moveit.ros.move_group.cartesian_path_service_capability]: Received request to compute Cartesian path
[move_group-2] [INFO] [1789284966.064387288] [move_group.moveit.moveit.ros.move_group.cartesian_path_service_capability]: Attempting to follow 11 waypoints for link 'panda_hand' using a step of 0.010000 m and jump threshold 0.000000 (in global reference frame)
[move_group-2] [INFO] [1789284966.124522659] [move_group.moveit.moveit.ros.move_group.cartesian_path_service_capability]: Computed Cartesian path with 21 points (followed 95.454545% of requested trajectory)
[move_group-2] [INFO] [1789284966.128376655] [move_group.moveit.moveit.ros.move_group.cartesian_path_service_capability]: Received request to compute Cartesian path
[move_group-2] [INFO] [1789284966.128472144] [move_group.moveit.moveit.ros.move_group.cartesian_path_service_capability]: Attempting to follow 11 waypoints for link 'panda_hand' using a step of 0.010000 m and jump threshold 0.000000 (in global reference frame)
[move_group-2] [INFO] [1789284966.182357029] [move_group.moveit.moveit.ros.move_group.cartesian_path_service_capability]: Computed Cartesian path with 21 points (followed 95.454545% of requested trajectory)
[move_group-2] [INFO] [1789284966.185353807] [move_group.moveit.moveit.ros.move_group.cartesian_path_service_capability]: Received request to compute Cartesian path
[move_group-2] [INFO] [1789284966.185433456] [move_group.moveit.moveit.ros.move_group.cartesian_path_service_capability]: Attempting to follow 11 waypoints for link 'panda_hand' using a step of 0.010000 m and jump threshold 0.000000 (in global reference frame)
[move_group-2] [INFO] [1789284966.238874532] [move_group.moveit.moveit.ros.move_group.cartesian_path_service_capability]: Computed Cartesian path with 21 points (followed 95.454545% of requested trajectory)
[move_group-2] [INFO] [1789284966.240776810] [move_group.moveit.moveit.ros.move_group.cartesian_path_service_capability]: Received request to compute Cartesian path
[move_group-2] [INFO] [1789284966.240855979] [move_group.moveit.moveit.ros.move_group.cartesian_path_service_capability]: Attempting to follow 11 waypoints for link 'panda_hand' using a step of 0.010000 m and jump threshold 0.000000 (in global reference frame)
[move_group-2] [INFO] [1789284966.294847840] [move_group.moveit.moveit.ros.move_group.cartesian_path_service_capability]: Computed Cartesian path with 21 points (followed 95.454545% of requested trajectory)
[move_group-2] [INFO] [1789284966.300473747] [move_group.moveit.moveit.ros.move_group.cartesian_path_service_capability]: Received request to compute Cartesian path
[move_group-2] [INFO] [1789284966.300548788] [move_group.moveit.moveit.ros.move_group.cartesian_path_service_capability]: Attempting to follow 11 waypoints for link 'panda_hand' using a step of 0.010000 m and jump threshold 0.000000 (in global reference frame)
[move_group-2] [INFO] [1789284966.355503085] [move_group.moveit.moveit.ros.move_group.cartesian_path_service_capability]: Computed Cartesian path with 21 points (followed 95.454545% of requested trajectory)
[move_group-2] [INFO] [1789284966.369973886] [move_group.moveit.moveit.ros.move_group.cartesian_path_service_capability]: Received request to compute Cartesian path
[move_group-2] [INFO] [1789284966.370074622] [move_group.moveit.moveit.ros.move_group.cartesian_path_service_capability]: Attempting to follow 11 waypoints for link 'panda_hand' using a step of 0.010000 m and jump threshold 0.000000 (in global reference frame)
[move_group-2] [INFO] [1789284966.423902131] [move_group.moveit.moveit.ros.move_group.cartesian_path_service_capability]: Computed Cartesian path with 21 points (followed 95.454545% of requested trajectory)
[move_group-2] [INFO] [1789284966.427011326] [move_group.moveit.moveit.ros.move_group.cartesian_path_service_capability]: Received request to compute Cartesian path
[move_group-2] [INFO] [1789284966.427107294] [move_group.moveit.moveit.ros.move_group.cartesian_path_service_capability]: Attempting to follow 11 waypoints for link 'panda_hand' using a step of 0.010000 m and jump threshold 0.000000 (in global reference frame)
[move_group-2] [INFO] [1789284966.480898771] [move_group.moveit.moveit.ros.move_group.cartesian_path_service_capability]: Computed Cartesian path with 21 points (followed 95.454545% of requested trajectory)
[move_group-2] [INFO] [1789284966.482973626] [move_group.moveit.moveit.ros.move_group.cartesian_path_service_capability]: Received request to compute Cartesian path
[move_group-2] [INFO] [1789284966.483066459] [move_group.moveit.moveit.ros.move_group.cartesian_path_service_capability]: Attempting to follow 11 waypoints for link 'panda_hand' using a step of 0.010000 m and jump threshold 0.000000 (in global reference frame)
[move_group-2] [INFO] [1789284966.536655983] [move_group.moveit.moveit.ros.move_group.cartesian_path_service_capability]: Computed Cartesian path with 21 points (followed 95.454545% of requested trajectory)
[move_group-2] [INFO] [1789284966.539329112] [move_group.moveit.moveit.ros.move_group.cartesian_path_service_capability]: Received request to compute Cartesian path
[move_group-2] [INFO] [1789284966.539419801] [move_group.moveit.moveit.ros.move_group.cartesian_path_service_capability]: Attempting to follow 11 waypoints for link 'panda_hand' using a step of 0.010000 m and jump threshold 0.000000 (in global reference frame)
[move_group-2] [INFO] [1789284966.593508719] [move_group.moveit.moveit.ros.move_group.cartesian_path_service_capability]: Computed Cartesian path with 21 points (followed 95.454545% of requested trajectory)
[move_group-2] [INFO] [1789284966.595707894] [move_group.moveit.moveit.ros.move_group.cartesian_path_service_capability]: Received request to compute Cartesian path
[move_group-2] [INFO] [1789284966.595791351] [move_group.moveit.moveit.ros.move_group.cartesian_path_service_capability]: Attempting to follow 11 waypoints for link 'panda_hand' using a step of 0.010000 m and jump threshold 0.000000 (in global reference frame)
[move_group-2] [INFO] [1789284966.649382027] [move_group.moveit.moveit.ros.move_group.cartesian_path_service_capability]: Computed Cartesian path with 21 points (followed 95.454545% of requested trajectory)
[move_group-2] [INFO] [1789284966.653367993] [move_group.moveit.moveit.ros.move_group.cartesian_path_service_capability]: Received request to compute Cartesian path
[move_group-2] [INFO] [1789284966.653454713] [move_group.moveit.moveit.ros.move_group.cartesian_path_service_capability]: Attempting to follow 11 waypoints for link 'panda_hand' using a step of 0.010000 m and jump threshold 0.000000 (in global reference frame)
[move_group-2] [INFO] [1789284966.709015028] [move_group.moveit.moveit.ros.move_group.cartesian_path_service_capability]: Computed Cartesian path with 21 points (followed 95.454545% of requested trajectory)
[move_group-2] [INFO] [1789284966.714399014] [move_group.moveit.moveit.ros.move_group.cartesian_path_service_capability]: Received request to compute Cartesian path
[move_group-2] [INFO] [1789284966.714472582] [move_group.moveit.moveit.ros.move_group.cartesian_path_service_capability]: Attempting to follow 11 waypoints for link 'panda_hand' using a step of 0.010000 m and jump threshold 0.000000 (in global reference frame)
[move_group-2] [INFO] [1789284966.769154943] [move_group.moveit.moveit.ros.move_group.cartesian_path_service_capability]: Computed Cartesian path with 21 points (followed 95.454545% of requested trajectory)
[move_group-2] [WARN] [1789284968.227284496] [move_group.moveit.moveit.core.planning_scene]: Tried to remove world object 'mw_door', but it does not exist in this scene.
[move_group-2] [INFO] [1789284968.234646089] [move_group.moveit.moveit.ros.move_group.cartesian_path_service_capability]: Received request to compute Cartesian path
[move_group-2] [INFO] [1789284968.234745673] [move_group.moveit.moveit.ros.move_group.cartesian_path_service_capability]: Attempting to follow 30 waypoints for link 'panda_hand' using a step of 0.010000 m and jump threshold 0.000000 (in global reference frame)
[move_group-2] [INFO] [1789284968.303998835] [move_group.moveit.moveit.ros.move_group.cartesian_path_service_capability]: Computed Cartesian path with 59 points (followed 98.333333% of requested trajectory)
[move_group-2] [INFO] [1789284968.307383710] [move_group.moveit.moveit.ros.move_group.cartesian_path_service_capability]: Received request to compute Cartesian path
[move_group-2] [INFO] [1789284968.307464542] [move_group.moveit.moveit.ros.move_group.cartesian_path_service_capability]: Attempting to follow 30 waypoints for link 'panda_hand' using a step of 0.010000 m and jump threshold 0.000000 (in global reference frame)
[move_group-2] [INFO] [1789284968.374184095] [move_group.moveit.moveit.ros.move_group.cartesian_path_service_capability]: Computed Cartesian path with 59 points (followed 98.333333% of requested trajectory)
[move_group-2] [INFO] [1789284968.385529381] [move_group.moveit.moveit.ros.move_group.cartesian_path_service_capability]: Received request to compute Cartesian path
[move_group-2] [INFO] [1789284968.385612966] [move_group.moveit.moveit.ros.move_group.cartesian_path_service_capability]: Attempting to follow 30 waypoints for link 'panda_hand' using a step of 0.010000 m and jump threshold 0.000000 (in global reference frame)
[move_group-2] [INFO] [1789284968.452255750] [move_group.moveit.moveit.ros.move_group.cartesian_path_service_capability]: Computed Cartesian path with 59 points (followed 98.333333% of requested trajectory)
[move_group-2] [INFO] [1789284968.459480383] [move_group.moveit.moveit.ros.move_group.cartesian_path_service_capability]: Received request to compute Cartesian path
[move_group-2] [INFO] [1789284968.459572959] [move_group.moveit.moveit.ros.move_group.cartesian_path_service_capability]: Attempting to follow 30 waypoints for link 'panda_hand' using a step of 0.010000 m and jump threshold 0.000000 (in global reference frame)
[move_group-2] [INFO] [1789284968.528073926] [move_group.moveit.moveit.ros.move_group.cartesian_path_service_capability]: Computed Cartesian path with 59 points (followed 98.333333% of requested trajectory)
[move_group-2] [INFO] [1789284968.537445093] [move_group.moveit.moveit.ros.move_group.cartesian_path_service_capability]: Received request to compute Cartesian path
[move_group-2] [INFO] [1789284968.537530917] [move_group.moveit.moveit.ros.move_group.cartesian_path_service_capability]: Attempting to follow 30 waypoints for link 'panda_hand' using a step of 0.010000 m and jump threshold 0.000000 (in global reference frame)
[move_group-2] [INFO] [1789284968.603688100] [move_group.moveit.moveit.ros.move_group.cartesian_path_service_capability]: Computed Cartesian path with 59 points (followed 98.333333% of requested trajectory)
[move_group-2] [INFO] [1789284968.606930703] [move_group.moveit.moveit.ros.move_group.cartesian_path_service_capability]: Received request to compute Cartesian path
[move_group-2] [INFO] [1789284968.607020656] [move_group.moveit.moveit.ros.move_group.cartesian_path_service_capability]: Attempting to follow 30 waypoints for link 'panda_hand' using a step of 0.010000 m and jump threshold 0.000000 (in global reference frame)
[move_group-2] [INFO] [1789284968.677015452] [move_group.moveit.moveit.ros.move_group.cartesian_path_service_capability]: Computed Cartesian path with 59 points (followed 98.333333% of requested trajectory)
[move_group-2] [INFO] [1789284968.681342858] [move_group.moveit.moveit.ros.move_group.cartesian_path_service_capability]: Received request to compute Cartesian path
[move_group-2] [INFO] [1789284968.681431018] [move_group.moveit.moveit.ros.move_group.cartesian_path_service_capability]: Attempting to follow 30 waypoints for link 'panda_hand' using a step of 0.010000 m and jump threshold 0.000000 (in global reference frame)
[move_group-2] [INFO] [1789284968.747508361] [move_group.moveit.moveit.ros.move_group.cartesian_path_service_capability]: Computed Cartesian path with 59 points (followed 98.333333% of requested trajectory)
[move_group-2] [INFO] [1789284968.756982185] [move_group.moveit.moveit.ros.move_group.cartesian_path_service_capability]: Received request to compute Cartesian path
[move_group-2] [INFO] [1789284968.757078793] [move_group.moveit.moveit.ros.move_group.cartesian_path_service_capability]: Attempting to follow 30 waypoints for link 'panda_hand' using a step of 0.010000 m and jump threshold 0.000000 (in global reference frame)
[move_group-2] [INFO] [1789284968.825718801] [move_group.moveit.moveit.ros.move_group.cartesian_path_service_capability]: Computed Cartesian path with 59 points (followed 98.333333% of requested trajectory)
[move_group-2] [INFO] [1789284968.829290173] [move_group.moveit.moveit.ros.move_group.cartesian_path_service_capability]: Received request to compute Cartesian path
[move_group-2] [INFO] [1789284968.829380285] [move_group.moveit.moveit.ros.move_group.cartesian_path_service_capability]: Attempting to follow 30 waypoints for link 'panda_hand' using a step of 0.010000 m and jump threshold 0.000000 (in global reference frame)
[move_group-2] [INFO] [1789284968.897791971] [move_group.moveit.moveit.ros.move_group.cartesian_path_service_capability]: Computed Cartesian path with 59 points (followed 98.333333% of requested trajectory)
[move_group-2] [INFO] [1789284968.901681105] [move_group.moveit.moveit.ros.move_group.cartesian_path_service_capability]: Received request to compute Cartesian path
[move_group-2] [INFO] [1789284968.901761329] [move_group.moveit.moveit.ros.move_group.cartesian_path_service_capability]: Attempting to follow 30 waypoints for link 'panda_hand' using a step of 0.010000 m and jump threshold 0.000000 (in global reference frame)
[move_group-2] [INFO] [1789284968.969512309] [move_group.moveit.moveit.ros.move_group.cartesian_path_service_capability]: Computed Cartesian path with 59 points (followed 98.333333% of requested trajectory)
[move_group-2] [INFO] [1789284968.972484031] [move_group.moveit.moveit.ros.move_group.cartesian_path_service_capability]: Received request to compute Cartesian path
[move_group-2] [INFO] [1789284968.972561247] [move_group.moveit.moveit.ros.move_group.cartesian_path_service_capability]: Attempting to follow 30 waypoints for link 'panda_hand' using a step of 0.010000 m and jump threshold 0.000000 (in global reference frame)
[move_group-2] [INFO] [1789284969.041621992] [move_group.moveit.moveit.ros.move_group.cartesian_path_service_capability]: Computed Cartesian path with 59 points (followed 98.333333% of requested trajectory)
[move_group-2] [INFO] [1789284969.052663757] [move_group.moveit.moveit.ros.move_group.cartesian_path_service_capability]: Received request to compute Cartesian path
[move_group-2] [INFO] [1789284969.052744846] [move_group.moveit.moveit.ros.move_group.cartesian_path_service_capability]: Attempting to follow 30 waypoints for link 'panda_hand' using a step of 0.010000 m and jump threshold 0.000000 (in global reference frame)
[move_group-2] [INFO] [1789284969.117890857] [move_group.moveit.moveit.ros.move_group.cartesian_path_service_capability]: Computed Cartesian path with 59 points (followed 98.333333% of requested trajectory)
[move_group-2] [INFO] [1789284969.120879603] [move_group.moveit.moveit.ros.move_group.cartesian_path_service_capability]: Received request to compute Cartesian path
[move_group-2] [INFO] [1789284969.120959315] [move_group.moveit.moveit.ros.move_group.cartesian_path_service_capability]: Attempting to follow 30 waypoints for link 'panda_hand' using a step of 0.010000 m and jump threshold 0.000000 (in global reference frame)
[move_group-2] [INFO] [1789284969.190192829] [move_group.moveit.moveit.ros.move_group.cartesian_path_service_capability]: Computed Cartesian path with 59 points (followed 98.333333% of requested trajectory)
[move_group-2] [WARN] [1789284970.678808277] [move_group.moveit.moveit.core.planning_scene]: Tried to remove world object 'mw_door', but it does not exist in this scene.
[move_group-2] [INFO] [1789284970.685686380] [move_group.moveit.moveit.ros.move_group.cartesian_path_service_capability]: Received request to compute Cartesian path
[move_group-2] [INFO] [1789284970.685769740] [move_group.moveit.moveit.ros.move_group.cartesian_path_service_capability]: Attempting to follow 19 waypoints for link 'panda_hand' using a step of 0.010000 m and jump threshold 0.000000 (in global reference frame)
[move_group-2] [INFO] [1789284970.697147059] [move_group.moveit.moveit.ros.move_group.cartesian_path_service_capability]: Computed Cartesian path with 38 points (followed 100.000000% of requested trajectory)
[move_group-2] [INFO] [1789284970.710860385] [move_group.moveit.moveit.ros.move_group.cartesian_path_service_capability]: Received request to compute Cartesian path
[move_group-2] [INFO] [1789284970.710935073] [move_group.moveit.moveit.ros.move_group.cartesian_path_service_capability]: Attempting to follow 19 waypoints for link 'panda_hand' using a step of 0.010000 m and jump threshold 0.000000 (in global reference frame)
[move_group-2] [INFO] [1789284970.723135018] [move_group.moveit.moveit.ros.move_group.cartesian_path_service_capability]: Computed Cartesian path with 38 points (followed 100.000000% of requested trajectory)
[move_group-2] [INFO] [1789284970.726395605] [move_group.moveit.moveit.ros.move_group.cartesian_path_service_capability]: Received request to compute Cartesian path
[move_group-2] [INFO] [1789284970.726474293] [move_group.moveit.moveit.ros.move_group.cartesian_path_service_capability]: Attempting to follow 19 waypoints for link 'panda_hand' using a step of 0.010000 m and jump threshold 0.000000 (in global reference frame)
[move_group-2] [INFO] [1789284970.738538174] [move_group.moveit.moveit.ros.move_group.cartesian_path_service_capability]: Computed Cartesian path with 38 points (followed 100.000000% of requested trajectory)
[move_group-2] [INFO] [1789284970.741938794] [move_group.moveit.moveit.ros.move_group.cartesian_path_service_capability]: Received request to compute Cartesian path
[move_group-2] [INFO] [1789284970.742000170] [move_group.moveit.moveit.ros.move_group.cartesian_path_service_capability]: Attempting to follow 19 waypoints for link 'panda_hand' using a step of 0.010000 m and jump threshold 0.000000 (in global reference frame)
[move_group-2] [INFO] [1789284970.752159180] [move_group.moveit.moveit.ros.move_group.cartesian_path_service_capability]: Computed Cartesian path with 38 points (followed 100.000000% of requested trajectory)
[move_group-2] [INFO] [1789284970.770200009] [move_group.moveit.moveit.ros.move_group.cartesian_path_service_capability]: Received request to compute Cartesian path
[move_group-2] [INFO] [1789284970.770277897] [move_group.moveit.moveit.ros.move_group.cartesian_path_service_capability]: Attempting to follow 19 waypoints for link 'panda_hand' using a step of 0.010000 m and jump threshold 0.000000 (in global reference frame)
[move_group-2] [INFO] [1789284970.779956426] [move_group.moveit.moveit.ros.move_group.cartesian_path_service_capability]: Computed Cartesian path with 38 points (followed 100.000000% of requested trajectory)
[move_group-2] [INFO] [1789284970.782553554] [move_group.moveit.moveit.ros.move_group.cartesian_path_service_capability]: Received request to compute Cartesian path
[move_group-2] [INFO] [1789284970.782614771] [move_group.moveit.moveit.ros.move_group.cartesian_path_service_capability]: Attempting to follow 19 waypoints for link 'panda_hand' using a step of 0.010000 m and jump threshold 0.000000 (in global reference frame)
[move_group-2] [INFO] [1789284970.795026396] [move_group.moveit.moveit.ros.move_group.cartesian_path_service_capability]: Computed Cartesian path with 38 points (followed 100.000000% of requested trajectory)
[move_group-2] [INFO] [1789284970.806946405] [move_group.moveit.moveit.ros.move_group.cartesian_path_service_capability]: Received request to compute Cartesian path
[move_group-2] [INFO] [1789284970.807019877] [move_group.moveit.moveit.ros.move_group.cartesian_path_service_capability]: Attempting to follow 19 waypoints for link 'panda_hand' using a step of 0.010000 m and jump threshold 0.000000 (in global reference frame)
[move_group-2] [INFO] [1789284970.816611301] [move_group.moveit.moveit.ros.move_group.cartesian_path_service_capability]: Computed Cartesian path with 38 points (followed 100.000000% of requested trajectory)
[move_group-2] [INFO] [1789284970.819169742] [move_group.moveit.moveit.ros.move_group.cartesian_path_service_capability]: Received request to compute Cartesian path
[move_group-2] [INFO] [1789284970.819245902] [move_group.moveit.moveit.ros.move_group.cartesian_path_service_capability]: Attempting to follow 19 waypoints for link 'panda_hand' using a step of 0.010000 m and jump threshold 0.000000 (in global reference frame)
[move_group-2] [INFO] [1789284970.830907445] [move_group.moveit.moveit.ros.move_group.cartesian_path_service_capability]: Computed Cartesian path with 38 points (followed 100.000000% of requested trajectory)
[move_group-2] [INFO] [1789284970.834409537] [move_group.moveit.moveit.ros.move_group.cartesian_path_service_capability]: Received request to compute Cartesian path
[move_group-2] [INFO] [1789284970.834487873] [move_group.moveit.moveit.ros.move_group.cartesian_path_service_capability]: Attempting to follow 19 waypoints for link 'panda_hand' using a step of 0.010000 m and jump threshold 0.000000 (in global reference frame)
[move_group-2] [INFO] [1789284970.846593834] [move_group.moveit.moveit.ros.move_group.cartesian_path_service_capability]: Computed Cartesian path with 38 points (followed 100.000000% of requested trajectory)
[move_group-2] [INFO] [1789284970.851964284] [move_group.moveit.moveit.ros.move_group.cartesian_path_service_capability]: Received request to compute Cartesian path
[move_group-2] [INFO] [1789284970.852022237] [move_group.moveit.moveit.ros.move_group.cartesian_path_service_capability]: Attempting to follow 19 waypoints for link 'panda_hand' using a step of 0.010000 m and jump threshold 0.000000 (in global reference frame)
[move_group-2] [INFO] [1789284970.861083803] [move_group.moveit.moveit.ros.move_group.cartesian_path_service_capability]: Computed Cartesian path with 38 points (followed 100.000000% of requested trajectory)
[move_group-2] [INFO] [1789284970.864804744] [move_group.moveit.moveit.ros.move_group.cartesian_path_service_capability]: Received request to compute Cartesian path
[move_group-2] [INFO] [1789284970.864877832] [move_group.moveit.moveit.ros.move_group.cartesian_path_service_capability]: Attempting to follow 19 waypoints for link 'panda_hand' using a step of 0.010000 m and jump threshold 0.000000 (in global reference frame)
[move_group-2] [INFO] [1789284970.874224967] [move_group.moveit.moveit.ros.move_group.cartesian_path_service_capability]: Computed Cartesian path with 38 points (followed 100.000000% of requested trajectory)
[move_group-2] [INFO] [1789284970.877413970] [move_group.moveit.moveit.ros.move_group.cartesian_path_service_capability]: Received request to compute Cartesian path
[move_group-2] [INFO] [1789284970.877469906] [move_group.moveit.moveit.ros.move_group.cartesian_path_service_capability]: Attempting to follow 19 waypoints for link 'panda_hand' using a step of 0.010000 m and jump threshold 0.000000 (in global reference frame)
[move_group-2] [INFO] [1789284970.889657371] [move_group.moveit.moveit.ros.move_group.cartesian_path_service_capability]: Computed Cartesian path with 38 points (followed 100.000000% of requested trajectory)
[move_group-2] [INFO] [1789284970.894483212] [move_group.moveit.moveit.ros.move_group.cartesian_path_service_capability]: Received request to compute Cartesian path
[move_group-2] [INFO] [1789284970.894555244] [move_group.moveit.moveit.ros.move_group.cartesian_path_service_capability]: Attempting to follow 19 waypoints for link 'panda_hand' using a step of 0.010000 m and jump threshold 0.000000 (in global reference frame)
[move_group-2] [INFO] [1789284970.906848533] [move_group.moveit.moveit.ros.move_group.cartesian_path_service_capability]: Computed Cartesian path with 38 points (followed 100.000000% of requested trajectory)
[move_group-2] [INFO] [1789284970.917096152] [move_group.moveit.moveit.ros.move_group.cartesian_path_service_capability]: Received request to compute Cartesian path
[move_group-2] [INFO] [1789284970.917160632] [move_group.moveit.moveit.ros.move_group.cartesian_path_service_capability]: Attempting to follow 19 waypoints for link 'panda_hand' using a step of 0.010000 m and jump threshold 0.000000 (in global reference frame)
[move_group-2] [INFO] [1789284970.927103386] [move_group.moveit.moveit.ros.move_group.cartesian_path_service_capability]: Computed Cartesian path with 38 points (followed 100.000000% of requested trajectory)
[move_group-2] [WARN] [1789284972.377019503] [move_group.moveit.moveit.core.planning_scene]: Tried to remove world object 'mw_door', but it does not exist in this scene.
[move_group-2] [INFO] [1789284972.381681471] [move_group.moveit.moveit.ros.move_group.cartesian_path_service_capability]: Received request to compute Cartesian path
[move_group-2] [INFO] [1789284972.381778783] [move_group.moveit.moveit.ros.move_group.cartesian_path_service_capability]: Attempting to follow 11 waypoints for link 'panda_hand' using a step of 0.010000 m and jump threshold 0.000000 (in global reference frame)
[move_group-2] [INFO] [1789284972.385252747] [move_group.moveit.moveit.ros.move_group.cartesian_path_service_capability]: Computed Cartesian path with 22 points (followed 100.000000% of requested trajectory)
[move_group-2] [INFO] [1789284972.395249965] [move_group.moveit.moveit.ros.move_group.cartesian_path_service_capability]: Received request to compute Cartesian path
[move_group-2] [INFO] [1789284972.395333165] [move_group.moveit.moveit.ros.move_group.cartesian_path_service_capability]: Attempting to follow 11 waypoints for link 'panda_hand' using a step of 0.010000 m and jump threshold 0.000000 (in global reference frame)
[move_group-2] [INFO] [1789284972.399060442] [move_group.moveit.moveit.ros.move_group.cartesian_path_service_capability]: Computed Cartesian path with 22 points (followed 100.000000% of requested trajectory)
[move_group-2] [INFO] [1789284972.401474818] [move_group.moveit.moveit.ros.move_group.cartesian_path_service_capability]: Received request to compute Cartesian path
[move_group-2] [INFO] [1789284972.401545026] [move_group.moveit.moveit.ros.move_group.cartesian_path_service_capability]: Attempting to follow 11 waypoints for link 'panda_hand' using a step of 0.010000 m and jump threshold 0.000000 (in global reference frame)
[move_group-2] [INFO] [1789284972.405149454] [move_group.moveit.moveit.ros.move_group.cartesian_path_service_capability]: Computed Cartesian path with 22 points (followed 100.000000% of requested trajectory)
[move_group-2] [INFO] [1789284972.409871614] [move_group.moveit.moveit.ros.move_group.cartesian_path_service_capability]: Received request to compute Cartesian path
[move_group-2] [INFO] [1789284972.409955902] [move_group.moveit.moveit.ros.move_group.cartesian_path_service_capability]: Attempting to follow 11 waypoints for link 'panda_hand' using a step of 0.010000 m and jump threshold 0.000000 (in global reference frame)
[move_group-2] [INFO] [1789284972.414002188] [move_group.moveit.moveit.ros.move_group.cartesian_path_service_capability]: Computed Cartesian path with 22 points (followed 100.000000% of requested trajectory)
[move_group-2] [INFO] [1789284972.425462066] [move_group.moveit.moveit.ros.move_group.cartesian_path_service_capability]: Received request to compute Cartesian path
[move_group-2] [INFO] [1789284972.425550227] [move_group.moveit.moveit.ros.move_group.cartesian_path_service_capability]: Attempting to follow 11 waypoints for link 'panda_hand' using a step of 0.010000 m and jump threshold 0.000000 (in global reference frame)
[move_group-2] [INFO] [1789284972.429721569] [move_group.moveit.moveit.ros.move_group.cartesian_path_service_capability]: Computed Cartesian path with 22 points (followed 100.000000% of requested trajectory)
[move_group-2] [INFO] [1789284972.438562847] [move_group.moveit.moveit.ros.move_group.cartesian_path_service_capability]: Received request to compute Cartesian path
[move_group-2] [INFO] [1789284972.438645663] [move_group.moveit.moveit.ros.move_group.cartesian_path_service_capability]: Attempting to follow 11 waypoints for link 'panda_hand' using a step of 0.010000 m and jump threshold 0.000000 (in global reference frame)
[move_group-2] [INFO] [1789284972.442522156] [move_group.moveit.moveit.ros.move_group.cartesian_path_service_capability]: Computed Cartesian path with 22 points (followed 100.000000% of requested trajectory)
[move_group-2] [INFO] [1789284972.445215989] [move_group.moveit.moveit.ros.move_group.cartesian_path_service_capability]: Received request to compute Cartesian path
[move_group-2] [INFO] [1789284972.445289749] [move_group.moveit.moveit.ros.move_group.cartesian_path_service_capability]: Attempting to follow 11 waypoints for link 'panda_hand' using a step of 0.010000 m and jump threshold 0.000000 (in global reference frame)
[move_group-2] [INFO] [1789284972.448897345] [move_group.moveit.moveit.ros.move_group.cartesian_path_service_capability]: Computed Cartesian path with 22 points (followed 100.000000% of requested trajectory)
[move_group-2] [INFO] [1789284972.450867944] [move_group.moveit.moveit.ros.move_group.cartesian_path_service_capability]: Received request to compute Cartesian path
[move_group-2] [INFO] [1789284972.450949544] [move_group.moveit.moveit.ros.move_group.cartesian_path_service_capability]: Attempting to follow 11 waypoints for link 'panda_hand' using a step of 0.010000 m and jump threshold 0.000000 (in global reference frame)
[move_group-2] [INFO] [1789284972.454490772] [move_group.moveit.moveit.ros.move_group.cartesian_path_service_capability]: Computed Cartesian path with 22 points (followed 100.000000% of requested trajectory)
[move_group-2] [INFO] [1789284972.460152903] [move_group.moveit.moveit.ros.move_group.cartesian_path_service_capability]: Received request to compute Cartesian path
[move_group-2] [INFO] [1789284972.460230056] [move_group.moveit.moveit.ros.move_group.cartesian_path_service_capability]: Attempting to follow 11 waypoints for link 'panda_hand' using a step of 0.010000 m and jump threshold 0.000000 (in global reference frame)
[move_group-2] [INFO] [1789284972.464406166] [move_group.moveit.moveit.ros.move_group.cartesian_path_service_capability]: Computed Cartesian path with 22 points (followed 100.000000% of requested trajectory)
[move_group-2] [INFO] [1789284972.467696417] [move_group.moveit.moveit.ros.move_group.cartesian_path_service_capability]: Received request to compute Cartesian path
[move_group-2] [INFO] [1789284972.467760385] [move_group.moveit.moveit.ros.move_group.cartesian_path_service_capability]: Attempting to follow 11 waypoints for link 'panda_hand' using a step of 0.010000 m and jump threshold 0.000000 (in global reference frame)
[move_group-2] [INFO] [1789284972.471888175] [move_group.moveit.moveit.ros.move_group.cartesian_path_service_capability]: Computed Cartesian path with 22 points (followed 100.000000% of requested trajectory)
[move_group-2] [INFO] [1789284972.474753785] [move_group.moveit.moveit.ros.move_group.cartesian_path_service_capability]: Received request to compute Cartesian path
[move_group-2] [INFO] [1789284972.474833497] [move_group.moveit.moveit.ros.move_group.cartesian_path_service_capability]: Attempting to follow 11 waypoints for link 'panda_hand' using a step of 0.010000 m and jump threshold 0.000000 (in global reference frame)
[move_group-2] [INFO] [1789284972.478533093] [move_group.moveit.moveit.ros.move_group.cartesian_path_service_capability]: Computed Cartesian path with 22 points (followed 100.000000% of requested trajectory)
[move_group-2] [INFO] [1789284972.486981762] [move_group.moveit.moveit.ros.move_group.cartesian_path_service_capability]: Received request to compute Cartesian path
[move_group-2] [INFO] [1789284972.487073602] [move_group.moveit.moveit.ros.move_group.cartesian_path_service_capability]: Attempting to follow 11 waypoints for link 'panda_hand' using a step of 0.010000 m and jump threshold 0.000000 (in global reference frame)
[move_group-2] [INFO] [1789284972.490456781] [move_group.moveit.moveit.ros.move_group.cartesian_path_service_capability]: Computed Cartesian path with 22 points (followed 100.000000% of requested trajectory)
[move_group-2] [INFO] [1789284972.500410447] [move_group.moveit.moveit.ros.move_group.cartesian_path_service_capability]: Received request to compute Cartesian path
[move_group-2] [INFO] [1789284972.500494287] [move_group.moveit.moveit.ros.move_group.cartesian_path_service_capability]: Attempting to follow 11 waypoints for link 'panda_hand' using a step of 0.010000 m and jump threshold 0.000000 (in global reference frame)
[move_group-2] [INFO] [1789284972.503942939] [move_group.moveit.moveit.ros.move_group.cartesian_path_service_capability]: Computed Cartesian path with 22 points (followed 100.000000% of requested trajectory)
[move_group-2] [INFO] [1789284972.506008194] [move_group.moveit.moveit.ros.move_group.cartesian_path_service_capability]: Received request to compute Cartesian path
[move_group-2] [INFO] [1789284972.506099554] [move_group.moveit.moveit.ros.move_group.cartesian_path_service_capability]: Attempting to follow 11 waypoints for link 'panda_hand' using a step of 0.010000 m and jump threshold 0.000000 (in global reference frame)
[move_group-2] [INFO] [1789284972.510176688] [move_group.moveit.moveit.ros.move_group.cartesian_path_service_capability]: Computed Cartesian path with 22 points (followed 100.000000% of requested trajectory)
[move_group-2] [INFO] [1789284972.514458078] [move_group.moveit.moveit.ros.move_group.cartesian_path_service_capability]: Received request to compute Cartesian path
[move_group-2] [INFO] [1789284972.514535519] [move_group.moveit.moveit.ros.move_group.cartesian_path_service_capability]: Attempting to follow 11 waypoints for link 'panda_hand' using a step of 0.010000 m and jump threshold 0.000000 (in global reference frame)
[move_group-2] [INFO] [1789284972.518127147] [move_group.moveit.moveit.ros.move_group.cartesian_path_service_capability]: Computed Cartesian path with 22 points (followed 100.000000% of requested trajectory)
[move_group-2] [INFO] [1789284972.522333625] [move_group.moveit.moveit.ros.move_group.cartesian_path_service_capability]: Received request to compute Cartesian path
[move_group-2] [INFO] [1789284972.522395289] [move_group.moveit.moveit.ros.move_group.cartesian_path_service_capability]: Attempting to follow 11 waypoints for link 'panda_hand' using a step of 0.010000 m and jump threshold 0.000000 (in global reference frame)
[move_group-2] [INFO] [1789284972.525735524] [move_group.moveit.moveit.ros.move_group.cartesian_path_service_capability]: Computed Cartesian path with 22 points (followed 100.000000% of requested trajectory)
[move_group-2] [INFO] [1789284972.528160460] [move_group.moveit.moveit.ros.move_group.cartesian_path_service_capability]: Received request to compute Cartesian path
[move_group-2] [INFO] [1789284972.528241133] [move_group.moveit.moveit.ros.move_group.cartesian_path_service_capability]: Attempting to follow 11 waypoints for link 'panda_hand' using a step of 0.010000 m and jump threshold 0.000000 (in global reference frame)
[move_group-2] [INFO] [1789284972.531789625] [move_group.moveit.moveit.ros.move_group.cartesian_path_service_capability]: Computed Cartesian path with 22 points (followed 100.000000% of requested trajectory)
[move_group-2] [INFO] [1789284972.534535202] [move_group.moveit.moveit.ros.move_group.cartesian_path_service_capability]: Received request to compute Cartesian path
[move_group-2] [INFO] [1789284972.534612482] [move_group.moveit.moveit.ros.move_group.cartesian_path_service_capability]: Attempting to follow 11 waypoints for link 'panda_hand' using a step of 0.010000 m and jump threshold 0.000000 (in global reference frame)
[move_group-2] [INFO] [1789284972.538035118] [move_group.moveit.moveit.ros.move_group.cartesian_path_service_capability]: Computed Cartesian path with 22 points (followed 100.000000% of requested trajectory)
[move_group-2] [INFO] [1789284972.542636605] [move_group.moveit.moveit.ros.move_group.cartesian_path_service_capability]: Received request to compute Cartesian path
[move_group-2] [INFO] [1789284972.542714590] [move_group.moveit.moveit.ros.move_group.cartesian_path_service_capability]: Attempting to follow 11 waypoints for link 'panda_hand' using a step of 0.010000 m and jump threshold 0.000000 (in global reference frame)
[move_group-2] [INFO] [1789284972.546060265] [move_group.moveit.moveit.ros.move_group.cartesian_path_service_capability]: Computed Cartesian path with 22 points (followed 100.000000% of requested trajectory)
[move_group-2] [INFO] [1789284972.550061654] [move_group.moveit.moveit.ros.move_group.cartesian_path_service_capability]: Received request to compute Cartesian path
[move_group-2] [INFO] [1789284972.550142679] [move_group.moveit.moveit.ros.move_group.cartesian_path_service_capability]: Attempting to follow 11 waypoints for link 'panda_hand' using a step of 0.010000 m and jump threshold 0.000000 (in global reference frame)
[move_group-2] [INFO] [1789284972.553440450] [move_group.moveit.moveit.ros.move_group.cartesian_path_service_capability]: Computed Cartesian path with 22 points (followed 100.000000% of requested trajectory)
[move_group-2] [INFO] [1789284972.556732429] [move_group.moveit.moveit.ros.move_group.cartesian_path_service_capability]: Received request to compute Cartesian path
[move_group-2] [INFO] [1789284972.556809293] [move_group.moveit.moveit.ros.move_group.cartesian_path_service_capability]: Attempting to follow 11 waypoints for link 'panda_hand' using a step of 0.010000 m and jump threshold 0.000000 (in global reference frame)
[move_group-2] [INFO] [1789284972.560440441] [move_group.moveit.moveit.ros.move_group.cartesian_path_service_capability]: Computed Cartesian path with 22 points (followed 100.000000% of requested trajectory)
[move_group-2] [WARN] [1789285168.025514959] [move_group.moveit.moveit.core.planning_scene]: Tried to remove world object 'mw_door', but it does not exist in this scene.
[move_group-2] [INFO] [1789285168.032464776] [move_group.moveit.moveit.ros.move_group.cartesian_path_service_capability]: Received request to compute Cartesian path
[move_group-2] [INFO] [1789285168.032571016] [move_group.moveit.moveit.ros.move_group.cartesian_path_service_capability]: Attempting to follow 19 waypoints for link 'panda_hand' using a step of 0.010000 m and jump threshold 0.000000 (in global reference frame)
[move_group-2] [INFO] [1789285168.042023497] [move_group.moveit.moveit.ros.move_group.cartesian_path_service_capability]: Computed Cartesian path with 38 points (followed 100.000000% of requested trajectory)
[move_group-2] [INFO] [1789285168.045559893] [move_group.moveit.moveit.ros.move_group.cartesian_path_service_capability]: Received request to compute Cartesian path
[move_group-2] [INFO] [1789285168.045648021] [move_group.moveit.moveit.ros.move_group.cartesian_path_service_capability]: Attempting to follow 19 waypoints for link 'panda_hand' using a step of 0.010000 m and jump threshold 0.000000 (in global reference frame)
[move_group-2] [INFO] [1789285168.054812949] [move_group.moveit.moveit.ros.move_group.cartesian_path_service_capability]: Computed Cartesian path with 38 points (followed 100.000000% of requested trajectory)
[move_group-2] [INFO] [1789285168.065116537] [move_group.moveit.moveit.ros.move_group.cartesian_path_service_capability]: Received request to compute Cartesian path
[move_group-2] [INFO] [1789285168.065209017] [move_group.moveit.moveit.ros.move_group.cartesian_path_service_capability]: Attempting to follow 19 waypoints for link 'panda_hand' using a step of 0.010000 m and jump threshold 0.000000 (in global reference frame)
[move_group-2] [INFO] [1789285168.077384291] [move_group.moveit.moveit.ros.move_group.cartesian_path_service_capability]: Computed Cartesian path with 38 points (followed 100.000000% of requested trajectory)
[move_group-2] [INFO] [1789285168.080466798] [move_group.moveit.moveit.ros.move_group.cartesian_path_service_capability]: Received request to compute Cartesian path
[move_group-2] [INFO] [1789285168.080559118] [move_group.moveit.moveit.ros.move_group.cartesian_path_service_capability]: Attempting to follow 19 waypoints for link 'panda_hand' using a step of 0.010000 m and jump threshold 0.000000 (in global reference frame)
[move_group-2] [INFO] [1789285168.093636699] [move_group.moveit.moveit.ros.move_group.cartesian_path_service_capability]: Computed Cartesian path with 38 points (followed 100.000000% of requested trajectory)
[move_group-2] [INFO] [1789285168.102808347] [move_group.moveit.moveit.ros.move_group.cartesian_path_service_capability]: Received request to compute Cartesian path
[move_group-2] [INFO] [1789285168.102900155] [move_group.moveit.moveit.ros.move_group.cartesian_path_service_capability]: Attempting to follow 19 waypoints for link 'panda_hand' using a step of 0.010000 m and jump threshold 0.000000 (in global reference frame)
[move_group-2] [INFO] [1789285168.112942558] [move_group.moveit.moveit.ros.move_group.cartesian_path_service_capability]: Computed Cartesian path with 38 points (followed 100.000000% of requested trajectory)
[move_group-2] [INFO] [1789285168.116130729] [move_group.moveit.moveit.ros.move_group.cartesian_path_service_capability]: Received request to compute Cartesian path
[move_group-2] [INFO] [1789285168.116223082] [move_group.moveit.moveit.ros.move_group.cartesian_path_service_capability]: Attempting to follow 19 waypoints for link 'panda_hand' using a step of 0.010000 m and jump threshold 0.000000 (in global reference frame)
[move_group-2] [INFO] [1789285168.125539018] [move_group.moveit.moveit.ros.move_group.cartesian_path_service_capability]: Computed Cartesian path with 38 points (followed 100.000000% of requested trajectory)
[move_group-2] [INFO] [1789285168.128506100] [move_group.moveit.moveit.ros.move_group.cartesian_path_service_capability]: Received request to compute Cartesian path
[move_group-2] [INFO] [1789285168.128593205] [move_group.moveit.moveit.ros.move_group.cartesian_path_service_capability]: Attempting to follow 19 waypoints for link 'panda_hand' using a step of 0.010000 m and jump threshold 0.000000 (in global reference frame)
[move_group-2] [INFO] [1789285168.140377213] [move_group.moveit.moveit.ros.move_group.cartesian_path_service_capability]: Computed Cartesian path with 38 points (followed 100.000000% of requested trajectory)
[move_group-2] [INFO] [1789285168.144308363] [move_group.moveit.moveit.ros.move_group.cartesian_path_service_capability]: Received request to compute Cartesian path
[move_group-2] [INFO] [1789285168.144395563] [move_group.moveit.moveit.ros.move_group.cartesian_path_service_capability]: Attempting to follow 19 waypoints for link 'panda_hand' using a step of 0.010000 m and jump threshold 0.000000 (in global reference frame)
[move_group-2] [INFO] [1789285168.157236504] [move_group.moveit.moveit.ros.move_group.cartesian_path_service_capability]: Computed Cartesian path with 38 points (followed 100.000000% of requested trajectory)
[move_group-2] [INFO] [1789285168.161539079] [move_group.moveit.moveit.ros.move_group.cartesian_path_service_capability]: Received request to compute Cartesian path
[move_group-2] [INFO] [1789285168.161625063] [move_group.moveit.moveit.ros.move_group.cartesian_path_service_capability]: Attempting to follow 19 waypoints for link 'panda_hand' using a step of 0.010000 m and jump threshold 0.000000 (in global reference frame)
[move_group-2] [INFO] [1789285168.170931623] [move_group.moveit.moveit.ros.move_group.cartesian_path_service_capability]: Computed Cartesian path with 38 points (followed 100.000000% of requested trajectory)
[move_group-2] [INFO] [1789285168.183180370] [move_group.moveit.moveit.ros.move_group.cartesian_path_service_capability]: Received request to compute Cartesian path
[move_group-2] [INFO] [1789285168.183273490] [move_group.moveit.moveit.ros.move_group.cartesian_path_service_capability]: Attempting to follow 19 waypoints for link 'panda_hand' using a step of 0.010000 m and jump threshold 0.000000 (in global reference frame)
[move_group-2] [INFO] [1789285168.196080862] [move_group.moveit.moveit.ros.move_group.cartesian_path_service_capability]: Computed Cartesian path with 38 points (followed 100.000000% of requested trajectory)
[move_group-2] [INFO] [1789285168.199184873] [move_group.moveit.moveit.ros.move_group.cartesian_path_service_capability]: Received request to compute Cartesian path
[move_group-2] [INFO] [1789285168.199270281] [move_group.moveit.moveit.ros.move_group.cartesian_path_service_capability]: Attempting to follow 19 waypoints for link 'panda_hand' using a step of 0.010000 m and jump threshold 0.000000 (in global reference frame)
[move_group-2] [INFO] [1789285168.210964722] [move_group.moveit.moveit.ros.move_group.cartesian_path_service_capability]: Computed Cartesian path with 38 points (followed 100.000000% of requested trajectory)
[move_group-2] [INFO] [1789285168.215115648] [move_group.moveit.moveit.ros.move_group.cartesian_path_service_capability]: Received request to compute Cartesian path
[move_group-2] [INFO] [1789285168.215207265] [move_group.moveit.moveit.ros.move_group.cartesian_path_service_capability]: Attempting to follow 19 waypoints for link 'panda_hand' using a step of 0.010000 m and jump threshold 0.000000 (in global reference frame)
[move_group-2] [INFO] [1789285168.228170669] [move_group.moveit.moveit.ros.move_group.cartesian_path_service_capability]: Computed Cartesian path with 38 points (followed 100.000000% of requested trajectory)
[move_group-2] [INFO] [1789285168.232920254] [move_group.moveit.moveit.ros.move_group.cartesian_path_service_capability]: Received request to compute Cartesian path
[move_group-2] [INFO] [1789285168.233025630] [move_group.moveit.moveit.ros.move_group.cartesian_path_service_capability]: Attempting to follow 19 waypoints for link 'panda_hand' using a step of 0.010000 m and jump threshold 0.000000 (in global reference frame)
[move_group-2] [INFO] [1789285168.245246441] [move_group.moveit.moveit.ros.move_group.cartesian_path_service_capability]: Computed Cartesian path with 38 points (followed 100.000000% of requested trajectory)
[move_group-2] [INFO] [1789285168.256353455] [move_group.moveit.moveit.ros.move_group.cartesian_path_service_capability]: Received request to compute Cartesian path
[move_group-2] [INFO] [1789285168.256454799] [move_group.moveit.moveit.ros.move_group.cartesian_path_service_capability]: Attempting to follow 19 waypoints for link 'panda_hand' using a step of 0.010000 m and jump threshold 0.000000 (in global reference frame)
[move_group-2] [INFO] [1789285168.266514738] [move_group.moveit.moveit.ros.move_group.cartesian_path_service_capability]: Computed Cartesian path with 38 points (followed 100.000000% of requested trajectory)
[move_group-2] [INFO] [1789285168.277286136] [move_group.moveit.moveit.ros.move_group.cartesian_path_service_capability]: Received request to compute Cartesian path
[move_group-2] [INFO] [1789285168.277386872] [move_group.moveit.moveit.ros.move_group.cartesian_path_service_capability]: Attempting to follow 19 waypoints for link 'panda_hand' using a step of 0.010000 m and jump threshold 0.000000 (in global reference frame)
[move_group-2] [INFO] [1789285168.290242820] [move_group.moveit.moveit.ros.move_group.cartesian_path_service_capability]: Computed Cartesian path with 38 points (followed 100.000000% of requested trajectory)
[move_group-2] [INFO] [1789285168.310102985] [move_group.moveit.moveit.ros.move_group.cartesian_path_service_capability]: Received request to compute Cartesian path
[move_group-2] [INFO] [1789285168.310198858] [move_group.moveit.moveit.ros.move_group.cartesian_path_service_capability]: Attempting to follow 19 waypoints for link 'panda_hand' using a step of 0.010000 m and jump threshold 0.000000 (in global reference frame)
[move_group-2] [INFO] [1789285168.321830226] [move_group.moveit.moveit.ros.move_group.cartesian_path_service_capability]: Computed Cartesian path with 38 points (followed 100.000000% of requested trajectory)
[move_group-2] [INFO] [1789285168.336520293] [move_group.moveit.moveit.ros.move_group.cartesian_path_service_capability]: Received request to compute Cartesian path
[move_group-2] [INFO] [1789285168.336614213] [move_group.moveit.moveit.ros.move_group.cartesian_path_service_capability]: Attempting to follow 19 waypoints for link 'panda_hand' using a step of 0.010000 m and jump threshold 0.000000 (in global reference frame)
[move_group-2] [INFO] [1789285168.345818661] [move_group.moveit.moveit.ros.move_group.cartesian_path_service_capability]: Computed Cartesian path with 38 points (followed 100.000000% of requested trajectory)
[move_group-2] [INFO] [1789285168.350139604] [move_group.moveit.moveit.ros.move_group.cartesian_path_service_capability]: Received request to compute Cartesian path
[move_group-2] [INFO] [1789285168.350235252] [move_group.moveit.moveit.ros.move_group.cartesian_path_service_capability]: Attempting to follow 19 waypoints for link 'panda_hand' using a step of 0.010000 m and jump threshold 0.000000 (in global reference frame)
[move_group-2] [INFO] [1789285168.362496543] [move_group.moveit.moveit.ros.move_group.cartesian_path_service_capability]: Computed Cartesian path with 38 points (followed 100.000000% of requested trajectory)
[move_group-2] [INFO] [1789285168.366114763] [move_group.moveit.moveit.ros.move_group.cartesian_path_service_capability]: Received request to compute Cartesian path
[move_group-2] [INFO] [1789285168.366211692] [move_group.moveit.moveit.ros.move_group.cartesian_path_service_capability]: Attempting to follow 19 waypoints for link 'panda_hand' using a step of 0.010000 m and jump threshold 0.000000 (in global reference frame)
[move_group-2] [INFO] [1789285168.376256238] [move_group.moveit.moveit.ros.move_group.cartesian_path_service_capability]: Computed Cartesian path with 38 points (followed 100.000000% of requested trajectory)
[move_group-2] [INFO] [1789285168.389922206] [move_group.moveit.moveit.ros.move_group.cartesian_path_service_capability]: Received request to compute Cartesian path
[move_group-2] [INFO] [1789285168.390007326] [move_group.moveit.moveit.ros.move_group.cartesian_path_service_capability]: Attempting to follow 19 waypoints for link 'panda_hand' using a step of 0.010000 m and jump threshold 0.000000 (in global reference frame)
[move_group-2] [INFO] [1789285168.399850880] [move_group.moveit.moveit.ros.move_group.cartesian_path_service_capability]: Computed Cartesian path with 38 points (followed 100.000000% of requested trajectory)
[move_group-2] [INFO] [1789285168.403337068] [move_group.moveit.moveit.ros.move_group.cartesian_path_service_capability]: Received request to compute Cartesian path
[move_group-2] [INFO] [1789285168.403414476] [move_group.moveit.moveit.ros.move_group.cartesian_path_service_capability]: Attempting to follow 19 waypoints for link 'panda_hand' using a step of 0.010000 m and jump threshold 0.000000 (in global reference frame)
[move_group-2] [INFO] [1789285168.415750871] [move_group.moveit.moveit.ros.move_group.cartesian_path_service_capability]: Computed Cartesian path with 38 points (followed 100.000000% of requested trajectory)
[move_group-2] [WARN] [1789285169.976948758] [move_group.moveit.moveit.core.planning_scene]: Tried to remove world object 'mw_door', but it does not exist in this scene.
[move_group-2] [INFO] [1789285170.016536288] [move_group.moveit.moveit.ros.move_group.cartesian_path_service_capability]: Received request to compute Cartesian path
[move_group-2] [INFO] [1789285170.016636320] [move_group.moveit.moveit.ros.move_group.cartesian_path_service_capability]: Attempting to follow 11 waypoints for link 'panda_hand' using a step of 0.010000 m and jump threshold 0.000000 (in global reference frame)
[move_group-2] [INFO] [1789285170.020300333] [move_group.moveit.moveit.ros.move_group.cartesian_path_service_capability]: Computed Cartesian path with 22 points (followed 100.000000% of requested trajectory)
[move_group-2] [INFO] [1789285170.023687256] [move_group.moveit.moveit.ros.move_group.cartesian_path_service_capability]: Received request to compute Cartesian path
[move_group-2] [INFO] [1789285170.023773945] [move_group.moveit.moveit.ros.move_group.cartesian_path_service_capability]: Attempting to follow 11 waypoints for link 'panda_hand' using a step of 0.010000 m and jump threshold 0.000000 (in global reference frame)
[move_group-2] [INFO] [1789285170.027166308] [move_group.moveit.moveit.ros.move_group.cartesian_path_service_capability]: Computed Cartesian path with 22 points (followed 100.000000% of requested trajectory)
[move_group-2] [INFO] [1789285170.031126354] [move_group.moveit.moveit.ros.move_group.cartesian_path_service_capability]: Received request to compute Cartesian path
[move_group-2] [INFO] [1789285170.031213938] [move_group.moveit.moveit.ros.move_group.cartesian_path_service_capability]: Attempting to follow 11 waypoints for link 'panda_hand' using a step of 0.010000 m and jump threshold 0.000000 (in global reference frame)
[move_group-2] [INFO] [1789285170.034977215] [move_group.moveit.moveit.ros.move_group.cartesian_path_service_capability]: Computed Cartesian path with 22 points (followed 100.000000% of requested trajectory)
[move_group-2] [INFO] [1789285170.039368687] [move_group.moveit.moveit.ros.move_group.cartesian_path_service_capability]: Received request to compute Cartesian path
[move_group-2] [INFO] [1789285170.039447567] [move_group.moveit.moveit.ros.move_group.cartesian_path_service_capability]: Attempting to follow 11 waypoints for link 'panda_hand' using a step of 0.010000 m and jump threshold 0.000000 (in global reference frame)
[move_group-2] [INFO] [1789285170.042803163] [move_group.moveit.moveit.ros.move_group.cartesian_path_service_capability]: Computed Cartesian path with 22 points (followed 100.000000% of requested trajectory)
[move_group-2] [INFO] [1789285170.045251747] [move_group.moveit.moveit.ros.move_group.cartesian_path_service_capability]: Received request to compute Cartesian path
[move_group-2] [INFO] [1789285170.045332483] [move_group.moveit.moveit.ros.move_group.cartesian_path_service_capability]: Attempting to follow 11 waypoints for link 'panda_hand' using a step of 0.010000 m and jump threshold 0.000000 (in global reference frame)
[move_group-2] [INFO] [1789285170.049279665] [move_group.moveit.moveit.ros.move_group.cartesian_path_service_capability]: Computed Cartesian path with 22 points (followed 100.000000% of requested trajectory)
[move_group-2] [INFO] [1789285170.052098299] [move_group.moveit.moveit.ros.move_group.cartesian_path_service_capability]: Received request to compute Cartesian path
[move_group-2] [INFO] [1789285170.052183259] [move_group.moveit.moveit.ros.move_group.cartesian_path_service_capability]: Attempting to follow 11 waypoints for link 'panda_hand' using a step of 0.010000 m and jump threshold 0.000000 (in global reference frame)
[move_group-2] [INFO] [1789285170.055964936] [move_group.moveit.moveit.ros.move_group.cartesian_path_service_capability]: Computed Cartesian path with 22 points (followed 100.000000% of requested trajectory)
[move_group-2] [INFO] [1789285170.078089749] [move_group.moveit.moveit.ros.move_group.cartesian_path_service_capability]: Received request to compute Cartesian path
[move_group-2] [INFO] [1789285170.078166901] [move_group.moveit.moveit.ros.move_group.cartesian_path_service_capability]: Attempting to follow 11 waypoints for link 'panda_hand' using a step of 0.010000 m and jump threshold 0.000000 (in global reference frame)
[move_group-2] [INFO] [1789285170.081870530] [move_group.moveit.moveit.ros.move_group.cartesian_path_service_capability]: Computed Cartesian path with 22 points (followed 100.000000% of requested trajectory)
[move_group-2] [INFO] [1789285170.083965545] [move_group.moveit.moveit.ros.move_group.cartesian_path_service_capability]: Received request to compute Cartesian path
[move_group-2] [INFO] [1789285170.084048393] [move_group.moveit.moveit.ros.move_group.cartesian_path_service_capability]: Attempting to follow 11 waypoints for link 'panda_hand' using a step of 0.010000 m and jump threshold 0.000000 (in global reference frame)
[move_group-2] [INFO] [1789285170.087553046] [move_group.moveit.moveit.ros.move_group.cartesian_path_service_capability]: Computed Cartesian path with 22 points (followed 100.000000% of requested trajectory)
[move_group-2] [INFO] [1789285170.094283597] [move_group.moveit.moveit.ros.move_group.cartesian_path_service_capability]: Received request to compute Cartesian path
[move_group-2] [INFO] [1789285170.094368237] [move_group.moveit.moveit.ros.move_group.cartesian_path_service_capability]: Attempting to follow 11 waypoints for link 'panda_hand' using a step of 0.010000 m and jump threshold 0.000000 (in global reference frame)
[move_group-2] [INFO] [1789285170.097906201] [move_group.moveit.moveit.ros.move_group.cartesian_path_service_capability]: Computed Cartesian path with 22 points (followed 100.000000% of requested trajectory)
[move_group-2] [INFO] [1789285170.106512503] [move_group.moveit.moveit.ros.move_group.cartesian_path_service_capability]: Received request to compute Cartesian path
[move_group-2] [INFO] [1789285170.106598583] [move_group.moveit.moveit.ros.move_group.cartesian_path_service_capability]: Attempting to follow 11 waypoints for link 'panda_hand' using a step of 0.010000 m and jump threshold 0.000000 (in global reference frame)
[move_group-2] [INFO] [1789285170.110850150] [move_group.moveit.moveit.ros.move_group.cartesian_path_service_capability]: Computed Cartesian path with 22 points (followed 100.000000% of requested trajectory)
[move_group-2] [INFO] [1789285170.151441907] [move_group.moveit.moveit.ros.move_group.cartesian_path_service_capability]: Received request to compute Cartesian path
[move_group-2] [INFO] [1789285170.151536979] [move_group.moveit.moveit.ros.move_group.cartesian_path_service_capability]: Attempting to follow 11 waypoints for link 'panda_hand' using a step of 0.010000 m and jump threshold 0.000000 (in global reference frame)
[move_group-2] [INFO] [1789285170.155422369] [move_group.moveit.moveit.ros.move_group.cartesian_path_service_capability]: Computed Cartesian path with 22 points (followed 100.000000% of requested trajectory)
[move_group-2] [INFO] [1789285170.157452936] [move_group.moveit.moveit.ros.move_group.cartesian_path_service_capability]: Received request to compute Cartesian path
[move_group-2] [INFO] [1789285170.157519976] [move_group.moveit.moveit.ros.move_group.cartesian_path_service_capability]: Attempting to follow 11 waypoints for link 'panda_hand' using a step of 0.010000 m and jump threshold 0.000000 (in global reference frame)
[move_group-2] [INFO] [1789285170.161634006] [move_group.moveit.moveit.ros.move_group.cartesian_path_service_capability]: Computed Cartesian path with 22 points (followed 100.000000% of requested trajectory)
[move_group-2] [INFO] [1789285170.170076147] [move_group.moveit.moveit.ros.move_group.cartesian_path_service_capability]: Received request to compute Cartesian path
[move_group-2] [INFO] [1789285170.170159604] [move_group.moveit.moveit.ros.move_group.cartesian_path_service_capability]: Attempting to follow 11 waypoints for link 'panda_hand' using a step of 0.010000 m and jump threshold 0.000000 (in global reference frame)
[move_group-2] [INFO] [1789285170.174332002] [move_group.moveit.moveit.ros.move_group.cartesian_path_service_capability]: Computed Cartesian path with 22 points (followed 100.000000% of requested trajectory)
[move_group-2] [INFO] [1789285170.186741549] [move_group.moveit.moveit.ros.move_group.cartesian_path_service_capability]: Received request to compute Cartesian path
[move_group-2] [INFO] [1789285170.186825037] [move_group.moveit.moveit.ros.move_group.cartesian_path_service_capability]: Attempting to follow 11 waypoints for link 'panda_hand' using a step of 0.010000 m and jump threshold 0.000000 (in global reference frame)
[move_group-2] [INFO] [1789285170.190418906] [move_group.moveit.moveit.ros.move_group.cartesian_path_service_capability]: Computed Cartesian path with 22 points (followed 100.000000% of requested trajectory)
[move_group-2] [INFO] [1789285170.198478614] [move_group.moveit.moveit.ros.move_group.cartesian_path_service_capability]: Received request to compute Cartesian path
[move_group-2] [INFO] [1789285170.198575862] [move_group.moveit.moveit.ros.move_group.cartesian_path_service_capability]: Attempting to follow 11 waypoints for link 'panda_hand' using a step of 0.010000 m and jump threshold 0.000000 (in global reference frame)
[move_group-2] [INFO] [1789285170.202284899] [move_group.moveit.moveit.ros.move_group.cartesian_path_service_capability]: Computed Cartesian path with 22 points (followed 100.000000% of requested trajectory)
[move_group-2] [INFO] [1789285170.212761287] [move_group.moveit.moveit.ros.move_group.cartesian_path_service_capability]: Received request to compute Cartesian path
[move_group-2] [INFO] [1789285170.212894792] [move_group.moveit.moveit.ros.move_group.cartesian_path_service_capability]: Attempting to follow 11 waypoints for link 'panda_hand' using a step of 0.010000 m and jump threshold 0.000000 (in global reference frame)
[move_group-2] [INFO] [1789285170.217086422] [move_group.moveit.moveit.ros.move_group.cartesian_path_service_capability]: Computed Cartesian path with 22 points (followed 100.000000% of requested trajectory)
[move_group-2] [INFO] [1789285170.219276286] [move_group.moveit.moveit.ros.move_group.cartesian_path_service_capability]: Received request to compute Cartesian path
[move_group-2] [INFO] [1789285170.219379358] [move_group.moveit.moveit.ros.move_group.cartesian_path_service_capability]: Attempting to follow 11 waypoints for link 'panda_hand' using a step of 0.010000 m and jump threshold 0.000000 (in global reference frame)
[move_group-2] [INFO] [1789285170.222971915] [move_group.moveit.moveit.ros.move_group.cartesian_path_service_capability]: Computed Cartesian path with 22 points (followed 100.000000% of requested trajectory)
[move_group-2] [INFO] [1789285170.245469433] [move_group.moveit.moveit.ros.move_group.cartesian_path_service_capability]: Received request to compute Cartesian path
[move_group-2] [INFO] [1789285170.245574105] [move_group.moveit.moveit.ros.move_group.cartesian_path_service_capability]: Attempting to follow 11 waypoints for link 'panda_hand' using a step of 0.010000 m and jump threshold 0.000000 (in global reference frame)
[move_group-2] [INFO] [1789285170.249102661] [move_group.moveit.moveit.ros.move_group.cartesian_path_service_capability]: Computed Cartesian path with 22 points (followed 100.000000% of requested trajectory)
[move_group-2] [INFO] [1789285170.251595470] [move_group.moveit.moveit.ros.move_group.cartesian_path_service_capability]: Received request to compute Cartesian path
[move_group-2] [INFO] [1789285170.251671790] [move_group.moveit.moveit.ros.move_group.cartesian_path_service_capability]: Attempting to follow 11 waypoints for link 'panda_hand' using a step of 0.010000 m and jump threshold 0.000000 (in global reference frame)
[move_group-2] [INFO] [1789285170.255794172] [move_group.moveit.moveit.ros.move_group.cartesian_path_service_capability]: Computed Cartesian path with 22 points (followed 100.000000% of requested trajectory)
[move_group-2] [INFO] [1789285170.260142635] [move_group.moveit.moveit.ros.move_group.cartesian_path_service_capability]: Received request to compute Cartesian path
[move_group-2] [INFO] [1789285170.260227244] [move_group.moveit.moveit.ros.move_group.cartesian_path_service_capability]: Attempting to follow 11 waypoints for link 'panda_hand' using a step of 0.010000 m and jump threshold 0.000000 (in global reference frame)
[move_group-2] [INFO] [1789285170.263863832] [move_group.moveit.moveit.ros.move_group.cartesian_path_service_capability]: Computed Cartesian path with 22 points (followed 100.000000% of requested trajectory)
[move_group-2] [INFO] [1789285170.279738543] [move_group.moveit.moveit.ros.move_group.cartesian_path_service_capability]: Received request to compute Cartesian path
[move_group-2] [INFO] [1789285170.279838736] [move_group.moveit.moveit.ros.move_group.cartesian_path_service_capability]: Attempting to follow 11 waypoints for link 'panda_hand' using a step of 0.010000 m and jump threshold 0.000000 (in global reference frame)
[move_group-2] [INFO] [1789285170.283539484] [move_group.moveit.moveit.ros.move_group.cartesian_path_service_capability]: Computed Cartesian path with 22 points (followed 100.000000% of requested trajectory)
[move_group-2] [INFO] [1789285170.290181715] [move_group.moveit.moveit.ros.move_group.cartesian_path_service_capability]: Received request to compute Cartesian path
[move_group-2] [INFO] [1789285170.290282420] [move_group.moveit.moveit.ros.move_group.cartesian_path_service_capability]: Attempting to follow 11 waypoints for link 'panda_hand' using a step of 0.010000 m and jump threshold 0.000000 (in global reference frame)
[move_group-2] [INFO] [1789285170.294577475] [move_group.moveit.moveit.ros.move_group.cartesian_path_service_capability]: Computed Cartesian path with 22 points (followed 100.000000% of requested trajectory)
[move_group-2] [INFO] [1789285170.297027051] [move_group.moveit.moveit.ros.move_group.cartesian_path_service_capability]: Received request to compute Cartesian path
[move_group-2] [INFO] [1789285170.297137099] [move_group.moveit.moveit.ros.move_group.cartesian_path_service_capability]: Attempting to follow 11 waypoints for link 'panda_hand' using a step of 0.010000 m and jump threshold 0.000000 (in global reference frame)
[move_group-2] [INFO] [1789285170.300444343] [move_group.moveit.moveit.ros.move_group.cartesian_path_service_capability]: Computed Cartesian path with 22 points (followed 100.000000% of requested trajectory)
[move_group-2] [INFO] [1789285170.303379969] [move_group.moveit.moveit.ros.move_group.cartesian_path_service_capability]: Received request to compute Cartesian path
[move_group-2] [INFO] [1789285170.303457953] [move_group.moveit.moveit.ros.move_group.cartesian_path_service_capability]: Attempting to follow 11 waypoints for link 'panda_hand' using a step of 0.010000 m and jump threshold 0.000000 (in global reference frame)
[move_group-2] [INFO] [1789285170.306763501] [move_group.moveit.moveit.ros.move_group.cartesian_path_service_capability]: Computed Cartesian path with 22 points (followed 100.000000% of requested trajectory)
[move_group-2] [INFO] [1789285170.310019640] [move_group.moveit.moveit.ros.move_group.cartesian_path_service_capability]: Received request to compute Cartesian path
[move_group-2] [INFO] [1789285170.310124152] [move_group.moveit.moveit.ros.move_group.cartesian_path_service_capability]: Attempting to follow 11 waypoints for link 'panda_hand' using a step of 0.010000 m and jump threshold 0.000000 (in global reference frame)
[move_group-2] [INFO] [1789285170.313596964] [move_group.moveit.moveit.ros.move_group.cartesian_path_service_capability]: Computed Cartesian path with 22 points (followed 100.000000% of requested trajectory)
[move_group-2] [INFO] [1789285170.318246837] [move_group.moveit.moveit.ros.move_group.cartesian_path_service_capability]: Received request to compute Cartesian path
[move_group-2] [INFO] [1789285170.318344149] [move_group.moveit.moveit.ros.move_group.cartesian_path_service_capability]: Attempting to follow 11 waypoints for link 'panda_hand' using a step of 0.010000 m and jump threshold 0.000000 (in global reference frame)
[move_group-2] [INFO] [1789285170.322240226] [move_group.moveit.moveit.ros.move_group.cartesian_path_service_capability]: Computed Cartesian path with 22 points (followed 100.000000% of requested trajectory)
[move_group-2] [WARN] [1789285171.877486061] [move_group.moveit.moveit.core.planning_scene]: Tried to remove world object 'mw_door', but it does not exist in this scene.
[move_group-2] [INFO] [1789285171.883554786] [move_group.moveit.moveit.ros.move_group.cartesian_path_service_capability]: Received request to compute Cartesian path
[move_group-2] [INFO] [1789285171.883667330] [move_group.moveit.moveit.ros.move_group.cartesian_path_service_capability]: Attempting to follow 30 waypoints for link 'panda_hand' using a step of 0.010000 m and jump threshold 0.000000 (in global reference frame)
[move_group-2] [INFO] [1789285171.899450873] [move_group.moveit.moveit.ros.move_group.cartesian_path_service_capability]: Computed Cartesian path with 60 points (followed 100.000000% of requested trajectory)
[move_group-2] [INFO] [1789285171.903491559] [move_group.moveit.moveit.ros.move_group.cartesian_path_service_capability]: Received request to compute Cartesian path
[move_group-2] [INFO] [1789285171.903581735] [move_group.moveit.moveit.ros.move_group.cartesian_path_service_capability]: Attempting to follow 30 waypoints for link 'panda_hand' using a step of 0.010000 m and jump threshold 0.000000 (in global reference frame)
[move_group-2] [INFO] [1789285171.922428905] [move_group.moveit.moveit.ros.move_group.cartesian_path_service_capability]: Computed Cartesian path with 60 points (followed 100.000000% of requested trajectory)
[move_group-2] [INFO] [1789285171.930990534] [move_group.moveit.moveit.ros.move_group.cartesian_path_service_capability]: Received request to compute Cartesian path
[move_group-2] [INFO] [1789285171.931094951] [move_group.moveit.moveit.ros.move_group.cartesian_path_service_capability]: Attempting to follow 30 waypoints for link 'panda_hand' using a step of 0.010000 m and jump threshold 0.000000 (in global reference frame)
[move_group-2] [INFO] [1789285171.951433805] [move_group.moveit.moveit.ros.move_group.cartesian_path_service_capability]: Computed Cartesian path with 60 points (followed 100.000000% of requested trajectory)
[move_group-2] [INFO] [1789285171.954978393] [move_group.moveit.moveit.ros.move_group.cartesian_path_service_capability]: Received request to compute Cartesian path
[move_group-2] [INFO] [1789285171.955081946] [move_group.moveit.moveit.ros.move_group.cartesian_path_service_capability]: Attempting to follow 30 waypoints for link 'panda_hand' using a step of 0.010000 m and jump threshold 0.000000 (in global reference frame)
[move_group-2] [INFO] [1789285171.970566927] [move_group.moveit.moveit.ros.move_group.cartesian_path_service_capability]: Computed Cartesian path with 60 points (followed 100.000000% of requested trajectory)
[move_group-2] [INFO] [1789285171.976924229] [move_group.moveit.moveit.ros.move_group.cartesian_path_service_capability]: Received request to compute Cartesian path
[move_group-2] [INFO] [1789285171.977007302] [move_group.moveit.moveit.ros.move_group.cartesian_path_service_capability]: Attempting to follow 30 waypoints for link 'panda_hand' using a step of 0.010000 m and jump threshold 0.000000 (in global reference frame)
[move_group-2] [INFO] [1789285171.998104911] [move_group.moveit.moveit.ros.move_group.cartesian_path_service_capability]: Computed Cartesian path with 60 points (followed 100.000000% of requested trajectory)
[move_group-2] [INFO] [1789285172.001607547] [move_group.moveit.moveit.ros.move_group.cartesian_path_service_capability]: Received request to compute Cartesian path
[move_group-2] [INFO] [1789285172.001696283] [move_group.moveit.moveit.ros.move_group.cartesian_path_service_capability]: Attempting to follow 30 waypoints for link 'panda_hand' using a step of 0.010000 m and jump threshold 0.000000 (in global reference frame)
[move_group-2] [INFO] [1789285172.020123259] [move_group.moveit.moveit.ros.move_group.cartesian_path_service_capability]: Computed Cartesian path with 60 points (followed 100.000000% of requested trajectory)
[move_group-2] [INFO] [1789285172.034231532] [move_group.moveit.moveit.ros.move_group.cartesian_path_service_capability]: Received request to compute Cartesian path
[move_group-2] [INFO] [1789285172.034307084] [move_group.moveit.moveit.ros.move_group.cartesian_path_service_capability]: Attempting to follow 30 waypoints for link 'panda_hand' using a step of 0.010000 m and jump threshold 0.000000 (in global reference frame)
[move_group-2] [INFO] [1789285172.054697203] [move_group.moveit.moveit.ros.move_group.cartesian_path_service_capability]: Computed Cartesian path with 60 points (followed 100.000000% of requested trajectory)
[move_group-2] [INFO] [1789285172.059537828] [move_group.moveit.moveit.ros.move_group.cartesian_path_service_capability]: Received request to compute Cartesian path
[move_group-2] [INFO] [1789285172.059622692] [move_group.moveit.moveit.ros.move_group.cartesian_path_service_capability]: Attempting to follow 30 waypoints for link 'panda_hand' using a step of 0.010000 m and jump threshold 0.000000 (in global reference frame)
[move_group-2] [INFO] [1789285172.076000061] [move_group.moveit.moveit.ros.move_group.cartesian_path_service_capability]: Computed Cartesian path with 60 points (followed 100.000000% of requested trajectory)
[move_group-2] [INFO] [1789285172.085577854] [move_group.moveit.moveit.ros.move_group.cartesian_path_service_capability]: Received request to compute Cartesian path
[move_group-2] [INFO] [1789285172.085662718] [move_group.moveit.moveit.ros.move_group.cartesian_path_service_capability]: Attempting to follow 30 waypoints for link 'panda_hand' using a step of 0.010000 m and jump threshold 0.000000 (in global reference frame)
[move_group-2] [INFO] [1789285172.102948858] [move_group.moveit.moveit.ros.move_group.cartesian_path_service_capability]: Computed Cartesian path with 60 points (followed 100.000000% of requested trajectory)
[move_group-2] [INFO] [1789285172.105947908] [move_group.moveit.moveit.ros.move_group.cartesian_path_service_capability]: Received request to compute Cartesian path
[move_group-2] [INFO] [1789285172.106078629] [move_group.moveit.moveit.ros.move_group.cartesian_path_service_capability]: Attempting to follow 30 waypoints for link 'panda_hand' using a step of 0.010000 m and jump threshold 0.000000 (in global reference frame)
[move_group-2] [INFO] [1789285172.124624869] [move_group.moveit.moveit.ros.move_group.cartesian_path_service_capability]: Computed Cartesian path with 60 points (followed 100.000000% of requested trajectory)
[move_group-2] [INFO] [1789285172.142533315] [move_group.moveit.moveit.ros.move_group.cartesian_path_service_capability]: Received request to compute Cartesian path
[move_group-2] [INFO] [1789285172.142620771] [move_group.moveit.moveit.ros.move_group.cartesian_path_service_capability]: Attempting to follow 30 waypoints for link 'panda_hand' using a step of 0.010000 m and jump threshold 0.000000 (in global reference frame)
[move_group-2] [INFO] [1789285172.162341480] [move_group.moveit.moveit.ros.move_group.cartesian_path_service_capability]: Computed Cartesian path with 60 points (followed 100.000000% of requested trajectory)
[move_group-2] [INFO] [1789285172.173061965] [move_group.moveit.moveit.ros.move_group.cartesian_path_service_capability]: Received request to compute Cartesian path
[move_group-2] [INFO] [1789285172.173139693] [move_group.moveit.moveit.ros.move_group.cartesian_path_service_capability]: Attempting to follow 30 waypoints for link 'panda_hand' using a step of 0.010000 m and jump threshold 0.000000 (in global reference frame)
[move_group-2] [INFO] [1789285172.190114888] [move_group.moveit.moveit.ros.move_group.cartesian_path_service_capability]: Computed Cartesian path with 60 points (followed 100.000000% of requested trajectory)
[move_group-2] [INFO] [1789285172.193091410] [move_group.moveit.moveit.ros.move_group.cartesian_path_service_capability]: Received request to compute Cartesian path
[move_group-2] [INFO] [1789285172.193173714] [move_group.moveit.moveit.ros.move_group.cartesian_path_service_capability]: Attempting to follow 30 waypoints for link 'panda_hand' using a step of 0.010000 m and jump threshold 0.000000 (in global reference frame)
[move_group-2] [INFO] [1789285172.211685139] [move_group.moveit.moveit.ros.move_group.cartesian_path_service_capability]: Computed Cartesian path with 60 points (followed 100.000000% of requested trajectory)
[move_group-2] [INFO] [1789285172.225306338] [move_group.moveit.moveit.ros.move_group.cartesian_path_service_capability]: Received request to compute Cartesian path
[move_group-2] [INFO] [1789285172.225389378] [move_group.moveit.moveit.ros.move_group.cartesian_path_service_capability]: Attempting to follow 30 waypoints for link 'panda_hand' using a step of 0.010000 m and jump threshold 0.000000 (in global reference frame)
[move_group-2] [INFO] [1789285172.241759963] [move_group.moveit.moveit.ros.move_group.cartesian_path_service_capability]: Computed Cartesian path with 60 points (followed 100.000000% of requested trajectory)
[move_group-2] [INFO] [1789285172.247307310] [move_group.moveit.moveit.ros.move_group.cartesian_path_service_capability]: Received request to compute Cartesian path
[move_group-2] [INFO] [1789285172.247384814] [move_group.moveit.moveit.ros.move_group.cartesian_path_service_capability]: Attempting to follow 30 waypoints for link 'panda_hand' using a step of 0.010000 m and jump threshold 0.000000 (in global reference frame)
[move_group-2] [INFO] [1789285172.262679203] [move_group.moveit.moveit.ros.move_group.cartesian_path_service_capability]: Computed Cartesian path with 60 points (followed 100.000000% of requested trajectory)
[move_group-2] [INFO] [1789285172.265766414] [move_group.moveit.moveit.ros.move_group.cartesian_path_service_capability]: Received request to compute Cartesian path
[move_group-2] [INFO] [1789285172.265846734] [move_group.moveit.moveit.ros.move_group.cartesian_path_service_capability]: Attempting to follow 30 waypoints for link 'panda_hand' using a step of 0.010000 m and jump threshold 0.000000 (in global reference frame)
[move_group-2] [INFO] [1789285172.281384580] [move_group.moveit.moveit.ros.move_group.cartesian_path_service_capability]: Computed Cartesian path with 60 points (followed 100.000000% of requested trajectory)
[move_group-2] [INFO] [1789285172.290074882] [move_group.moveit.moveit.ros.move_group.cartesian_path_service_capability]: Received request to compute Cartesian path
[move_group-2] [INFO] [1789285172.290144226] [move_group.moveit.moveit.ros.move_group.cartesian_path_service_capability]: Attempting to follow 30 waypoints for link 'panda_hand' using a step of 0.010000 m and jump threshold 0.000000 (in global reference frame)
[move_group-2] [INFO] [1789285172.305565176] [move_group.moveit.moveit.ros.move_group.cartesian_path_service_capability]: Computed Cartesian path with 60 points (followed 100.000000% of requested trajectory)
[move_group-2] [INFO] [1789285172.308938148] [move_group.moveit.moveit.ros.move_group.cartesian_path_service_capability]: Received request to compute Cartesian path
[move_group-2] [INFO] [1789285172.309006468] [move_group.moveit.moveit.ros.move_group.cartesian_path_service_capability]: Attempting to follow 30 waypoints for link 'panda_hand' using a step of 0.010000 m and jump threshold 0.000000 (in global reference frame)
[move_group-2] [INFO] [1789285172.325257564] [move_group.moveit.moveit.ros.move_group.cartesian_path_service_capability]: Computed Cartesian path with 60 points (followed 100.000000% of requested trajectory)
[move_group-2] [INFO] [1789285172.329588459] [move_group.moveit.moveit.ros.move_group.cartesian_path_service_capability]: Received request to compute Cartesian path
[move_group-2] [INFO] [1789285172.329679883] [move_group.moveit.moveit.ros.move_group.cartesian_path_service_capability]: Attempting to follow 30 waypoints for link 'panda_hand' using a step of 0.010000 m and jump threshold 0.000000 (in global reference frame)
[move_group-2] [INFO] [1789285172.349254831] [move_group.moveit.moveit.ros.move_group.cartesian_path_service_capability]: Computed Cartesian path with 60 points (followed 100.000000% of requested trajectory)
[move_group-2] [INFO] [1789285172.354944227] [move_group.moveit.moveit.ros.move_group.cartesian_path_service_capability]: Received request to compute Cartesian path
[move_group-2] [INFO] [1789285172.355033731] [move_group.moveit.moveit.ros.move_group.cartesian_path_service_capability]: Attempting to follow 30 waypoints for link 'panda_hand' using a step of 0.010000 m and jump threshold 0.000000 (in global reference frame)
[move_group-2] [INFO] [1789285172.374395206] [move_group.moveit.moveit.ros.move_group.cartesian_path_service_capability]: Computed Cartesian path with 60 points (followed 100.000000% of requested trajectory)
[move_group-2] [INFO] [1789285172.378238931] [move_group.moveit.moveit.ros.move_group.cartesian_path_service_capability]: Received request to compute Cartesian path
[move_group-2] [INFO] [1789285172.378442772] [move_group.moveit.moveit.ros.move_group.cartesian_path_service_capability]: Attempting to follow 30 waypoints for link 'panda_hand' using a step of 0.010000 m and jump threshold 0.000000 (in global reference frame)
[move_group-2] [INFO] [1789285172.395669392] [move_group.moveit.moveit.ros.move_group.cartesian_path_service_capability]: Computed Cartesian path with 60 points (followed 100.000000% of requested trajectory)
[move_group-2] [INFO] [1789285172.399939999] [move_group.moveit.moveit.ros.move_group.cartesian_path_service_capability]: Received request to compute Cartesian path
[move_group-2] [INFO] [1789285172.400031743] [move_group.moveit.moveit.ros.move_group.cartesian_path_service_capability]: Attempting to follow 30 waypoints for link 'panda_hand' using a step of 0.010000 m and jump threshold 0.000000 (in global reference frame)
[move_group-2] [INFO] [1789285172.418304926] [move_group.moveit.moveit.ros.move_group.cartesian_path_service_capability]: Computed Cartesian path with 60 points (followed 100.000000% of requested trajectory)
[move_group-2] [INFO] [1789285172.421628106] [move_group.moveit.moveit.ros.move_group.cartesian_path_service_capability]: Received request to compute Cartesian path
[move_group-2] [INFO] [1789285172.421719882] [move_group.moveit.moveit.ros.move_group.cartesian_path_service_capability]: Attempting to follow 30 waypoints for link 'panda_hand' using a step of 0.010000 m and jump threshold 0.000000 (in global reference frame)
[move_group-2] [INFO] [1789285172.437015103] [move_group.moveit.moveit.ros.move_group.cartesian_path_service_capability]: Computed Cartesian path with 60 points (followed 100.000000% of requested trajectory)
[move_group-2] [INFO] [1789285232.844747754] [move_group.moveit.moveit.ros.move_group.cartesian_path_service_capability]: Received request to compute Cartesian path
[move_group-2] [INFO] [1789285232.844861258] [move_group.moveit.moveit.ros.move_group.cartesian_path_service_capability]: Attempting to follow 30 waypoints for link 'panda_hand' using a step of 0.010000 m and jump threshold 0.000000 (in global reference frame)
[move_group-2] [INFO] [1789285232.860286911] [move_group.moveit.moveit.ros.move_group.cartesian_path_service_capability]: Computed Cartesian path with 60 points (followed 100.000000% of requested trajectory)
[move_group-2] [INFO] [1789285279.489447975] [move_group.moveit.moveit.ros.move_group.cartesian_path_service_capability]: Received request to compute Cartesian path
[move_group-2] [INFO] [1789285279.489607304] [move_group.moveit.moveit.ros.move_group.cartesian_path_service_capability]: Attempting to follow 30 waypoints for link 'panda_hand' using a step of 0.010000 m and jump threshold 0.000000 (in global reference frame)
[move_group-2] [INFO] [1789285279.505394462] [move_group.moveit.moveit.ros.move_group.cartesian_path_service_capability]: Computed Cartesian path with 60 points (followed 100.000000% of requested trajectory)
[move_group-2] [INFO] [1789285286.404495333] [move_group.moveit.moveit.ros.move_group.cartesian_path_service_capability]: Received request to compute Cartesian path
[move_group-2] [INFO] [1789285286.404598310] [move_group.moveit.moveit.ros.move_group.cartesian_path_service_capability]: Attempting to follow 30 waypoints for link 'panda_hand' using a step of 0.010000 m and jump threshold 0.000000 (in global reference frame)
[move_group-2] [INFO] [1789285286.420195611] [move_group.moveit.moveit.ros.move_group.cartesian_path_service_capability]: Computed Cartesian path with 60 points (followed 100.000000% of requested trajectory)
[move_group-2] [INFO] [1789285291.264310787] [move_group.moveit.moveit.ros.move_group.cartesian_path_service_capability]: Received request to compute Cartesian path
[move_group-2] [INFO] [1789285291.264446371] [move_group.moveit.moveit.ros.move_group.cartesian_path_service_capability]: Attempting to follow 2 waypoints for link 'panda_hand' using a step of 0.010000 m and jump threshold 0.000000 (in global reference frame)
[move_group-2] [INFO] [1789285291.267677134] [move_group.moveit.moveit.ros.move_group.cartesian_path_service_capability]: Computed Cartesian path with 19 points (followed 100.000000% of requested trajectory)
[move_group-2] [INFO] [1789285301.765431974] [move_group.moveit.moveit.ros.move_group.move_action]: MoveGroupMoveAction: Received request
[move_group-2] [INFO] [1789285301.765771719] [move_group.moveit.moveit.ros.move_group.move_action]: executing..
[move_group-2] [INFO] [1789285301.765970696] [move_group.moveit.moveit.ros.move_group.move_action]: Planning request received for MoveGroup action. Forwarding to planning pipeline.
[move_group-2] [INFO] [1789285301.766444906] [move_group]: Calling PlanningRequestAdapter 'ResolveConstraintFrames'
[move_group-2] [INFO] [1789285301.766480938] [move_group]: Calling PlanningRequestAdapter 'ValidateWorkspaceBounds'
[move_group-2] [WARN] [1789285301.766489930] [move_group.moveit.moveit.ros.validate_workspace_bounds]: It looks like the planning volume was not specified. Using default values.
[move_group-2] [INFO] [1789285301.766508362] [move_group]: Calling PlanningRequestAdapter 'CheckStartStateBounds'
[move_group-2] [INFO] [1789285301.766539402] [move_group]: Calling PlanningRequestAdapter 'CheckStartStateCollision'
[move_group-2] [INFO] [1789285301.766919723] [move_group.moveit.moveit.planners.ompl.model_based_planning_context]: Planner configuration 'panda_arm' will use planner 'geometric::RRTConnect'. Additional configuration parameters will be set when the planner is constructed.
[move_group-2] [INFO] [1789285301.767026188] [move_group]: Calling Planner 'OMPL'
[move_group-2] [INFO] [1789285301.780754938] [move_group]: Calling PlanningResponseAdapter 'AddTimeOptimalParameterization'
[move_group-2] [INFO] [1789285301.788736662] [move_group]: Calling PlanningResponseAdapter 'ValidateSolution'
[move_group-2] [INFO] [1789285301.789756121] [move_group]: Calling PlanningResponseAdapter 'DisplayMotionPath'
[move_group-2] [WARN] [1789285301.789868121] [move_group.moveit.moveit.ros.planning_pipeline]: The planner plugin did not fill out the 'planner_id' field of the MotionPlanResponse. Setting it to the planner ID name of the MotionPlanRequest assuming that the planner plugin does warn you if it does not use the requested planner.
[move_group-2] [INFO] [1789285301.789954490] [move_group.moveit.moveit.ros.move_group.move_action]: Motion plan was computed successfully.
[move_group-2] [INFO] [1789285349.764591632] [move_group.moveit.moveit.ros.move_group.cartesian_path_service_capability]: Received request to compute Cartesian path
[move_group-2] [INFO] [1789285349.764745201] [move_group.moveit.moveit.ros.move_group.cartesian_path_service_capability]: Attempting to follow 1 waypoints for link 'panda_hand' using a step of 0.010000 m and jump threshold 0.000000 (in global reference frame)
[move_group-2] [INFO] [1789285349.765860628] [move_group.moveit.moveit.ros.move_group.cartesian_path_service_capability]: Computed Cartesian path with 6 points (followed 100.000000% of requested trajectory)
[move_group-2] [INFO] [1789285357.265102267] [move_group.moveit.moveit.ros.move_group.cartesian_path_service_capability]: Received request to compute Cartesian path
[move_group-2] [INFO] [1789285357.265473084] [move_group.moveit.moveit.ros.move_group.cartesian_path_service_capability]: Attempting to follow 30 waypoints for link 'panda_hand' using a step of 0.010000 m and jump threshold 0.000000 (in global reference frame)
[move_group-2] [INFO] [1789285357.281617267] [move_group.moveit.moveit.ros.move_group.cartesian_path_service_capability]: Computed Cartesian path with 60 points (followed 100.000000% of requested trajectory)
[move_group-2] [INFO] [1789285396.764560715] [move_group.moveit.moveit.ros.move_group.cartesian_path_service_capability]: Received request to compute Cartesian path
[move_group-2] [INFO] [1789285396.764776427] [move_group.moveit.moveit.ros.move_group.cartesian_path_service_capability]: Attempting to follow 2 waypoints for link 'panda_hand' using a step of 0.010000 m and jump threshold 0.000000 (in global reference frame)
[move_group-2] [INFO] [1789285396.766794578] [move_group.moveit.moveit.ros.move_group.cartesian_path_service_capability]: Computed Cartesian path with 14 points (followed 100.000000% of requested trajectory)
